-- phpMyAdmin SQL Dump
-- version 4.1.12
-- http://www.phpmyadmin.net
--
-- Host: 127.0.0.1
-- Generation Time: Oct 10, 2014 at 02:30 PM
-- Server version: 5.6.16
-- PHP Version: 5.5.11

SET FOREIGN_KEY_CHECKS=0;
SET SQL_MODE = "NO_AUTO_VALUE_ON_ZERO";
SET AUTOCOMMIT = 0;
START TRANSACTION;
SET time_zone = "+00:00";

--
-- Database: `kuchbhi`
--

DELIMITER $$
--
-- Procedures
--
CREATE DEFINER=`root`@`localhost` PROCEDURE `CREATEPAPERNEW`(IN examid INT, IN candidateid INT)
BEGIN
        #BEGIN
        DECLARE total_number_of_questions INT DEFAULT 0;
        DECLARE exam_duration INT DEFAULT 0;
        DECLARE total_marks INT DEFAULT 0;
        
        DECLARE exam_parameter_count INT DEFAULT 0;
        DECLARE questions INT DEFAULT 0;
        DECLARE topic INT DEFAULT 0;
        DECLARE difficulty_level INT DEFAULT 0;
        DECLARE temp_counter INT DEFAULT 0;
        DECLARE question_paper_number INT DEFAULT 0;
        DECLARE currenttime DATETIME;

        SET currenttime = DATE_FORMAT(NOW(),'%Y-%m-%d %H:%i:%s');

        SELECT total_questions, duration, marks INTO total_number_of_questions, exam_duration, total_marks
        FROM exam WHERE id = examid;

        #create a temp table with all the exam parameters for a particular exam
        DROP TABLE IF EXISTS examparameters;
        CREATE TEMPORARY TABLE IF NOT EXISTS examparameters AS (Select * FROM examparameter where exam_id = examid);
        SET exam_parameter_count = (Select count(1) FROM examparameters);
        #END

        INSERT INTO questionpaper (exam_id, candidate_id, insert_time, last_updated_time)
                           VALUES (examid, candidateid, currenttime, currenttime);

        SET question_paper_number = (SELECT id FROM questionpaper WHERE exam_id = examid ORDER BY id DESC LIMIT 1);

        WHILE temp_counter < exam_parameter_count DO
            SELECT number_of_questions, topic_id, level_id INTO questions, topic, difficulty_level
            FROM examparameters
            WHERE exam_id = examid
            ORDER BY id
            LIMIT temp_counter, 1;

            DROP TABLE IF EXISTS scenariolist;
            CREATE TEMPORARY TABLE IF NOT EXISTS scenariolist AS(
            SELECT scenario_id FROM question q
            INNER JOIN questiontopicrelation qt ON qt.question_id = q.id
            WHERE qt.topic_id = topic
            AND q.level_id = difficulty_level
            GROUP BY scenario_id
            HAVING COUNT(1) >= 2);

            DROP TABLE IF EXISTS questionscenariolist;
            CREATE TEMPORARY TABLE IF NOT EXISTS questionscenariolist AS(
            SELECT q.id question_number, s.id scenario_number FROM question q
            INNER JOIN scenariolist sl ON sl.scenario_id = q.scenario_id
            INNER JOIN scenario s ON s.id = sl.scenario_id
            ORDER BY s.usage_count, s.id, q.usage_count, q.id);

            #SELECT * FROM questionscenariolist;

            INSERT INTO questionpaperdetail (question_paper_id, question_id, insert_time, last_updated_time)
            SELECT question_paper_number, question_number, currenttime, currenttime FROM questionscenariolist
            WHERE question_number NOT IN (SELECT question_id FROM questionpaperdetail WHERE question_paper_id = question_paper_number)
            LIMIT 0, questions;

		SET temp_counter = temp_counter + 1;
        END WHILE;

        UPDATE question q
        INNER JOIN questionpaperdetail qpd ON qpd.question_id = q.id
        INNER JOIN scenario s ON s.id = q.scenario_id
        SET q.usage_count = (q.usage_count + 1), s.usage_count = (s.usage_count + 1)
        WHERE qpd.question_paper_id = question_paper_number;

        UPDATE questionpaper qp, questionpaperstatus qps
        SET qp.status_id = qps.id
        WHERE qps.status = 'reviewed and ready to attempt'
        AND qp.id = question_paper_number;

        SET temp_counter = 0;


END$$

DELIMITER ;

-- --------------------------------------------------------

--
-- Table structure for table `answer`
--
-- Creation: Sep 28, 2014 at 07:41 AM
--

CREATE TABLE IF NOT EXISTS `answer` (
  `id` int(11) unsigned NOT NULL AUTO_INCREMENT,
  `option` varchar(255) COLLATE utf8mb4_unicode_ci DEFAULT NULL,
  `description` varchar(255) COLLATE utf8mb4_unicode_ci DEFAULT NULL,
  `is_right_answer` varchar(255) COLLATE utf8mb4_unicode_ci DEFAULT NULL,
  `question_id` int(11) unsigned DEFAULT NULL,
  `insert_time` datetime DEFAULT NULL,
  `last_updated_time` datetime DEFAULT NULL,
  PRIMARY KEY (`id`),
  KEY `index_foreignkey_answer_question` (`question_id`)
) ENGINE=InnoDB  DEFAULT CHARSET=utf8mb4 COLLATE=utf8mb4_unicode_ci AUTO_INCREMENT=189 ;

--
-- RELATIONS FOR TABLE `answer`:
--   `question_id`
--       `question` -> `id`
--

--
-- Dumping data for table `answer`
--

INSERT INTO `answer` (`id`, `option`, `description`, `is_right_answer`, `question_id`, `insert_time`, `last_updated_time`) VALUES
(5, '15', '0', 'false', 2, NULL, NULL),
(6, '14', '0', 'true', 2, NULL, NULL),
(7, '11', '0', 'false', 2, NULL, NULL),
(8, '9', '0', 'false', 2, NULL, NULL),
(9, '1', '0', 'false', 3, NULL, NULL),
(10, '2', '0', 'false', 3, NULL, NULL),
(11, '3', '0', 'true', 3, NULL, NULL),
(12, '4', '0', 'false', 3, NULL, NULL),
(13, '3:2:4', '0', 'true', 4, NULL, NULL),
(14, '1:2:3', '0', 'false', 4, NULL, NULL),
(15, '3:4:6', '0', 'false', 4, NULL, NULL),
(16, '4:5:7', '0', 'false', 4, NULL, NULL),
(17, '6', '0', 'false', 5, NULL, NULL),
(18, '5', '0', 'false', 5, NULL, NULL),
(19, '18', '0', 'false', 5, NULL, NULL),
(20, '12', '0', 'true', 5, NULL, NULL),
(21, '995,', '0', 'false', 6, NULL, NULL),
(22, '1010,', '0', 'false', 6, NULL, NULL),
(23, '990,', '0', 'false', 6, NULL, NULL),
(24, '1005', '0', 'false', 6, NULL, NULL),
(25, '131,', '0', 'true', 7, NULL, NULL),
(26, '127,', '0', 'false', 7, NULL, NULL),
(27, '129,', '0', 'false', 7, NULL, NULL),
(28, '125', '0', 'false', 7, NULL, NULL),
(29, '2280,', '0', 'false', 8, NULL, NULL),
(30, '3220,', '0', 'true', 8, NULL, NULL),
(31, '2330,', '0', 'false', 8, NULL, NULL),
(32, '2360', '0', 'false', 8, NULL, NULL),
(33, '1126,', '0', 'false', 9, NULL, NULL),
(34, '235,', '0', 'false', 9, NULL, NULL),
(35, '3465,', '0', 'true', 9, NULL, NULL),
(36, '245', '0', 'false', 9, NULL, NULL),
(37, '23.3,', '0', 'false', 10, NULL, NULL),
(38, '34.8,', '0', 'false', 10, NULL, NULL),
(39, '35.8,', '0', 'false', 10, NULL, NULL),
(40, '32.9', '0', 'true', 10, NULL, NULL),
(41, '2', '0', 'false', 11, NULL, NULL),
(42, '3', '0', 'true', 11, NULL, NULL),
(43, '4', '0', 'false', 11, NULL, NULL),
(44, '5', '0', 'false', 11, NULL, NULL),
(45, 'Reduction of 12.3', '0', 'false', 12, NULL, NULL),
(46, 'Increase of 12.3', '0', 'false', 12, NULL, NULL),
(47, 'Reduction of 5.6', '0', 'true', 12, NULL, NULL),
(48, 'Increase of 5.6', '0', 'false', 12, NULL, NULL),
(49, 'Operation E in company 1', '0', 'false', 13, NULL, NULL),
(50, 'Operation E in company 4', '0', 'true', 13, NULL, NULL),
(51, 'Operation F in company 5', '0', 'false', 13, NULL, NULL),
(52, 'Operation E in company 5', '0', 'false', 13, NULL, NULL),
(53, 'USA', '0', 'false', 14, NULL, NULL),
(54, 'UK', '0', 'true', 14, NULL, NULL),
(55, 'AUS', '0', 'false', 14, NULL, NULL),
(56, 'SWIT', '0', 'false', 14, NULL, NULL),
(57, 'aaa', '0', 'false', 15, NULL, NULL),
(58, 'bbb', '0', 'false', 15, NULL, NULL),
(59, 'ccc', '0', 'false', 15, NULL, NULL),
(60, 'ddd', '0', 'true', 15, NULL, NULL),
(61, 'Rs. 103.48 crore', '0', 'true', 16, NULL, NULL),
(62, 'Rs. 1023.48 crore', '0', 'false', 16, NULL, NULL),
(63, 'Rs. 1303.48 crore', '0', 'false', 16, NULL, NULL),
(64, 'Rs. 1053.48 crore', '0', 'false', 16, NULL, NULL),
(65, '150, 100, 211, 216, 97', '0', 'false', 17, NULL, NULL),
(66, '150, 1020, 211, 216, 97', '0', 'false', 17, NULL, NULL),
(67, '1530, 100, 211, 216, 97', '0', 'true', 17, NULL, NULL),
(68, '150, 1004, 211, 216, 97', '0', 'false', 17, NULL, NULL),
(69, '1985', '0', 'false', 18, NULL, NULL),
(70, '1982', '0', 'true', 18, NULL, NULL),
(71, '19857', '0', 'false', 18, NULL, NULL),
(72, '19858', '0', 'false', 18, NULL, NULL),
(73, '22.6', '0', 'true', 19, NULL, NULL),
(74, '(b) 32.6', '0', 'false', 19, NULL, NULL),
(75, '(c) 42.5', '0', 'false', 19, NULL, NULL),
(76, '(d) 52.6', '0', 'false', 19, NULL, NULL),
(77, '0.9', '0', 'false', 20, NULL, NULL),
(78, '(b) 0.7', '0', 'false', 20, NULL, NULL),
(79, '(c) 0.6', '0', 'false', 20, NULL, NULL),
(80, '(d) 0.3', '0', 'true', 20, NULL, NULL),
(81, '4 : 1 (', '0', 'false', 21, NULL, NULL),
(82, 'b) 8 : 1', '0', 'false', 21, NULL, NULL),
(83, '(c) 12:1', '0', 'true', 21, NULL, NULL),
(84, '(d) 16 : 1', '0', 'false', 21, NULL, NULL),
(85, 'Rs. 11.4 lakh', '0', 'false', 22, NULL, NULL),
(86, '(b) Rs. 16.4 lakh', '0', 'true', 22, NULL, NULL),
(87, '(c) Rs.21.4 lakh', '0', 'false', 22, NULL, NULL),
(88, '(d) Rs.26.4 lakh', '0', 'false', 22, NULL, NULL),
(89, '39', '0', 'false', 23, NULL, NULL),
(90, '29', '0', 'true', 23, NULL, NULL),
(91, '19', '0', 'false', 23, NULL, NULL),
(92, '9', '0', 'false', 23, NULL, NULL),
(109, 'string', 'answer text', 'false', 28, '2014-10-05 17:02:09', '2014-10-05 17:02:09'),
(110, 'char', 'answer text', 'false', 28, '2014-10-05 17:02:09', '2014-10-05 17:02:09'),
(111, 'int', 'answer text', 'true', 28, '2014-10-05 17:02:09', '2014-10-05 17:02:09'),
(112, 'float', 'answer text', 'false', 28, '2014-10-05 17:02:09', '2014-10-05 17:02:09'),
(113, 'string', 'answer text', 'false', 29, '2014-10-05 17:02:09', '2014-10-05 17:02:09'),
(114, 'char', 'answer text', 'false', 29, '2014-10-05 17:02:09', '2014-10-05 17:02:09'),
(115, 'int', 'answer text', 'true', 29, '2014-10-05 17:02:09', '2014-10-05 17:02:09'),
(116, 'float', 'answer text', 'false', 29, '2014-10-05 17:02:09', '2014-10-05 17:02:09'),
(117, 'Constructor is executed', 'answer text', 'true', 30, '2014-10-06 00:20:53', '2014-10-06 00:20:53'),
(118, 'Constructor is not executed', 'answer text', 'false', 30, '2014-10-06 00:20:53', '2014-10-06 00:20:53'),
(119, 'Destructor is executed', 'answer text', 'false', 30, '2014-10-06 00:20:53', '2014-10-06 00:20:53'),
(120, 'Destructor is not executed', 'answer text', 'false', 30, '2014-10-06 00:20:53', '2014-10-06 00:20:53'),
(121, 'demonstrate construcutor', 'answer text', 'false', 31, '2014-10-06 00:20:53', '2014-10-06 00:20:53'),
(122, 'demonstrate Destructor', 'answer text', 'false', 31, '2014-10-06 00:20:53', '2014-10-06 00:20:53'),
(123, 'demonstrate oops', 'answer text', 'true', 31, '2014-10-06 00:20:53', '2014-10-06 00:20:53'),
(124, 'demonstrate c++', 'answer text', 'false', 31, '2014-10-06 00:20:53', '2014-10-06 00:20:53'),
(125, '0', 'answer text', 'false', 32, '2014-10-06 00:20:53', '2014-10-06 00:20:53'),
(126, '1', 'answer text', 'false', 32, '2014-10-06 00:20:53', '2014-10-06 00:20:53'),
(127, '2', 'answer text', 'true', 32, '2014-10-06 00:20:53', '2014-10-06 00:20:53'),
(128, '3', 'answer text', 'false', 32, '2014-10-06 00:20:53', '2014-10-06 00:20:53'),
(129, '0', 'answer text', 'true', 33, '2014-10-06 00:24:47', '2014-10-06 00:24:47'),
(130, '1', 'answer text', 'false', 33, '2014-10-06 00:24:47', '2014-10-06 00:24:47'),
(131, '2', 'answer text', 'false', 33, '2014-10-06 00:24:47', '2014-10-06 00:24:47'),
(132, '3', 'answer text', 'false', 33, '2014-10-06 00:24:47', '2014-10-06 00:24:47'),
(133, '0', 'answer text', 'false', 34, '2014-10-06 00:24:47', '2014-10-06 00:24:47'),
(134, '1', 'answer text', 'true', 34, '2014-10-06 00:24:47', '2014-10-06 00:24:47'),
(135, '2', 'answer text', 'false', 34, '2014-10-06 00:24:47', '2014-10-06 00:24:47'),
(136, '3', 'answer text', 'false', 34, '2014-10-06 00:24:47', '2014-10-06 00:24:47'),
(137, 'friend class', 'answer text', 'false', 35, '2014-10-06 00:24:47', '2014-10-06 00:24:47'),
(138, 'inheritence', 'answer text', 'true', 35, '2014-10-06 00:24:47', '2014-10-06 00:24:47'),
(139, 'polymorphism', 'answer text', 'false', 35, '2014-10-06 00:24:47', '2014-10-06 00:24:47'),
(140, 'data encapsulation', 'answer text', 'false', 35, '2014-10-06 00:24:47', '2014-10-06 00:24:47'),
(141, 'delegate void del(int i);', 'answer text', 'true', 36, '2014-10-06 00:31:15', '2014-10-06 00:31:15'),
(142, 'delegate int del(int i);', 'answer text', 'false', 36, '2014-10-06 00:31:15', '2014-10-06 00:31:15'),
(143, 'Sample s = new Sample();', 'answer text', 'false', 36, '2014-10-06 00:31:15', '2014-10-06 00:31:15'),
(144, 'Sample s = new Sample();d = new del(ref s.MyFun);', 'answer text', 'false', 36, '2014-10-06 00:31:15', '2014-10-06 00:31:15'),
(145, 'delegate', 'answer text', 'true', 37, '2014-10-06 00:31:15', '2014-10-06 00:31:15'),
(146, 'generics', 'answer text', 'false', 37, '2014-10-06 00:31:15', '2014-10-06 00:31:15'),
(147, 'linq', 'answer text', 'false', 37, '2014-10-06 00:31:15', '2014-10-06 00:31:15'),
(148, 'attribute', 'answer text', 'false', 37, '2014-10-06 00:31:15', '2014-10-06 00:31:15'),
(149, 'On declaring the delegate a class called del will get created.', 'answer text', 'false', 38, '2014-10-06 00:31:15', '2014-10-06 00:31:15'),
(150, 'The del class will be derived from the MulticastDelegate class.', 'answer text', 'false', 38, '2014-10-06 00:31:15', '2014-10-06 00:31:15'),
(151, 'The method that can be called using del should not be a static method.', 'answer text', 'true', 38, '2014-10-06 00:31:15', '2014-10-06 00:31:15'),
(152, 'The del class will contain a one-argument constructor and an lnvoke() method.', 'answer text', 'false', 38, '2014-10-06 00:31:15', '2014-10-06 00:31:15'),
(153, 'Dissimilar elements like "hello", 8.2, 5 cannot be stored in the same Stack collection.', 'answer text', 'false', 39, '2014-10-06 00:35:28', '2014-10-06 00:35:28'),
(154, 'Boolean values can never be stored in Stack collection.', 'answer text', 'false', 39, '2014-10-06 00:35:28', '2014-10-06 00:35:28'),
(155, 'In the fourth call to Push(), we should write "b" in place of ''b''.', 'answer text', 'true', 39, '2014-10-06 00:35:28', '2014-10-06 00:35:28'),
(156, 'This is a perfectly workable code.', 'answer text', 'false', 39, '2014-10-06 00:35:28', '2014-10-06 00:35:28'),
(157, 'It can be used for evaluation of expressions.', 'answer text', 'false', 40, '2014-10-06 00:35:28', '2014-10-06 00:35:28'),
(158, 'All elements in the Stack collection can be accessed using an enumerator.', 'answer text', 'true', 40, '2014-10-06 00:35:28', '2014-10-06 00:35:28'),
(159, 'It is used to maintain a FIFO list.', 'answer text', 'false', 40, '2014-10-06 00:35:28', '2014-10-06 00:35:28'),
(160, 'All elements stored in a Stack collection must be of similar type.', 'answer text', 'false', 40, '2014-10-06 00:35:28', '2014-10-06 00:35:28'),
(161, 't.ContainsKey("Kerala");', 'answer text', 'true', 41, '2014-10-06 00:35:28', '2014-10-06 00:35:28'),
(162, 't.HasValue("Kerala");', 'answer text', 'false', 41, '2014-10-06 00:35:28', '2014-10-06 00:35:28'),
(163, 't.HasKey("Kerala");', 'answer text', 'false', 41, '2014-10-06 00:35:28', '2014-10-06 00:35:28'),
(164, 't.ContainsState("Kerala");', 'answer text', 'false', 41, '2014-10-06 00:35:28', '2014-10-06 00:35:28'),
(165, 'java Myfile 222', 'answer text', 'false', 42, '2014-10-06 00:41:13', '2014-10-06 00:41:13'),
(166, 'java Myfile 1 2 2 3 4', 'answer text', 'false', 42, '2014-10-06 00:41:13', '2014-10-06 00:41:13'),
(167, 'java Myfile 1 3 2 2', 'answer text', 'true', 42, '2014-10-06 00:41:13', '2014-10-06 00:41:13'),
(168, 'java Myfile 0 1 2 3', 'answer text', 'false', 42, '2014-10-06 00:41:13', '2014-10-06 00:41:13'),
(169, '1, 2 and 4', 'answer text', 'false', 43, '2014-10-06 00:41:13', '2014-10-06 00:41:13'),
(170, '2,3 and 4', 'answer text', 'true', 43, '2014-10-06 00:41:13', '2014-10-06 00:41:13'),
(171, '1,2 and 3', 'answer text', 'false', 43, '2014-10-06 00:41:13', '2014-10-06 00:41:13'),
(172, '2 and 3', 'answer text', 'false', 43, '2014-10-06 00:41:13', '2014-10-06 00:41:13'),
(173, 'int a = Math.abs(-5);', 'answer text', 'false', 44, '2014-10-06 00:41:13', '2014-10-06 00:41:13'),
(174, 'int b = Math.abs(5.0);', 'answer text', 'false', 44, '2014-10-06 00:41:13', '2014-10-06 00:41:13'),
(175, 'int c = Math.abs(5.5F);', 'answer text', 'true', 44, '2014-10-06 00:41:13', '2014-10-06 00:41:13'),
(176, 'int d = Math.abs(5L);', 'answer text', 'false', 44, '2014-10-06 00:41:13', '2014-10-06 00:41:13'),
(177, 'after line 5', 'answer text', 'false', 45, '2014-10-06 00:46:18', '2014-10-06 00:46:18'),
(178, 'after line 4', 'answer text', 'false', 45, '2014-10-06 00:46:18', '2014-10-06 00:46:18'),
(179, 'after line 6', 'answer text', 'true', 45, '2014-10-06 00:46:18', '2014-10-06 00:46:18'),
(180, 'after line 7', 'answer text', 'false', 45, '2014-10-06 00:46:18', '2014-10-06 00:46:18'),
(181, 'After line 9', 'answer text', 'false', 46, '2014-10-06 00:46:18', '2014-10-06 00:46:18'),
(182, 'After line 8', 'answer text', 'false', 46, '2014-10-06 00:46:18', '2014-10-06 00:46:18'),
(183, 'After line 10', 'answer text', 'true', 46, '2014-10-06 00:46:18', '2014-10-06 00:46:18'),
(184, 'After line 11', 'answer text', 'false', 46, '2014-10-06 00:46:18', '2014-10-06 00:46:18'),
(185, '0', 'answer text', 'false', 47, '2014-10-06 00:46:18', '2014-10-06 00:46:18'),
(186, '`1', 'answer text', 'true', 47, '2014-10-06 00:46:18', '2014-10-06 00:46:18'),
(187, '2', 'answer text', 'false', 47, '2014-10-06 00:46:18', '2014-10-06 00:46:18'),
(188, '3', 'answer text', 'false', 47, '2014-10-06 00:46:18', '2014-10-06 00:46:18');

-- --------------------------------------------------------

--
-- Table structure for table `candidate`
--
-- Creation: Oct 03, 2014 at 05:38 PM
--

CREATE TABLE IF NOT EXISTS `candidate` (
  `id` int(11) unsigned NOT NULL AUTO_INCREMENT,
  `first_name` varchar(255) COLLATE utf8mb4_unicode_ci DEFAULT NULL,
  `middle_name` varchar(255) COLLATE utf8mb4_unicode_ci DEFAULT NULL,
  `last_name` varchar(255) COLLATE utf8mb4_unicode_ci DEFAULT NULL,
  `experience` int(11) unsigned DEFAULT NULL,
  `user_name` varchar(255) COLLATE utf8mb4_unicode_ci DEFAULT NULL,
  `password` varchar(255) COLLATE utf8mb4_unicode_ci DEFAULT NULL,
  `insert_time` datetime DEFAULT NULL,
  `last_updated_time` datetime DEFAULT NULL,
  PRIMARY KEY (`id`)
) ENGINE=InnoDB  DEFAULT CHARSET=utf8mb4 COLLATE=utf8mb4_unicode_ci AUTO_INCREMENT=10 ;

--
-- Dumping data for table `candidate`
--

INSERT INTO `candidate` (`id`, `first_name`, `middle_name`, `last_name`, `experience`, `user_name`, `password`, `insert_time`, `last_updated_time`) VALUES
(2, 'atul', NULL, 'agrawal', 12, 'atul', 'atulagrawal', NULL, NULL),
(3, 'bhaskar1', 'a', 'a', 12, 'bhaskar', 'bhaskar', NULL, NULL),
(4, 'bhaskar2', 'a', 'a', 24, 'bhaskar2', 'bhaskar', NULL, NULL),
(5, 'bhaskar3', 'a', 'a', 33, 'bhaskar3', 'bhaskar', NULL, NULL),
(6, 'rahul', NULL, 'rahul', 48, 'rahul', 'rahul', NULL, NULL),
(9, 'atul', 'x', 'agrawal', 24, 'test', 'test', '2014-10-05 17:02:09', '2014-10-05 17:02:09');

-- --------------------------------------------------------

--
-- Table structure for table `exam`
--
-- Creation: Oct 05, 2014 at 11:19 AM
--

CREATE TABLE IF NOT EXISTS `exam` (
  `id` int(11) unsigned NOT NULL AUTO_INCREMENT,
  `name` varchar(255) COLLATE utf8mb4_unicode_ci DEFAULT NULL,
  `experience` varchar(255) COLLATE utf8mb4_unicode_ci DEFAULT NULL,
  `total_questions` varchar(255) COLLATE utf8mb4_unicode_ci DEFAULT NULL,
  `duration` varchar(255) COLLATE utf8mb4_unicode_ci DEFAULT NULL,
  `designation` varchar(255) COLLATE utf8mb4_unicode_ci DEFAULT NULL,
  `marks` varchar(255) COLLATE utf8mb4_unicode_ci DEFAULT NULL,
  `examiner_id` int(11) unsigned DEFAULT NULL,
  `insert_time` datetime DEFAULT NULL,
  `last_updated_time` datetime DEFAULT NULL,
  `is_negative_marking` varchar(255) COLLATE utf8mb4_unicode_ci DEFAULT NULL,
  `passing_marks` double DEFAULT NULL,
  PRIMARY KEY (`id`),
  KEY `index_foreignkey_exam_examiner` (`examiner_id`)
) ENGINE=InnoDB  DEFAULT CHARSET=utf8mb4 COLLATE=utf8mb4_unicode_ci AUTO_INCREMENT=12 ;

--
-- RELATIONS FOR TABLE `exam`:
--   `examiner_id`
--       `examiner` -> `id`
--

--
-- Dumping data for table `exam`
--

INSERT INTO `exam` (`id`, `name`, `experience`, `total_questions`, `duration`, `designation`, `marks`, `examiner_id`, `insert_time`, `last_updated_time`, `is_negative_marking`, `passing_marks`) VALUES
(1, 'Hyderabad Recruitment', '24', '9', '60', 'SE', '100', 1, NULL, NULL, 'true', 33.3),
(2, 'test', '24', '6', '60', 'Architect', '100', NULL, NULL, NULL, 'true', 33.3),
(3, 'CAT exam', '12', '10', '30', 'fresher', '20', NULL, NULL, NULL, 'true', 33.3),
(4, 'CAT', '43', '12', '60', 'SE', '30', NULL, NULL, NULL, 'false', 33.3),
(7, 'C++ 4 yrs experience', '24', '10', '120', 'lead Engineer', '100', 9, '2014-10-05 17:02:09', '2014-10-05 17:02:09', 'true', 33.3),
(8, 'Software Engineer', '24', '10', '60', 'SE', '100', 10, '2014-10-06 01:50:23', '2014-10-06 01:50:23', 'true', 20),
(9, 'Software Engineer 2', '24', '15', '100', 'SE1', '100', 11, '2014-10-06 01:56:17', '2014-10-06 01:56:17', NULL, 5),
(10, 'Software Engineer 3', '36', '10', '30', 'SE3', '50', 1, '2014-10-06 02:03:27', '2014-10-06 02:03:27', 'true', 20),
(11, 'Software Engineer 4', '48', '10', '120', 'SE4', '100', 1, '2014-10-06 02:06:14', '2014-10-06 02:06:14', 'false', 20);

-- --------------------------------------------------------

--
-- Table structure for table `examiner`
--
-- Creation: Oct 03, 2014 at 05:38 PM
--

CREATE TABLE IF NOT EXISTS `examiner` (
  `id` int(11) unsigned NOT NULL AUTO_INCREMENT,
  `first_name` varchar(255) COLLATE utf8mb4_unicode_ci DEFAULT NULL,
  `middle_name` varchar(255) COLLATE utf8mb4_unicode_ci DEFAULT NULL,
  `last_name` varchar(255) COLLATE utf8mb4_unicode_ci DEFAULT NULL,
  `experience` int(11) unsigned DEFAULT NULL,
  `user_name` varchar(255) COLLATE utf8mb4_unicode_ci DEFAULT NULL,
  `password` varchar(255) COLLATE utf8mb4_unicode_ci DEFAULT NULL,
  `insert_time` datetime DEFAULT NULL,
  `last_updated_time` datetime DEFAULT NULL,
  PRIMARY KEY (`id`)
) ENGINE=InnoDB  DEFAULT CHARSET=utf8mb4 COLLATE=utf8mb4_unicode_ci AUTO_INCREMENT=12 ;

--
-- Dumping data for table `examiner`
--

INSERT INTO `examiner` (`id`, `first_name`, `middle_name`, `last_name`, `experience`, `user_name`, `password`, `insert_time`, `last_updated_time`) VALUES
(1, 'bhaskar3', 'a', 'a', 33, 'bhaskar3', 'bhaskar', NULL, NULL),
(2, 'bhaskar4', 'a', 'a', 22, 'bhaskar4', 'bhaskar', NULL, NULL),
(3, 'rahul', NULL, 'agarwal', 48, 'rahul', 'rahul', NULL, NULL),
(9, 'atul', 'x', 'agrawal', 24, 'test', 'test', '2014-10-05 17:02:09', '2014-10-05 17:02:09'),
(10, NULL, NULL, NULL, NULL, NULL, NULL, NULL, NULL),
(11, NULL, NULL, NULL, NULL, NULL, NULL, NULL, NULL);

-- --------------------------------------------------------

--
-- Table structure for table `examparameter`
--
-- Creation: Oct 03, 2014 at 05:38 PM
--

CREATE TABLE IF NOT EXISTS `examparameter` (
  `id` int(11) unsigned NOT NULL AUTO_INCREMENT,
  `number_of_questions` varchar(255) COLLATE utf8mb4_unicode_ci DEFAULT NULL,
  `topic_id` int(11) unsigned DEFAULT NULL,
  `level_id` int(11) unsigned DEFAULT NULL,
  `exam_id` int(11) unsigned DEFAULT NULL,
  `insert_time` datetime DEFAULT NULL,
  `last_updated_time` datetime DEFAULT NULL,
  PRIMARY KEY (`id`),
  KEY `index_foreignkey_examparameter_exam` (`exam_id`),
  KEY `index_foreignkey_examparameter_topic` (`topic_id`),
  KEY `index_foreignkey_examparameter_level` (`level_id`)
) ENGINE=InnoDB  DEFAULT CHARSET=utf8mb4 COLLATE=utf8mb4_unicode_ci AUTO_INCREMENT=22 ;

--
-- RELATIONS FOR TABLE `examparameter`:
--   `exam_id`
--       `exam` -> `id`
--   `level_id`
--       `level` -> `id`
--   `topic_id`
--       `topic` -> `id`
--

--
-- Dumping data for table `examparameter`
--

INSERT INTO `examparameter` (`id`, `number_of_questions`, `topic_id`, `level_id`, `exam_id`, `insert_time`, `last_updated_time`) VALUES
(1, '5', 1, 2, 1, NULL, NULL),
(2, '4', 2, 1, 1, NULL, NULL),
(3, '2', 3, 1, 2, NULL, NULL),
(4, '4', 2, 1, 2, NULL, NULL),
(5, '10', 3, 1, 3, NULL, NULL),
(6, '12', 3, 1, 4, NULL, NULL),
(11, '3', 11, 5, 7, '2014-10-05 17:02:09', '2014-10-05 17:02:09'),
(12, '4', 11, 5, 7, '2014-10-05 17:02:09', '2014-10-05 17:02:09'),
(13, '5', 1, 2, 8, '2014-10-06 01:50:23', '2014-10-06 01:50:23'),
(14, '5', 5, 2, 8, '2014-10-06 01:50:23', '2014-10-06 01:50:23'),
(15, '5', 1, 2, 9, '2014-10-06 01:56:17', '2014-10-06 01:56:17'),
(16, '5', 5, 2, 9, '2014-10-06 01:56:17', '2014-10-06 01:56:17'),
(17, '5', 3, 1, 9, '2014-10-06 01:56:17', '2014-10-06 01:56:17'),
(18, '5', 1, 2, 10, '2014-10-06 02:03:27', '2014-10-06 02:03:27'),
(19, '5', 3, 1, 10, '2014-10-06 02:03:27', '2014-10-06 02:03:27'),
(20, '5', 1, 2, 11, '2014-10-06 02:06:14', '2014-10-06 02:06:14'),
(21, '5', 5, 2, 11, '2014-10-06 02:06:14', '2014-10-06 02:06:14');

-- --------------------------------------------------------

--
-- Table structure for table `level`
--
-- Creation: Oct 03, 2014 at 05:38 PM
--

CREATE TABLE IF NOT EXISTS `level` (
  `id` int(11) unsigned NOT NULL AUTO_INCREMENT,
  `text` varchar(255) COLLATE utf8mb4_unicode_ci DEFAULT NULL,
  `experience` int(11) unsigned DEFAULT NULL,
  `correct_answer_weightage` double DEFAULT NULL,
  `wrong_answer_weightage` double DEFAULT NULL,
  `insert_time` datetime DEFAULT NULL,
  `last_updated_time` datetime DEFAULT NULL,
  PRIMARY KEY (`id`)
) ENGINE=InnoDB  DEFAULT CHARSET=utf8mb4 COLLATE=utf8mb4_unicode_ci AUTO_INCREMENT=6 ;

--
-- Dumping data for table `level`
--

INSERT INTO `level` (`id`, `text`, `experience`, `correct_answer_weightage`, `wrong_answer_weightage`, `insert_time`, `last_updated_time`) VALUES
(1, 'Beginner', 23, 3, 1, NULL, NULL),
(2, 'Intermediate', 24, 1.5, 0.5, NULL, NULL),
(5, 'beginner', 24, 2.5, 0.5, '2014-10-05 17:02:09', '2014-10-05 17:02:09');

-- --------------------------------------------------------

--
-- Table structure for table `question`
--
-- Creation: Oct 03, 2014 at 05:38 PM
--

CREATE TABLE IF NOT EXISTS `question` (
  `id` int(11) unsigned NOT NULL AUTO_INCREMENT,
  `content` text COLLATE utf8mb4_unicode_ci,
  `time_limit` int(11) unsigned DEFAULT NULL,
  `usage_count` int(11) unsigned DEFAULT NULL,
  `question_type_id` int(11) unsigned DEFAULT NULL,
  `level_id` int(11) unsigned DEFAULT NULL,
  `scenario_id` int(11) unsigned DEFAULT NULL,
  `insert_time` datetime DEFAULT NULL,
  `last_updated_time` datetime DEFAULT NULL,
  PRIMARY KEY (`id`),
  KEY `index_foreignkey_question_questiontype` (`question_type_id`),
  KEY `index_foreignkey_question_level` (`level_id`),
  KEY `index_foreignkey_question_scenario` (`scenario_id`)
) ENGINE=InnoDB  DEFAULT CHARSET=utf8mb4 COLLATE=utf8mb4_unicode_ci AUTO_INCREMENT=48 ;

--
-- RELATIONS FOR TABLE `question`:
--   `level_id`
--       `level` -> `id`
--   `question_type_id`
--       `questiontype` -> `id`
--   `scenario_id`
--       `scenario` -> `id`
--

--
-- Dumping data for table `question`
--

INSERT INTO `question` (`id`, `content`, `time_limit`, `usage_count`, `question_type_id`, `level_id`, `scenario_id`, `insert_time`, `last_updated_time`) VALUES
(2, '<p>How many students decided to specialize in immunology?<br></p>', 0, 5, 1, 1, 2, NULL, NULL),
(3, '<p>One twelfth of the students who chose to specialize in family practice plan to work abroad. How many is this?<br></p>', 0, 5, 1, 1, 2, NULL, NULL),
(4, '<p>What is the approximate ratio of students specializing in sports medicine, emergency medicine and family practice?<br></p>', 0, 5, 1, 1, 2, NULL, NULL),
(5, '<p>If the ratio of male to female students specializing in sports medicine is 2:1, how many female students does this represent?<br></p>', 0, 5, 1, 1, 2, NULL, NULL),
(6, '<p>What was the average number of cases sold per year over the four year period?<br></p>', 0, 4, 1, 2, 3, NULL, NULL),
(7, '<p>What is the approximate value of rose wine sold over the four year period in thousands of dollars?<br></p>', 0, 4, 1, 2, 3, NULL, NULL),
(8, '<p>What is the difference in the value of red wine sales between 2002 and 2003?<br></p>', 0, 4, 1, 2, 3, NULL, NULL),
(9, '<p>If white wine increased in price by 10% from 2005 to 2006, what would be the approximate average cost per case over the five year period?<br></p>', 0, 4, 1, 2, 3, NULL, NULL),
(10, '<p>What percentage of total cases of wine sold over the four year period were rose?<br></p>', 0, 4, 1, 2, 3, NULL, NULL),
(11, '<p><span style="color: rgb(0, 0, 0); font-family: verdana, ''Times New Roman'', Times, serif; line-height: normal; text-align: justify; background-color: rgb(255, 255, 255);">Suppose effort allocation is interchanged between operations B and C, then C and D, and then D and E and if companies are then ranked in ascending order of effort in E, what will be the rank of company 3?&nbsp;</span><br></p>', 0, 15, 1, 1, 4, NULL, NULL),
(12, '<p><span style="color: rgb(0, 0, 0); font-family: verdana, ''Times New Roman'', Times, serif; line-height: normal; text-align: justify; background-color: rgb(255, 255, 255);">A new technology is introduced in company 4 such that the total effort for operations B through F gets evenly distributed among these. What is the change in the percentage of effort in operation E?</span></p><p><span style="color: rgb(0, 0, 0); font-family: verdana, ''Times New Roman'', Times, serif; line-height: normal; text-align: justify; background-color: rgb(255, 255, 255);"><br></span><br></p>', 0, 15, 1, 1, 4, NULL, NULL),
(13, '<p><span style="color: rgb(0, 0, 0); font-family: verdana, ''Times New Roman'', Times, serif; line-height: normal; text-align: justify; background-color: rgb(255, 255, 255);">Suppose the companies find that they can remove operations B, C and D and re-distribute the effort released equally among the remaining operations. Then, which operation will show the maximum effort across all companies and all operations?</span><br></p>', 0, 14, 1, 1, 4, NULL, NULL),
(14, '<p><span style="color: rgb(0, 0, 0); font-family: verdana, ''Times New Roman'', Times, serif; line-height: normal; text-align: justify; background-color: rgb(255, 255, 255);">The country, which has the highest average price, is&nbsp;</span><br></p>', 0, 0, 1, 1, 5, NULL, NULL),
(15, '<p><span style="color: rgb(0, 0, 0); font-family: verdana, ''Times New Roman'', Times, serif; line-height: normal; text-align: justify; background-color: rgb(255, 255, 255);">The average price in Euro/ kg for Turkey is roughly&nbsp;</span><br></p>', 0, 0, 1, 1, 5, NULL, NULL),
(16, '<p><strong style="margin: 0px; padding: 0px; color: rgb(102, 102, 102); font-family: ''Open Sans'', Arial, Helvetica, sans-serif; font-size: 13px; line-height: 22px; background-color: rgb(255, 255, 255);">What is the average value of the contract secured during the years shown in the diagram?</strong><br></p>', 0, 16, 1, 1, 6, NULL, NULL),
(17, '<p><strong style="margin: 0px; padding: 0px; color: rgb(102, 102, 102); font-family: ''Open Sans'', Arial, Helvetica, sans-serif; font-size: 13px; line-height: 22px; background-color: rgb(255, 255, 255);">Compared to the performance in 1985 (i.e. taking it as the base), what can you say about the performances in the years ’84, ’85, ’86, ’87, ’88 respectively, in percentage terms?</strong><br></p>', 0, 16, 1, 1, 6, NULL, NULL),
(18, '<p><strong style="margin: 0px; padding: 0px; color: rgb(102, 102, 102); font-family: ''Open Sans'', Arial, Helvetica, sans-serif; font-size: 13px; line-height: 22px; background-color: rgb(255, 255, 255);">Which is the year in which the highest percentage decline is seen in the value of contract secured compared to the preceding year?</strong><br></p>', 0, 16, 1, 1, 6, NULL, NULL),
(19, '<p><strong style="margin: 0px; padding: 0px; color: rgb(102, 102, 102); font-family: ''Open Sans'', Arial, Helvetica, sans-serif; font-size: 13px; line-height: 22px; background-color: rgb(255, 255, 255);">The total expenditure is required to be kept within Rs. 700 lakh by cutting the expenditure on administration equally in all the years. What will be the percentage cut for 1989?</strong><br></p>', 0, 13, 1, 1, 7, NULL, NULL),
(20, '<p><span style="color: rgb(102, 102, 102); font-family: ''Open Sans'', Arial, Helvetica, sans-serif; font-size: 13px; line-height: 22px; background-color: rgb(255, 255, 255);">If the length of line to be laid each year is in proportion to the estimated cost for material and labour, what fraction of the total length is proposed to be completed by the third year?</span><br></p>', 0, 13, 1, 1, 7, NULL, NULL),
(21, '<p><strong style="margin: 0px; padding: 0px; color: rgb(102, 102, 102); font-family: ''Open Sans'', Arial, Helvetica, sans-serif; font-size: 13px; line-height: 22px; background-color: rgb(255, 255, 255);">What is the approximate ratio of the total cost of materials for all the years bear to the total labour cost?</strong><br></p>', 0, 13, 1, 1, 7, NULL, NULL),
(22, '<p><strong style="margin: 0px; padding: 0px; color: rgb(102, 102, 102); font-family: ''Open Sans'', Arial, Helvetica, sans-serif; font-size: 13px; line-height: 22px; background-color: rgb(255, 255, 255);">If the cost of materials rises by 5% each year from 1990 onwards, by how much will the estimated cost rise?</strong><br></p>', 0, 13, 1, 1, 7, NULL, NULL),
(23, '<p><strong style="margin: 0px; padding: 0px; color: rgb(102, 102, 102); font-family: ''Open Sans'', Arial, Helvetica, sans-serif; font-size: 13px; line-height: 22px; background-color: rgb(255, 255, 255);">&nbsp;It is found at the end of 1990, that the entire amount estimated for the project has been spent. If for 1991, the actual amount spent was equal to that which was estimated, by what percent (approximately) has the actual expenditure exceeded the estimated expenditure?</strong><br></p>', 0, 13, 1, 1, 7, NULL, NULL),
(28, 'Solve this question 1', 60, 1000, 4, 5, 10, '2014-10-05 17:02:09', '2014-10-05 17:02:09'),
(29, 'Solve this question 2', 120, 1000, 4, 5, 10, '2014-10-05 17:02:09', '2014-10-05 17:02:09'),
(30, '<p>what is the output of this code ?<br></p>', 0, 4, 1, 2, 11, '2014-10-06 00:20:53', '2014-10-06 00:20:53'),
(31, '<p>what is the function of this code ?</p>', 0, 4, 1, 2, 11, '2014-10-06 00:20:53', '2014-10-06 00:20:53'),
(32, '<p>how many errors will this code give on compilation ?</p>', 0, 4, 1, 2, 11, '2014-10-06 00:20:53', '2014-10-06 00:20:53'),
(33, '<p><br></p>', 0, 3, 1, 2, 12, '2014-10-06 00:24:47', '2014-10-06 00:24:47'),
(34, '<p>how many errors will be there in below code upon compilation ?</p>', 0, 3, 1, 2, 12, '2014-10-06 00:24:47', '2014-10-06 00:24:47'),
(35, '<p>what is the function of this code ?</p>', 0, 2, 1, 2, 12, '2014-10-06 00:24:47', '2014-10-06 00:24:47'),
(36, '<p>Which of the following is the correct way to call the function MyFun() of the Sample class given below?<br></p>', 0, 4, 1, 2, 13, '2014-10-06 00:31:15', '2014-10-06 00:31:15'),
(37, '<p>what is the function of this code</p>', 0, 4, 1, 2, 13, '2014-10-06 00:31:15', '2014-10-06 00:31:15'),
(38, '<p>Which of the following statements are correct about the delegate declaration<br></p>', 0, 4, 1, 2, 13, '2014-10-06 00:31:15', '2014-10-06 00:31:15'),
(39, '<p>Which of the following statements are correct about the C#.NET code snippet given below?<br></p>', 0, 3, 1, 2, 14, '2014-10-06 00:35:28', '2014-10-06 00:35:28'),
(40, '<p>Which of the following statements are correct about the Stack collection?<br></p>', 0, 3, 1, 2, 14, '2014-10-06 00:35:28', '2014-10-06 00:35:28'),
(41, '<p>A HashTable t maintains a collection of names of states and capital city of each state. Which of the following is the correct way to find out whether "Kerala" state is present in this collection or not?<br></p>', 0, 2, 1, 2, 14, '2014-10-06 00:35:28', '2014-10-06 00:35:28'),
(42, '<p>Select how you would start the program to cause it to print: Arg is 2<br></p>', 0, 0, 1, 2, 15, '2014-10-06 00:41:13', '2014-10-06 00:41:13'),
(43, '<p>Which of the following are valid calls to Math.max?</p><p><br></p><p>1. Math.max(1,4)</p><p>2. Math.max(2.3, 5)</p><p>3. Math.max(1, 3, 5, 7)</p><p>4. Math.max(-1.5, -2.8f)</p><div><br></div>', 0, 0, 1, 2, 15, '2014-10-06 00:41:13', '2014-10-06 00:41:13'),
(44, '<p>Which of the following would compile without error?<br></p>', 0, 0, 1, 2, 15, '2014-10-06 00:41:13', '2014-10-06 00:41:13'),
(45, '<p>When is the B object, created in line 3, eligible for garbage collection?<br></p>', 0, 0, 1, 2, 16, '2014-10-06 00:46:18', '2014-10-06 00:46:18'),
(46, '<p>class HappyGarbage01&nbsp;</p><p>{&nbsp;</p><p>&nbsp; &nbsp; public static void main(String args[])&nbsp;</p><p>&nbsp; &nbsp; {</p><p>&nbsp; &nbsp; &nbsp; &nbsp; HappyGarbage01 h = new HappyGarbage01();&nbsp;</p><p>&nbsp; &nbsp; &nbsp; &nbsp; h.methodA(); /* Line 6 */</p><p>&nbsp; &nbsp; }&nbsp;</p><p>&nbsp; &nbsp; Object methodA()&nbsp;</p><p>&nbsp; &nbsp; {</p><p>&nbsp; &nbsp; &nbsp; &nbsp; Object obj1 = new Object();&nbsp;</p><p>&nbsp; &nbsp; &nbsp; &nbsp; Object [] obj2 = new Object[1];&nbsp;</p><p>&nbsp; &nbsp; &nbsp; &nbsp; obj2[0] = obj1;&nbsp;</p><p>&nbsp; &nbsp; &nbsp; &nbsp; obj1 = null;&nbsp;</p><p>&nbsp; &nbsp; &nbsp; &nbsp; return obj2[0];&nbsp;</p><p>&nbsp; &nbsp; }&nbsp;</p><p>}</p><p><br></p><p>Where will be the most chance of the garbage collector being invoked?<br></p>', 0, 0, 1, 2, 16, '2014-10-06 00:46:18', '2014-10-06 00:46:18'),
(47, '<p>public class X&nbsp;</p><p>{</p><p>&nbsp; &nbsp; public static void main(String [] args)&nbsp;</p><p>&nbsp; &nbsp; {</p><p>&nbsp; &nbsp; &nbsp; &nbsp; X x = new X();</p><p>&nbsp; &nbsp; &nbsp; &nbsp; X x2 = m1(x); /* Line 6 */</p><p>&nbsp; &nbsp; &nbsp; &nbsp; X x4 = new X();</p><p>&nbsp; &nbsp; &nbsp; &nbsp; x2 = x4; /* Line 8 */</p><p>&nbsp; &nbsp; &nbsp; &nbsp; doComplexStuff();</p><p>&nbsp; &nbsp; }</p><p>&nbsp; &nbsp; static X m1(X mx)&nbsp;</p><p>&nbsp; &nbsp; {</p><p>&nbsp; &nbsp; &nbsp; &nbsp; mx = new X();</p><p>&nbsp; &nbsp; &nbsp; &nbsp; return mx;</p><p>&nbsp; &nbsp; }</p><p>}</p><p><br></p><p>After line 8 runs. how many objects are eligible for garbage collection?<br></p>', 0, 0, 1, 2, 16, '2014-10-06 00:46:18', '2014-10-06 00:46:18');

-- --------------------------------------------------------

--
-- Table structure for table `questionpaper`
--
-- Creation: Oct 03, 2014 at 05:38 PM
--

CREATE TABLE IF NOT EXISTS `questionpaper` (
  `id` int(11) unsigned NOT NULL AUTO_INCREMENT,
  `exam_id` int(11) unsigned DEFAULT NULL,
  `candidate_id` int(11) unsigned DEFAULT NULL,
  `insert_time` datetime DEFAULT NULL,
  `last_updated_time` datetime DEFAULT NULL,
  `status_id` int(11) unsigned DEFAULT NULL,
  PRIMARY KEY (`id`),
  KEY `index_foreignkey_questionpaper_exam` (`exam_id`),
  KEY `index_foreignkey_questionpaper_candidate` (`candidate_id`),
  KEY `index_foreignkey_questionpaper_questionpaperstatus` (`status_id`)
) ENGINE=InnoDB  DEFAULT CHARSET=utf8mb4 COLLATE=utf8mb4_unicode_ci AUTO_INCREMENT=61 ;

--
-- RELATIONS FOR TABLE `questionpaper`:
--   `candidate_id`
--       `candidate` -> `id`
--   `exam_id`
--       `exam` -> `id`
--   `status_id`
--       `questionpaperstatus` -> `id`
--

--
-- Dumping data for table `questionpaper`
--

INSERT INTO `questionpaper` (`id`, `exam_id`, `candidate_id`, `insert_time`, `last_updated_time`, `status_id`) VALUES
(52, 4, 2, NULL, NULL, 6),
(53, 4, 2, NULL, NULL, 6),
(55, 7, 9, '2014-10-05 17:02:09', '2014-10-05 17:02:09', 6),
(57, 11, 2, '2014-10-06 02:07:34', '2014-10-06 02:07:34', 3),
(58, 11, 3, '2014-10-06 02:07:36', '2014-10-06 02:07:36', 3),
(59, 11, 5, '2014-10-06 02:10:47', '2014-10-06 02:10:47', 3),
(60, 11, 6, '2014-10-06 02:12:14', '2014-10-06 02:12:14', 6);

-- --------------------------------------------------------

--
-- Table structure for table `questionpaperdetail`
--
-- Creation: Oct 03, 2014 at 05:38 PM
--

CREATE TABLE IF NOT EXISTS `questionpaperdetail` (
  `id` int(11) unsigned NOT NULL AUTO_INCREMENT,
  `correct_answer` varchar(255) COLLATE utf8mb4_unicode_ci DEFAULT NULL,
  `question_paper_id` int(11) unsigned DEFAULT NULL,
  `question_id` int(11) unsigned DEFAULT NULL,
  `insert_time` datetime DEFAULT NULL,
  `last_updated_time` datetime DEFAULT NULL,
  PRIMARY KEY (`id`),
  KEY `index_foreignkey_questionpaperdetail_questionpaper` (`question_paper_id`),
  KEY `index_foreignkey_questionpaperdetail_question` (`question_id`)
) ENGINE=InnoDB  DEFAULT CHARSET=utf8mb4 COLLATE=utf8mb4_unicode_ci AUTO_INCREMENT=670 ;

--
-- RELATIONS FOR TABLE `questionpaperdetail`:
--   `question_id`
--       `question` -> `id`
--   `question_paper_id`
--       `questionpaper` -> `id`
--

--
-- Dumping data for table `questionpaperdetail`
--

INSERT INTO `questionpaperdetail` (`id`, `correct_answer`, `question_paper_id`, `question_id`, `insert_time`, `last_updated_time`) VALUES
(584, NULL, 52, 19, NULL, NULL),
(585, NULL, 52, 20, NULL, NULL),
(586, NULL, 52, 21, NULL, NULL),
(587, NULL, 52, 22, NULL, NULL),
(588, NULL, 52, 23, NULL, NULL),
(589, NULL, 52, 16, NULL, NULL),
(590, NULL, 52, 17, NULL, NULL),
(591, NULL, 52, 18, NULL, NULL),
(592, NULL, 52, 13, NULL, NULL),
(593, NULL, 52, 11, NULL, NULL),
(594, NULL, 52, 12, NULL, NULL),
(595, NULL, 52, 14, NULL, NULL),
(599, NULL, 53, 19, NULL, NULL),
(600, NULL, 53, 20, NULL, NULL),
(601, NULL, 53, 21, NULL, NULL),
(602, NULL, 53, 22, NULL, NULL),
(603, NULL, 53, 23, NULL, NULL),
(604, NULL, 53, 16, NULL, NULL),
(605, NULL, 53, 17, NULL, NULL),
(606, NULL, 53, 18, NULL, NULL),
(607, NULL, 53, 13, NULL, NULL),
(608, NULL, 53, 11, NULL, NULL),
(609, NULL, 53, 12, NULL, NULL),
(610, NULL, 53, 15, NULL, NULL),
(615, NULL, 55, 28, '2014-10-05 17:02:09', '2014-10-05 17:02:09'),
(616, NULL, 57, 30, '2014-10-06 02:07:34', '2014-10-06 02:07:34'),
(617, NULL, 57, 31, '2014-10-06 02:07:34', '2014-10-06 02:07:34'),
(618, NULL, 57, 32, '2014-10-06 02:07:34', '2014-10-06 02:07:34'),
(619, NULL, 57, 33, '2014-10-06 02:07:34', '2014-10-06 02:07:34'),
(620, NULL, 57, 34, '2014-10-06 02:07:34', '2014-10-06 02:07:34'),
(623, NULL, 57, 36, '2014-10-06 02:07:34', '2014-10-06 02:07:34'),
(624, NULL, 57, 37, '2014-10-06 02:07:34', '2014-10-06 02:07:34'),
(625, NULL, 57, 38, '2014-10-06 02:07:34', '2014-10-06 02:07:34'),
(626, NULL, 57, 39, '2014-10-06 02:07:34', '2014-10-06 02:07:34'),
(627, NULL, 57, 40, '2014-10-06 02:07:34', '2014-10-06 02:07:34'),
(630, NULL, 58, 30, '2014-10-06 02:07:36', '2014-10-06 02:07:36'),
(631, NULL, 58, 31, '2014-10-06 02:07:36', '2014-10-06 02:07:36'),
(632, NULL, 58, 32, '2014-10-06 02:07:36', '2014-10-06 02:07:36'),
(633, NULL, 58, 35, '2014-10-06 02:07:36', '2014-10-06 02:07:36'),
(634, NULL, 58, 33, '2014-10-06 02:07:36', '2014-10-06 02:07:36'),
(637, NULL, 58, 36, '2014-10-06 02:07:36', '2014-10-06 02:07:36'),
(638, NULL, 58, 37, '2014-10-06 02:07:36', '2014-10-06 02:07:36'),
(639, NULL, 58, 38, '2014-10-06 02:07:36', '2014-10-06 02:07:36'),
(640, NULL, 58, 41, '2014-10-06 02:07:36', '2014-10-06 02:07:36'),
(641, NULL, 58, 39, '2014-10-06 02:07:36', '2014-10-06 02:07:36'),
(644, NULL, 59, 30, '2014-10-06 02:10:47', '2014-10-06 02:10:47'),
(645, NULL, 59, 31, '2014-10-06 02:10:47', '2014-10-06 02:10:47'),
(646, NULL, 59, 32, '2014-10-06 02:10:47', '2014-10-06 02:10:47'),
(647, NULL, 59, 34, '2014-10-06 02:10:47', '2014-10-06 02:10:47'),
(648, NULL, 59, 35, '2014-10-06 02:10:47', '2014-10-06 02:10:47'),
(651, NULL, 59, 36, '2014-10-06 02:10:47', '2014-10-06 02:10:47'),
(652, NULL, 59, 37, '2014-10-06 02:10:47', '2014-10-06 02:10:47'),
(653, NULL, 59, 38, '2014-10-06 02:10:47', '2014-10-06 02:10:47'),
(654, NULL, 59, 40, '2014-10-06 02:10:47', '2014-10-06 02:10:47'),
(655, NULL, 59, 41, '2014-10-06 02:10:47', '2014-10-06 02:10:47'),
(658, NULL, 60, 30, '2014-10-06 02:12:14', '2014-10-06 02:12:14'),
(659, NULL, 60, 31, '2014-10-06 02:12:14', '2014-10-06 02:12:14'),
(660, NULL, 60, 32, '2014-10-06 02:12:14', '2014-10-06 02:12:14'),
(661, NULL, 60, 33, '2014-10-06 02:12:14', '2014-10-06 02:12:14'),
(662, NULL, 60, 34, '2014-10-06 02:12:14', '2014-10-06 02:12:14'),
(665, NULL, 60, 36, '2014-10-06 02:12:14', '2014-10-06 02:12:14'),
(666, NULL, 60, 37, '2014-10-06 02:12:14', '2014-10-06 02:12:14'),
(667, NULL, 60, 38, '2014-10-06 02:12:14', '2014-10-06 02:12:14'),
(668, NULL, 60, 39, '2014-10-06 02:12:14', '2014-10-06 02:12:14'),
(669, NULL, 60, 40, '2014-10-06 02:12:14', '2014-10-06 02:12:14');

-- --------------------------------------------------------

--
-- Table structure for table `questionpaperstatus`
--
-- Creation: Oct 03, 2014 at 05:38 PM
--

CREATE TABLE IF NOT EXISTS `questionpaperstatus` (
  `id` int(11) unsigned NOT NULL AUTO_INCREMENT,
  `status` varchar(255) COLLATE utf8mb4_unicode_ci DEFAULT NULL,
  `insert_time` datetime DEFAULT NULL,
  `last_updated_time` datetime DEFAULT NULL,
  PRIMARY KEY (`id`)
) ENGINE=InnoDB  DEFAULT CHARSET=utf8mb4 COLLATE=utf8mb4_unicode_ci AUTO_INCREMENT=7 ;

--
-- Dumping data for table `questionpaperstatus`
--

INSERT INTO `questionpaperstatus` (`id`, `status`, `insert_time`, `last_updated_time`) VALUES
(2, 'created and waiting for review', '2014-10-03 23:20:12', '2014-10-03 23:20:12'),
(3, 'reviewed and ready to attempt', '2014-10-03 23:20:12', '2014-10-03 23:20:12'),
(4, 'attempt in progress', '2014-10-03 23:20:12', '2014-10-03 23:20:12'),
(5, 'attempted', '2014-10-03 23:20:12', '2014-10-03 23:20:12'),
(6, 'result declared', '2014-10-03 23:20:12', '2014-10-03 23:20:12');

-- --------------------------------------------------------

--
-- Table structure for table `questiontopicrelation`
--
-- Creation: Oct 03, 2014 at 05:38 PM
--

CREATE TABLE IF NOT EXISTS `questiontopicrelation` (
  `id` int(11) unsigned NOT NULL AUTO_INCREMENT,
  `question_id` int(11) unsigned DEFAULT NULL,
  `topic_id` int(11) unsigned DEFAULT NULL,
  `insert_time` datetime DEFAULT NULL,
  `last_updated_time` datetime DEFAULT NULL,
  PRIMARY KEY (`id`),
  KEY `index_foreignkey_questiontopicrelation_question` (`question_id`),
  KEY `index_foreignkey_questiontopicrelation_topic` (`topic_id`)
) ENGINE=InnoDB  DEFAULT CHARSET=utf8mb4 COLLATE=utf8mb4_unicode_ci AUTO_INCREMENT=54 ;

--
-- RELATIONS FOR TABLE `questiontopicrelation`:
--   `question_id`
--       `question` -> `id`
--   `topic_id`
--       `topic` -> `id`
--

--
-- Dumping data for table `questiontopicrelation`
--

INSERT INTO `questiontopicrelation` (`id`, `question_id`, `topic_id`, `insert_time`, `last_updated_time`) VALUES
(2, 2, 2, NULL, NULL),
(3, 3, 2, NULL, NULL),
(4, 4, 2, NULL, NULL),
(5, 5, 2, NULL, NULL),
(6, 6, 1, NULL, NULL),
(7, 7, 1, NULL, NULL),
(8, 8, 1, NULL, NULL),
(9, 9, 1, NULL, NULL),
(10, 10, 1, NULL, NULL),
(11, 11, 3, NULL, NULL),
(12, 12, 3, NULL, NULL),
(13, 13, 3, NULL, NULL),
(14, 14, 3, NULL, NULL),
(15, 15, 3, NULL, NULL),
(16, 16, 3, NULL, NULL),
(17, 17, 3, NULL, NULL),
(18, 18, 3, NULL, NULL),
(19, 19, 3, NULL, NULL),
(20, 20, 3, NULL, NULL),
(21, 21, 3, NULL, NULL),
(22, 22, 3, NULL, NULL),
(23, 23, 3, NULL, NULL),
(32, 28, 10, '2014-10-05 17:02:09', '2014-10-05 17:02:09'),
(33, 28, 11, '2014-10-05 17:02:09', '2014-10-05 17:02:09'),
(34, 29, 10, '2014-10-05 17:02:09', '2014-10-05 17:02:09'),
(35, 29, 11, '2014-10-05 17:02:09', '2014-10-05 17:02:09'),
(36, 30, 1, '2014-10-06 00:20:53', '2014-10-06 00:20:53'),
(37, 31, 1, '2014-10-06 00:20:53', '2014-10-06 00:20:53'),
(38, 32, 1, '2014-10-06 00:20:53', '2014-10-06 00:20:53'),
(39, 33, 1, '2014-10-06 00:24:47', '2014-10-06 00:24:47'),
(40, 34, 1, '2014-10-06 00:24:47', '2014-10-06 00:24:47'),
(41, 35, 1, '2014-10-06 00:24:47', '2014-10-06 00:24:47'),
(42, 36, 5, '2014-10-06 00:31:15', '2014-10-06 00:31:15'),
(43, 37, 5, '2014-10-06 00:31:15', '2014-10-06 00:31:15'),
(44, 38, 5, '2014-10-06 00:31:15', '2014-10-06 00:31:15'),
(45, 39, 5, '2014-10-06 00:35:28', '2014-10-06 00:35:28'),
(46, 40, 5, '2014-10-06 00:35:28', '2014-10-06 00:35:28'),
(47, 41, 5, '2014-10-06 00:35:28', '2014-10-06 00:35:28'),
(48, 42, 12, '2014-10-06 00:41:13', '2014-10-06 00:41:13'),
(49, 43, 12, '2014-10-06 00:41:13', '2014-10-06 00:41:13'),
(50, 44, 12, '2014-10-06 00:41:13', '2014-10-06 00:41:13'),
(51, 45, 12, '2014-10-06 00:46:18', '2014-10-06 00:46:18'),
(52, 46, 12, '2014-10-06 00:46:18', '2014-10-06 00:46:18'),
(53, 47, 12, '2014-10-06 00:46:18', '2014-10-06 00:46:18');

-- --------------------------------------------------------

--
-- Table structure for table `questiontype`
--
-- Creation: Oct 03, 2014 at 05:38 PM
--

CREATE TABLE IF NOT EXISTS `questiontype` (
  `id` int(11) unsigned NOT NULL AUTO_INCREMENT,
  `type` varchar(255) COLLATE utf8mb4_unicode_ci DEFAULT NULL,
  `description` varchar(255) COLLATE utf8mb4_unicode_ci DEFAULT NULL,
  `insert_time` datetime DEFAULT NULL,
  `last_updated_time` datetime DEFAULT NULL,
  PRIMARY KEY (`id`)
) ENGINE=InnoDB  DEFAULT CHARSET=utf8mb4 COLLATE=utf8mb4_unicode_ci AUTO_INCREMENT=5 ;

--
-- Dumping data for table `questiontype`
--

INSERT INTO `questiontype` (`id`, `type`, `description`, `insert_time`, `last_updated_time`) VALUES
(1, NULL, NULL, NULL, NULL),
(4, 'objective', 'only one answer correct', '2014-10-05 17:02:09', '2014-10-05 17:02:09');

-- --------------------------------------------------------

--
-- Table structure for table `result`
--
-- Creation: Oct 05, 2014 at 11:19 AM
--

CREATE TABLE IF NOT EXISTS `result` (
  `id` int(11) unsigned NOT NULL AUTO_INCREMENT,
  `total_marks` double DEFAULT NULL,
  `candidate_id` int(11) unsigned DEFAULT NULL,
  `question_paper_id` int(11) unsigned DEFAULT NULL,
  `insert_time` datetime DEFAULT NULL,
  `last_updated_time` datetime DEFAULT NULL,
  `is_passed` varchar(255) COLLATE utf8mb4_unicode_ci DEFAULT NULL,
  PRIMARY KEY (`id`),
  KEY `index_foreignkey_result_candidate` (`candidate_id`),
  KEY `index_foreignkey_result_questionpaper` (`question_paper_id`)
) ENGINE=InnoDB  DEFAULT CHARSET=utf8mb4 COLLATE=utf8mb4_unicode_ci AUTO_INCREMENT=56 ;

--
-- RELATIONS FOR TABLE `result`:
--   `candidate_id`
--       `candidate` -> `id`
--   `question_paper_id`
--       `questionpaper` -> `id`
--

--
-- Dumping data for table `result`
--

INSERT INTO `result` (`id`, `total_marks`, `candidate_id`, `question_paper_id`, `insert_time`, `last_updated_time`, `is_passed`) VALUES
(12, -10.5, 2, 53, '2014-10-05 17:02:09', '2014-10-05 17:02:09', 'false'),
(13, 0, 2, 52, '2014-10-05 23:06:24', '2014-10-05 23:06:24', 'true'),
(14, 0, 2, 52, '2014-10-05 23:08:18', '2014-10-05 23:08:18', 'true'),
(15, 0, 2, 52, '2014-10-05 23:10:05', '2014-10-05 23:10:05', 'true'),
(16, 0, 2, 52, '2014-10-05 23:15:35', '2014-10-05 23:15:35', 'false'),
(17, 2.5, 2, 52, '2014-10-05 23:18:11', '2014-10-05 23:18:11', 'false'),
(18, 2.5, 2, 52, '2014-10-05 23:22:55', '2014-10-05 23:22:55', 'false'),
(19, 5.8333333333333, 2, 52, '2014-10-05 23:27:51', '2014-10-05 23:27:51', 'true'),
(20, -1.6666666666667, 2, 52, '2014-10-05 23:29:24', '2014-10-05 23:29:24', 'false'),
(21, 5, 2, 52, '2014-10-05 23:31:08', '2014-10-05 23:31:08', 'false'),
(22, 0, 2, 52, '2014-10-05 23:39:08', '2014-10-05 23:39:08', 'false'),
(23, 2.5, 2, 52, '2014-10-05 23:43:09', '2014-10-05 23:43:09', 'false'),
(24, 0, 2, 52, '2014-10-05 23:45:10', '2014-10-05 23:45:10', 'false'),
(25, 2.5, 2, 52, '2014-10-05 23:49:38', '2014-10-05 23:49:38', 'false'),
(26, 2.5, 2, 52, '2014-10-05 23:56:49', '2014-10-05 23:56:49', 'false'),
(27, 2.5, 2, 52, '2014-10-05 23:59:26', '2014-10-05 23:59:26', 'false'),
(28, 2.5, 2, 52, '2014-10-06 00:03:37', '2014-10-06 00:03:37', 'false'),
(29, 5, 2, 52, '2014-10-06 00:04:57', '2014-10-06 00:04:57', 'false'),
(30, 2.5, 2, 52, '2014-10-06 00:27:40', '2014-10-06 00:27:40', 'false'),
(31, 7.5, 2, 52, '2014-10-06 00:29:19', '2014-10-06 00:29:19', 'true'),
(32, 0, 2, 52, '2014-10-06 00:31:01', '2014-10-06 00:31:01', 'false'),
(33, 7.5, 2, 52, '2014-10-06 00:33:12', '2014-10-06 00:33:12', 'true'),
(34, 2.5, 2, 52, '2014-10-06 00:34:31', '2014-10-06 00:34:31', 'false'),
(35, 2.5, 2, 52, '2014-10-06 00:36:35', '2014-10-06 00:36:35', 'false'),
(36, 7.5, 2, 52, '2014-10-06 00:37:54', '2014-10-06 00:37:54', 'true'),
(37, 0, 2, 52, '2014-10-06 00:42:17', '2014-10-06 00:42:17', 'false'),
(38, 2.5, 2, 52, '2014-10-06 00:43:35', '2014-10-06 00:43:35', 'false'),
(39, 2.5, 2, 52, '2014-10-06 00:45:08', '2014-10-06 00:45:08', 'false'),
(40, 0, 2, NULL, '2014-10-06 00:45:15', '2014-10-06 00:45:15', 'true'),
(41, 0, 2, 52, '2014-10-06 00:48:01', '2014-10-06 00:48:01', 'false'),
(42, 0, 2, 52, '2014-10-06 00:58:16', '2014-10-06 00:58:16', 'false'),
(43, 0, 2, 52, '2014-10-06 00:59:19', '2014-10-06 00:59:19', 'false'),
(44, 0, 2, 52, '2014-10-06 01:01:05', '2014-10-06 01:01:05', 'false'),
(45, 2.5, 2, 52, '2014-10-06 01:16:13', '2014-10-06 01:16:13', 'false'),
(46, 0, 2, 52, '2014-10-06 01:36:04', '2014-10-06 01:36:04', 'false'),
(47, 20, 6, 60, '2014-10-06 02:17:47', '2014-10-06 02:17:47', 'true'),
(48, 20, 6, 60, '2014-10-06 02:24:12', '2014-10-06 02:24:12', 'true'),
(49, 0, 6, 60, '2014-10-06 02:25:21', '2014-10-06 02:25:21', 'false'),
(50, 0, 6, 60, '2014-10-06 02:26:33', '2014-10-06 02:26:33', 'false'),
(51, 0, 6, 60, '2014-10-06 02:27:34', '2014-10-06 02:27:34', 'false'),
(52, 0, 6, 60, '2014-10-06 02:29:17', '2014-10-06 02:29:17', 'false'),
(53, 10, 6, 60, '2014-10-06 02:36:20', '2014-10-06 02:36:20', 'false'),
(54, 0, 6, 60, '2014-10-06 02:43:19', '2014-10-06 02:43:19', 'false'),
(55, 10, 2, 57, '2014-10-09 12:21:26', '2014-10-09 12:21:26', 'false');

-- --------------------------------------------------------

--
-- Table structure for table `resultdetail`
--
-- Creation: Sep 28, 2014 at 06:46 PM
--

CREATE TABLE IF NOT EXISTS `resultdetail` (
  `id` int(11) unsigned NOT NULL AUTO_INCREMENT,
  `answer` varchar(255) COLLATE utf8mb4_unicode_ci DEFAULT NULL,
  `explanation` varchar(255) COLLATE utf8mb4_unicode_ci DEFAULT NULL,
  `weightage` double DEFAULT NULL,
  `result_id` int(11) unsigned DEFAULT NULL,
  `question_id` int(11) unsigned DEFAULT NULL,
  `insert_time` datetime DEFAULT NULL,
  `last_updated_time` datetime DEFAULT NULL,
  PRIMARY KEY (`id`),
  KEY `index_foreignkey_resultdetail_result` (`result_id`),
  KEY `index_foreignkey_resultdetail_question` (`question_id`)
) ENGINE=InnoDB  DEFAULT CHARSET=utf8mb4 COLLATE=utf8mb4_unicode_ci AUTO_INCREMENT=574 ;

--
-- RELATIONS FOR TABLE `resultdetail`:
--   `question_id`
--       `question` -> `id`
--   `result_id`
--       `result` -> `id`
--

--
-- Dumping data for table `resultdetail`
--

INSERT INTO `resultdetail` (`id`, `answer`, `explanation`, `weightage`, `result_id`, `question_id`, `insert_time`, `last_updated_time`) VALUES
(74, 'string', 'explanation', -0.5, 12, 28, '2014-10-05 17:02:09', '2014-10-05 17:02:09'),
(75, 'string', 'explanation', -0.5, 12, 29, '2014-10-05 17:02:09', '2014-10-05 17:02:09'),
(76, '', '', 0, 13, 11, '2014-10-05 23:06:24', '2014-10-05 23:06:24'),
(77, '', '', 0, 13, 12, '2014-10-05 23:06:24', '2014-10-05 23:06:24'),
(78, '', '', 0, 13, 13, '2014-10-05 23:06:24', '2014-10-05 23:06:24'),
(79, 'UK', '', 3, 13, 14, '2014-10-05 23:06:24', '2014-10-05 23:06:24'),
(80, '', '', 0, 13, 16, '2014-10-05 23:06:24', '2014-10-05 23:06:24'),
(81, '', '', 0, 13, 17, '2014-10-05 23:06:24', '2014-10-05 23:06:24'),
(82, '', '', 0, 13, 18, '2014-10-05 23:06:24', '2014-10-05 23:06:24'),
(83, '', '', 0, 13, 19, '2014-10-05 23:06:24', '2014-10-05 23:06:24'),
(84, '', '', 0, 13, 20, '2014-10-05 23:06:24', '2014-10-05 23:06:24'),
(85, '', '', 0, 13, 21, '2014-10-05 23:06:24', '2014-10-05 23:06:24'),
(86, '', '', 0, 13, 22, '2014-10-05 23:06:24', '2014-10-05 23:06:24'),
(87, '', '', 0, 13, 23, '2014-10-05 23:06:24', '2014-10-05 23:06:24'),
(88, '2', '', 0, 14, 11, '2014-10-05 23:08:18', '2014-10-05 23:08:18'),
(89, '', '', 0, 14, 12, '2014-10-05 23:08:18', '2014-10-05 23:08:18'),
(90, '', '', 0, 14, 13, '2014-10-05 23:08:18', '2014-10-05 23:08:18'),
(91, '', '', 0, 14, 14, '2014-10-05 23:08:18', '2014-10-05 23:08:18'),
(92, '', '', 0, 14, 16, '2014-10-05 23:08:18', '2014-10-05 23:08:18'),
(93, '', '', 0, 14, 17, '2014-10-05 23:08:18', '2014-10-05 23:08:18'),
(94, '1985', '', 0, 14, 18, '2014-10-05 23:08:18', '2014-10-05 23:08:18'),
(95, '', '', 0, 14, 19, '2014-10-05 23:08:18', '2014-10-05 23:08:18'),
(96, '', '', 0, 14, 20, '2014-10-05 23:08:18', '2014-10-05 23:08:18'),
(97, '', '', 0, 14, 21, '2014-10-05 23:08:18', '2014-10-05 23:08:18'),
(98, '(b) Rs. 16.4 lakh', '', 3, 14, 22, '2014-10-05 23:08:18', '2014-10-05 23:08:18'),
(99, '', '', 0, 14, 23, '2014-10-05 23:08:18', '2014-10-05 23:08:18'),
(100, '', '', 0, 15, 11, '2014-10-05 23:10:05', '2014-10-05 23:10:05'),
(101, '', '', 0, 15, 12, '2014-10-05 23:10:05', '2014-10-05 23:10:05'),
(102, '', '', 0, 15, 13, '2014-10-05 23:10:05', '2014-10-05 23:10:05'),
(103, 'UK', '', 3, 15, 14, '2014-10-05 23:10:05', '2014-10-05 23:10:05'),
(104, '', '', 0, 15, 16, '2014-10-05 23:10:05', '2014-10-05 23:10:05'),
(105, '', '', 0, 15, 17, '2014-10-05 23:10:05', '2014-10-05 23:10:05'),
(106, '1985', '', 0, 15, 18, '2014-10-05 23:10:05', '2014-10-05 23:10:05'),
(107, '(b) 32.6', '', 0, 15, 19, '2014-10-05 23:10:05', '2014-10-05 23:10:05'),
(108, '', '', 0, 15, 20, '2014-10-05 23:10:05', '2014-10-05 23:10:05'),
(109, '', '', 0, 15, 21, '2014-10-05 23:10:05', '2014-10-05 23:10:05'),
(110, '', '', 0, 15, 22, '2014-10-05 23:10:05', '2014-10-05 23:10:05'),
(111, '', '', 0, 15, 23, '2014-10-05 23:10:05', '2014-10-05 23:10:05'),
(112, '2', '', -1, 16, 11, '2014-10-05 23:15:35', '2014-10-05 23:15:35'),
(113, '', '', 0, 16, 12, '2014-10-05 23:15:35', '2014-10-05 23:15:35'),
(114, '', '', 0, 16, 13, '2014-10-05 23:15:35', '2014-10-05 23:15:35'),
(115, 'AUS', '', -1, 16, 14, '2014-10-05 23:15:35', '2014-10-05 23:15:35'),
(116, '', '', 0, 16, 16, '2014-10-05 23:15:35', '2014-10-05 23:15:35'),
(117, '', '', 0, 16, 17, '2014-10-05 23:15:35', '2014-10-05 23:15:35'),
(118, '1982', '', 3, 16, 18, '2014-10-05 23:15:35', '2014-10-05 23:15:35'),
(119, '', '', 0, 16, 19, '2014-10-05 23:15:35', '2014-10-05 23:15:35'),
(120, '(b) 0.7', '', -1, 16, 20, '2014-10-05 23:15:35', '2014-10-05 23:15:35'),
(121, '', '', 0, 16, 21, '2014-10-05 23:15:35', '2014-10-05 23:15:35'),
(122, '', '', 0, 16, 22, '2014-10-05 23:15:35', '2014-10-05 23:15:35'),
(123, '', '', 0, 16, 23, '2014-10-05 23:15:35', '2014-10-05 23:15:35'),
(124, '3', '', 3, 17, 11, '2014-10-05 23:18:11', '2014-10-05 23:18:11'),
(125, 'Increase of 12.3', '', -1, 17, 12, '2014-10-05 23:18:11', '2014-10-05 23:18:11'),
(126, 'Operation F in company 5', '', -1, 17, 13, '2014-10-05 23:18:11', '2014-10-05 23:18:11'),
(127, '', '', 0, 17, 14, '2014-10-05 23:18:11', '2014-10-05 23:18:11'),
(128, '', '', 0, 17, 16, '2014-10-05 23:18:11', '2014-10-05 23:18:11'),
(129, '150, 100, 211, 216, 97', '', -1, 17, 17, '2014-10-05 23:18:11', '2014-10-05 23:18:11'),
(130, '1982', '', 3, 17, 18, '2014-10-05 23:18:11', '2014-10-05 23:18:11'),
(131, '', '', 0, 17, 19, '2014-10-05 23:18:11', '2014-10-05 23:18:11'),
(132, '', '', 0, 17, 20, '2014-10-05 23:18:11', '2014-10-05 23:18:11'),
(133, '', '', 0, 17, 21, '2014-10-05 23:18:11', '2014-10-05 23:18:11'),
(134, '', '', 0, 17, 22, '2014-10-05 23:18:11', '2014-10-05 23:18:11'),
(135, '', '', 0, 17, 23, '2014-10-05 23:18:11', '2014-10-05 23:18:11'),
(136, '2', '', -1, 18, 11, '2014-10-05 23:22:55', '2014-10-05 23:22:55'),
(137, 'Reduction of 12.3', '', -1, 18, 12, '2014-10-05 23:22:55', '2014-10-05 23:22:55'),
(138, 'Operation E in company 4', '', 3, 18, 13, '2014-10-05 23:22:55', '2014-10-05 23:22:55'),
(139, 'USA', '', -1, 18, 14, '2014-10-05 23:22:55', '2014-10-05 23:22:55'),
(140, 'Rs. 103.48 crore', '', 3, 18, 16, '2014-10-05 23:22:55', '2014-10-05 23:22:55'),
(141, '', '', 0, 18, 17, '2014-10-05 23:22:55', '2014-10-05 23:22:55'),
(142, '', '', 0, 18, 18, '2014-10-05 23:22:55', '2014-10-05 23:22:55'),
(143, '', '', 0, 18, 19, '2014-10-05 23:22:55', '2014-10-05 23:22:55'),
(144, '', '', 0, 18, 20, '2014-10-05 23:22:55', '2014-10-05 23:22:55'),
(145, '', '', 0, 18, 21, '2014-10-05 23:22:55', '2014-10-05 23:22:55'),
(146, '', '', 0, 18, 22, '2014-10-05 23:22:55', '2014-10-05 23:22:55'),
(147, '', '', 0, 18, 23, '2014-10-05 23:22:55', '2014-10-05 23:22:55'),
(148, '3', '', 3, 19, 11, '2014-10-05 23:27:51', '2014-10-05 23:27:51'),
(149, 'Reduction of 12.3', '', -1, 19, 12, '2014-10-05 23:27:51', '2014-10-05 23:27:51'),
(150, 'Operation E in company 1', '', -1, 19, 13, '2014-10-05 23:27:51', '2014-10-05 23:27:51'),
(151, 'UK', '', 3, 19, 14, '2014-10-05 23:27:51', '2014-10-05 23:27:51'),
(152, '', '', 0, 19, 16, '2014-10-05 23:27:51', '2014-10-05 23:27:51'),
(153, '', '', 0, 19, 17, '2014-10-05 23:27:51', '2014-10-05 23:27:51'),
(154, '1982', '', 3, 19, 18, '2014-10-05 23:27:51', '2014-10-05 23:27:51'),
(155, '', '', 0, 19, 19, '2014-10-05 23:27:51', '2014-10-05 23:27:51'),
(156, '', '', 0, 19, 20, '2014-10-05 23:27:51', '2014-10-05 23:27:51'),
(157, '', '', 0, 19, 21, '2014-10-05 23:27:51', '2014-10-05 23:27:51'),
(158, '', '', 0, 19, 22, '2014-10-05 23:27:51', '2014-10-05 23:27:51'),
(159, '', '', 0, 19, 23, '2014-10-05 23:27:51', '2014-10-05 23:27:51'),
(160, '2', '', -1, 20, 11, '2014-10-05 23:29:24', '2014-10-05 23:29:24'),
(161, 'Reduction of 12.3', '', -1, 20, 12, '2014-10-05 23:29:24', '2014-10-05 23:29:24'),
(162, 'Operation E in company 4', '', 3, 20, 13, '2014-10-05 23:29:24', '2014-10-05 23:29:24'),
(163, '', '', 0, 20, 14, '2014-10-05 23:29:24', '2014-10-05 23:29:24'),
(164, 'Rs. 1023.48 crore', '', -1, 20, 16, '2014-10-05 23:29:24', '2014-10-05 23:29:24'),
(165, '150, 100, 211, 216, 97', '', -1, 20, 17, '2014-10-05 23:29:24', '2014-10-05 23:29:24'),
(166, '1985', '', -1, 20, 18, '2014-10-05 23:29:24', '2014-10-05 23:29:24'),
(167, '', '', 0, 20, 19, '2014-10-05 23:29:24', '2014-10-05 23:29:24'),
(168, '', '', 0, 20, 20, '2014-10-05 23:29:24', '2014-10-05 23:29:24'),
(169, '', '', 0, 20, 21, '2014-10-05 23:29:24', '2014-10-05 23:29:24'),
(170, '', '', 0, 20, 22, '2014-10-05 23:29:24', '2014-10-05 23:29:24'),
(171, '', '', 0, 20, 23, '2014-10-05 23:29:24', '2014-10-05 23:29:24'),
(172, '2', '', -1, 21, 11, '2014-10-05 23:31:08', '2014-10-05 23:31:08'),
(173, 'Reduction of 5.6', '', 3, 21, 12, '2014-10-05 23:31:08', '2014-10-05 23:31:08'),
(174, 'Operation E in company 1', '', -1, 21, 13, '2014-10-05 23:31:08', '2014-10-05 23:31:08'),
(175, '', '', 0, 21, 14, '2014-10-05 23:31:08', '2014-10-05 23:31:08'),
(176, 'Rs. 103.48 crore', '', 3, 21, 16, '2014-10-05 23:31:08', '2014-10-05 23:31:08'),
(177, '150, 1020, 211, 216, 97', '', -1, 21, 17, '2014-10-05 23:31:08', '2014-10-05 23:31:08'),
(178, '1982', '', 3, 21, 18, '2014-10-05 23:31:08', '2014-10-05 23:31:08'),
(179, '', '', 0, 21, 19, '2014-10-05 23:31:08', '2014-10-05 23:31:08'),
(180, '', '', 0, 21, 20, '2014-10-05 23:31:08', '2014-10-05 23:31:08'),
(181, '', '', 0, 21, 21, '2014-10-05 23:31:08', '2014-10-05 23:31:08'),
(182, '', '', 0, 21, 22, '2014-10-05 23:31:08', '2014-10-05 23:31:08'),
(183, '', '', 0, 21, 23, '2014-10-05 23:31:08', '2014-10-05 23:31:08'),
(184, '2', '', 0, 22, 11, '2014-10-05 23:39:08', '2014-10-05 23:39:08'),
(185, 'Reduction of 12.3', '', 0, 22, 12, '2014-10-05 23:39:08', '2014-10-05 23:39:08'),
(186, 'Operation E in company 1', '', 0, 22, 13, '2014-10-05 23:39:08', '2014-10-05 23:39:08'),
(187, 'USA', '', 0, 22, 14, '2014-10-05 23:39:08', '2014-10-05 23:39:08'),
(188, '', '', 0, 22, 16, '2014-10-05 23:39:08', '2014-10-05 23:39:08'),
(189, '', '', 0, 22, 17, '2014-10-05 23:39:08', '2014-10-05 23:39:08'),
(190, '1985', '', 0, 22, 18, '2014-10-05 23:39:08', '2014-10-05 23:39:08'),
(191, '', '', 0, 22, 19, '2014-10-05 23:39:08', '2014-10-05 23:39:08'),
(192, '', '', 0, 22, 20, '2014-10-05 23:39:08', '2014-10-05 23:39:08'),
(193, '', '', 0, 22, 21, '2014-10-05 23:39:08', '2014-10-05 23:39:08'),
(194, '', '', 0, 22, 22, '2014-10-05 23:39:08', '2014-10-05 23:39:08'),
(195, '', '', 0, 22, 23, '2014-10-05 23:39:08', '2014-10-05 23:39:08'),
(196, '2', '', 0, 23, 11, '2014-10-05 23:43:09', '2014-10-05 23:43:09'),
(197, 'Reduction of 12.3', '', 0, 23, 12, '2014-10-05 23:43:09', '2014-10-05 23:43:09'),
(198, 'Operation E in company 1', '', 0, 23, 13, '2014-10-05 23:43:09', '2014-10-05 23:43:09'),
(199, 'USA', '', 0, 23, 14, '2014-10-05 23:43:09', '2014-10-05 23:43:09'),
(200, 'Rs. 103.48 crore', '', 3, 23, 16, '2014-10-05 23:43:09', '2014-10-05 23:43:09'),
(201, '150, 100, 211, 216, 97', '', 0, 23, 17, '2014-10-05 23:43:09', '2014-10-05 23:43:09'),
(202, '1985', '', 0, 23, 18, '2014-10-05 23:43:09', '2014-10-05 23:43:09'),
(203, '', '', 0, 23, 19, '2014-10-05 23:43:09', '2014-10-05 23:43:09'),
(204, '', '', 0, 23, 20, '2014-10-05 23:43:09', '2014-10-05 23:43:09'),
(205, '', '', 0, 23, 21, '2014-10-05 23:43:09', '2014-10-05 23:43:09'),
(206, '', '', 0, 23, 22, '2014-10-05 23:43:09', '2014-10-05 23:43:09'),
(207, '', '', 0, 23, 23, '2014-10-05 23:43:09', '2014-10-05 23:43:09'),
(208, '2', '', 0, 24, 11, '2014-10-05 23:45:10', '2014-10-05 23:45:10'),
(209, 'Reduction of 12.3', '', 0, 24, 12, '2014-10-05 23:45:10', '2014-10-05 23:45:10'),
(210, 'Operation E in company 1', '', 0, 24, 13, '2014-10-05 23:45:10', '2014-10-05 23:45:10'),
(211, 'USA', '', 0, 24, 14, '2014-10-05 23:45:10', '2014-10-05 23:45:10'),
(212, '', '', 0, 24, 16, '2014-10-05 23:45:10', '2014-10-05 23:45:10'),
(213, '150, 100, 211, 216, 97', '', 0, 24, 17, '2014-10-05 23:45:10', '2014-10-05 23:45:10'),
(214, '1985', '', 0, 24, 18, '2014-10-05 23:45:10', '2014-10-05 23:45:10'),
(215, '', '', 0, 24, 19, '2014-10-05 23:45:10', '2014-10-05 23:45:10'),
(216, '', '', 0, 24, 20, '2014-10-05 23:45:10', '2014-10-05 23:45:10'),
(217, '', '', 0, 24, 21, '2014-10-05 23:45:10', '2014-10-05 23:45:10'),
(218, '', '', 0, 24, 22, '2014-10-05 23:45:10', '2014-10-05 23:45:10'),
(219, '', '', 0, 24, 23, '2014-10-05 23:45:10', '2014-10-05 23:45:10'),
(220, '2', '', 0, 25, 11, '2014-10-05 23:49:38', '2014-10-05 23:49:38'),
(221, 'Reduction of 12.3', '', 0, 25, 12, '2014-10-05 23:49:38', '2014-10-05 23:49:38'),
(222, 'Operation E in company 1', '', 0, 25, 13, '2014-10-05 23:49:38', '2014-10-05 23:49:38'),
(223, 'USA', '', 0, 25, 14, '2014-10-05 23:49:38', '2014-10-05 23:49:38'),
(224, 'Rs. 103.48 crore', '', 3, 25, 16, '2014-10-05 23:49:38', '2014-10-05 23:49:38'),
(225, '150, 100, 211, 216, 97', '', 0, 25, 17, '2014-10-05 23:49:38', '2014-10-05 23:49:38'),
(226, '1985', '', 0, 25, 18, '2014-10-05 23:49:38', '2014-10-05 23:49:38'),
(227, '', '', 0, 25, 19, '2014-10-05 23:49:38', '2014-10-05 23:49:38'),
(228, '', '', 0, 25, 20, '2014-10-05 23:49:38', '2014-10-05 23:49:38'),
(229, '', '', 0, 25, 21, '2014-10-05 23:49:38', '2014-10-05 23:49:38'),
(230, '', '', 0, 25, 22, '2014-10-05 23:49:38', '2014-10-05 23:49:38'),
(231, '', '', 0, 25, 23, '2014-10-05 23:49:38', '2014-10-05 23:49:38'),
(232, '2', '', 0, 26, 11, '2014-10-05 23:56:49', '2014-10-05 23:56:49'),
(233, 'Reduction of 12.3', '', 0, 26, 12, '2014-10-05 23:56:49', '2014-10-05 23:56:49'),
(234, 'Operation E in company 1', '', 0, 26, 13, '2014-10-05 23:56:49', '2014-10-05 23:56:49'),
(235, '', '', 0, 26, 14, '2014-10-05 23:56:49', '2014-10-05 23:56:49'),
(236, 'Rs. 103.48 crore', '', 3, 26, 16, '2014-10-05 23:56:49', '2014-10-05 23:56:49'),
(237, '150, 100, 211, 216, 97', '', 0, 26, 17, '2014-10-05 23:56:49', '2014-10-05 23:56:49'),
(238, '1985', '', 0, 26, 18, '2014-10-05 23:56:49', '2014-10-05 23:56:49'),
(239, '', '', 0, 26, 19, '2014-10-05 23:56:49', '2014-10-05 23:56:49'),
(240, '', '', 0, 26, 20, '2014-10-05 23:56:49', '2014-10-05 23:56:49'),
(241, '', '', 0, 26, 21, '2014-10-05 23:56:49', '2014-10-05 23:56:49'),
(242, '', '', 0, 26, 22, '2014-10-05 23:56:49', '2014-10-05 23:56:49'),
(243, '', '', 0, 26, 23, '2014-10-05 23:56:49', '2014-10-05 23:56:49'),
(244, '2', '', 0, 27, 11, '2014-10-05 23:59:26', '2014-10-05 23:59:26'),
(245, 'Reduction of 12.3', '', 0, 27, 12, '2014-10-05 23:59:26', '2014-10-05 23:59:26'),
(246, 'Operation E in company 1', '', 0, 27, 13, '2014-10-05 23:59:26', '2014-10-05 23:59:26'),
(247, '', '', 0, 27, 14, '2014-10-05 23:59:26', '2014-10-05 23:59:26'),
(248, 'Rs. 103.48 crore', '', 3, 27, 16, '2014-10-05 23:59:26', '2014-10-05 23:59:26'),
(249, '150, 100, 211, 216, 97', '', 0, 27, 17, '2014-10-05 23:59:26', '2014-10-05 23:59:26'),
(250, '1985', '', 0, 27, 18, '2014-10-05 23:59:26', '2014-10-05 23:59:26'),
(251, '', '', 0, 27, 19, '2014-10-05 23:59:26', '2014-10-05 23:59:26'),
(252, '', '', 0, 27, 20, '2014-10-05 23:59:26', '2014-10-05 23:59:26'),
(253, '', '', 0, 27, 21, '2014-10-05 23:59:26', '2014-10-05 23:59:26'),
(254, '', '', 0, 27, 22, '2014-10-05 23:59:26', '2014-10-05 23:59:26'),
(255, '', '', 0, 27, 23, '2014-10-05 23:59:26', '2014-10-05 23:59:26'),
(256, '2', '', 0, 28, 11, '2014-10-06 00:03:37', '2014-10-06 00:03:37'),
(257, 'Reduction of 12.3', '', 0, 28, 12, '2014-10-06 00:03:37', '2014-10-06 00:03:37'),
(258, 'Operation E in company 1', '', 0, 28, 13, '2014-10-06 00:03:37', '2014-10-06 00:03:37'),
(259, '', '', 0, 28, 14, '2014-10-06 00:03:37', '2014-10-06 00:03:37'),
(260, 'Rs. 103.48 crore', '', 3, 28, 16, '2014-10-06 00:03:37', '2014-10-06 00:03:37'),
(261, '150, 100, 211, 216, 97', '', 0, 28, 17, '2014-10-06 00:03:37', '2014-10-06 00:03:37'),
(262, '1985', '', 0, 28, 18, '2014-10-06 00:03:37', '2014-10-06 00:03:37'),
(263, '', '', 0, 28, 19, '2014-10-06 00:03:37', '2014-10-06 00:03:37'),
(264, '', '', 0, 28, 20, '2014-10-06 00:03:37', '2014-10-06 00:03:37'),
(265, '', '', 0, 28, 21, '2014-10-06 00:03:37', '2014-10-06 00:03:37'),
(266, '', '', 0, 28, 22, '2014-10-06 00:03:37', '2014-10-06 00:03:37'),
(267, '', '', 0, 28, 23, '2014-10-06 00:03:37', '2014-10-06 00:03:37'),
(268, '3', '', 3, 29, 11, '2014-10-06 00:04:57', '2014-10-06 00:04:57'),
(269, 'Increase of 12.3', '', 0, 29, 12, '2014-10-06 00:04:57', '2014-10-06 00:04:57'),
(270, 'Operation E in company 4', '', 3, 29, 13, '2014-10-06 00:04:57', '2014-10-06 00:04:57'),
(271, '', '', 0, 29, 14, '2014-10-06 00:04:57', '2014-10-06 00:04:57'),
(272, '', '', 0, 29, 16, '2014-10-06 00:04:57', '2014-10-06 00:04:57'),
(273, '', '', 0, 29, 17, '2014-10-06 00:04:57', '2014-10-06 00:04:57'),
(274, '', '', 0, 29, 18, '2014-10-06 00:04:57', '2014-10-06 00:04:57'),
(275, '', '', 0, 29, 19, '2014-10-06 00:04:57', '2014-10-06 00:04:57'),
(276, '', '', 0, 29, 20, '2014-10-06 00:04:57', '2014-10-06 00:04:57'),
(277, '', '', 0, 29, 21, '2014-10-06 00:04:57', '2014-10-06 00:04:57'),
(278, '', '', 0, 29, 22, '2014-10-06 00:04:57', '2014-10-06 00:04:57'),
(279, '', '', 0, 29, 23, '2014-10-06 00:04:57', '2014-10-06 00:04:57'),
(280, '4', '', 0, 30, 11, '2014-10-06 00:27:40', '2014-10-06 00:27:40'),
(281, 'Reduction of 12.3', '', 0, 30, 12, '2014-10-06 00:27:40', '2014-10-06 00:27:40'),
(282, 'Operation E in company 1', '', 0, 30, 13, '2014-10-06 00:27:40', '2014-10-06 00:27:40'),
(283, 'USA', '', 0, 30, 14, '2014-10-06 00:27:40', '2014-10-06 00:27:40'),
(284, 'Rs. 103.48 crore', '', 3, 30, 16, '2014-10-06 00:27:40', '2014-10-06 00:27:40'),
(285, '150, 100, 211, 216, 97', '', 0, 30, 17, '2014-10-06 00:27:40', '2014-10-06 00:27:40'),
(286, '1985', '', 0, 30, 18, '2014-10-06 00:27:40', '2014-10-06 00:27:40'),
(287, '', '', 0, 30, 19, '2014-10-06 00:27:40', '2014-10-06 00:27:40'),
(288, '', '', 0, 30, 20, '2014-10-06 00:27:40', '2014-10-06 00:27:40'),
(289, '', '', 0, 30, 21, '2014-10-06 00:27:40', '2014-10-06 00:27:40'),
(290, '', '', 0, 30, 22, '2014-10-06 00:27:40', '2014-10-06 00:27:40'),
(291, '', '', 0, 30, 23, '2014-10-06 00:27:40', '2014-10-06 00:27:40'),
(292, '2', '', 0, 31, 11, '2014-10-06 00:29:19', '2014-10-06 00:29:19'),
(293, 'Increase of 12.3', '', 0, 31, 12, '2014-10-06 00:29:19', '2014-10-06 00:29:19'),
(294, 'Operation E in company 4', '', 3, 31, 13, '2014-10-06 00:29:19', '2014-10-06 00:29:19'),
(295, '', '', 0, 31, 14, '2014-10-06 00:29:19', '2014-10-06 00:29:19'),
(296, 'Rs. 103.48 crore', '', 3, 31, 16, '2014-10-06 00:29:19', '2014-10-06 00:29:19'),
(297, '150, 100, 211, 216, 97', '', 0, 31, 17, '2014-10-06 00:29:19', '2014-10-06 00:29:19'),
(298, '1982', '', 3, 31, 18, '2014-10-06 00:29:19', '2014-10-06 00:29:19'),
(299, '', '', 0, 31, 19, '2014-10-06 00:29:19', '2014-10-06 00:29:19'),
(300, '', '', 0, 31, 20, '2014-10-06 00:29:19', '2014-10-06 00:29:19'),
(301, '', '', 0, 31, 21, '2014-10-06 00:29:19', '2014-10-06 00:29:19'),
(302, '', '', 0, 31, 22, '2014-10-06 00:29:19', '2014-10-06 00:29:19'),
(303, '', '', 0, 31, 23, '2014-10-06 00:29:19', '2014-10-06 00:29:19'),
(304, '', '', 0, 32, 11, '2014-10-06 00:31:01', '2014-10-06 00:31:01'),
(305, 'Reduction of 12.3', '', 0, 32, 12, '2014-10-06 00:31:01', '2014-10-06 00:31:01'),
(306, '', '', 0, 32, 13, '2014-10-06 00:31:01', '2014-10-06 00:31:01'),
(307, '', '', 0, 32, 14, '2014-10-06 00:31:01', '2014-10-06 00:31:01'),
(308, '', '', 0, 32, 16, '2014-10-06 00:31:01', '2014-10-06 00:31:01'),
(309, '150, 100, 211, 216, 97', '', 0, 32, 17, '2014-10-06 00:31:01', '2014-10-06 00:31:01'),
(310, '1985', '', 0, 32, 18, '2014-10-06 00:31:01', '2014-10-06 00:31:01'),
(311, '', '', 0, 32, 19, '2014-10-06 00:31:01', '2014-10-06 00:31:01'),
(312, '', '', 0, 32, 20, '2014-10-06 00:31:01', '2014-10-06 00:31:01'),
(313, 'b) 8 : 1', '', 0, 32, 21, '2014-10-06 00:31:01', '2014-10-06 00:31:01'),
(314, '', '', 0, 32, 22, '2014-10-06 00:31:01', '2014-10-06 00:31:01'),
(315, '', '', 0, 32, 23, '2014-10-06 00:31:01', '2014-10-06 00:31:01'),
(316, '2', '', 0, 33, 11, '2014-10-06 00:33:12', '2014-10-06 00:33:12'),
(317, 'Reduction of 12.3', '', 0, 33, 12, '2014-10-06 00:33:12', '2014-10-06 00:33:12'),
(318, 'Operation E in company 1', '', 0, 33, 13, '2014-10-06 00:33:12', '2014-10-06 00:33:12'),
(319, 'USA', '', 0, 33, 14, '2014-10-06 00:33:12', '2014-10-06 00:33:12'),
(320, 'Rs. 103.48 crore', '', 3, 33, 16, '2014-10-06 00:33:12', '2014-10-06 00:33:12'),
(321, '1530, 100, 211, 216, 97', '', 3, 33, 17, '2014-10-06 00:33:12', '2014-10-06 00:33:12'),
(322, '1982', '', 3, 33, 18, '2014-10-06 00:33:12', '2014-10-06 00:33:12'),
(323, '', '', 0, 33, 19, '2014-10-06 00:33:12', '2014-10-06 00:33:12'),
(324, '', '', 0, 33, 20, '2014-10-06 00:33:12', '2014-10-06 00:33:12'),
(325, '', '', 0, 33, 21, '2014-10-06 00:33:12', '2014-10-06 00:33:12'),
(326, '', '', 0, 33, 22, '2014-10-06 00:33:12', '2014-10-06 00:33:12'),
(327, '', '', 0, 33, 23, '2014-10-06 00:33:12', '2014-10-06 00:33:12'),
(328, '2', '', 0, 34, 11, '2014-10-06 00:34:31', '2014-10-06 00:34:31'),
(329, 'Reduction of 12.3', '', 0, 34, 12, '2014-10-06 00:34:31', '2014-10-06 00:34:31'),
(330, 'Operation E in company 1', '', 0, 34, 13, '2014-10-06 00:34:31', '2014-10-06 00:34:31'),
(331, '', '', 0, 34, 14, '2014-10-06 00:34:31', '2014-10-06 00:34:31'),
(332, 'Rs. 1023.48 crore', '', 0, 34, 16, '2014-10-06 00:34:31', '2014-10-06 00:34:31'),
(333, '150, 1020, 211, 216, 97', '', 0, 34, 17, '2014-10-06 00:34:31', '2014-10-06 00:34:31'),
(334, '1985', '', 0, 34, 18, '2014-10-06 00:34:31', '2014-10-06 00:34:31'),
(335, '(c) 42.5', '', 0, 34, 19, '2014-10-06 00:34:31', '2014-10-06 00:34:31'),
(336, '(b) 0.7', '', 0, 34, 20, '2014-10-06 00:34:31', '2014-10-06 00:34:31'),
(337, 'b) 8 : 1', '', 0, 34, 21, '2014-10-06 00:34:31', '2014-10-06 00:34:31'),
(338, '(c) Rs.21.4 lakh', '', 0, 34, 22, '2014-10-06 00:34:31', '2014-10-06 00:34:31'),
(339, '29', '', 3, 34, 23, '2014-10-06 00:34:31', '2014-10-06 00:34:31'),
(340, '4', '', 0, 35, 11, '2014-10-06 00:36:35', '2014-10-06 00:36:35'),
(341, 'Increase of 12.3', '', 0, 35, 12, '2014-10-06 00:36:35', '2014-10-06 00:36:35'),
(342, 'Operation E in company 1', '', 0, 35, 13, '2014-10-06 00:36:35', '2014-10-06 00:36:35'),
(343, '', '', 0, 35, 14, '2014-10-06 00:36:35', '2014-10-06 00:36:35'),
(344, 'Rs. 103.48 crore', '', 3, 35, 16, '2014-10-06 00:36:35', '2014-10-06 00:36:35'),
(345, '150, 100, 211, 216, 97', '', 0, 35, 17, '2014-10-06 00:36:35', '2014-10-06 00:36:35'),
(346, '1985', '', 0, 35, 18, '2014-10-06 00:36:35', '2014-10-06 00:36:35'),
(347, '(b) 32.6', '', 0, 35, 19, '2014-10-06 00:36:35', '2014-10-06 00:36:35'),
(348, '0.9', '', 0, 35, 20, '2014-10-06 00:36:35', '2014-10-06 00:36:35'),
(349, 'b) 8 : 1', '', 0, 35, 21, '2014-10-06 00:36:35', '2014-10-06 00:36:35'),
(350, 'Rs. 11.4 lakh', '', 0, 35, 22, '2014-10-06 00:36:35', '2014-10-06 00:36:35'),
(351, '39', '', 0, 35, 23, '2014-10-06 00:36:35', '2014-10-06 00:36:35'),
(352, '2', '', 0, 36, 11, '2014-10-06 00:37:54', '2014-10-06 00:37:54'),
(353, 'Reduction of 12.3', '', 0, 36, 12, '2014-10-06 00:37:54', '2014-10-06 00:37:54'),
(354, 'Operation E in company 1', '', 0, 36, 13, '2014-10-06 00:37:54', '2014-10-06 00:37:54'),
(355, '', '', 0, 36, 14, '2014-10-06 00:37:54', '2014-10-06 00:37:54'),
(356, 'Rs. 103.48 crore', '', 3, 36, 16, '2014-10-06 00:37:54', '2014-10-06 00:37:54'),
(357, '150, 100, 211, 216, 97', '', 0, 36, 17, '2014-10-06 00:37:54', '2014-10-06 00:37:54'),
(358, '1985', '', 0, 36, 18, '2014-10-06 00:37:54', '2014-10-06 00:37:54'),
(359, '22.6', '', 3, 36, 19, '2014-10-06 00:37:54', '2014-10-06 00:37:54'),
(360, '0.9', '', 0, 36, 20, '2014-10-06 00:37:54', '2014-10-06 00:37:54'),
(361, 'b) 8 : 1', '', 0, 36, 21, '2014-10-06 00:37:54', '2014-10-06 00:37:54'),
(362, '(b) Rs. 16.4 lakh', '', 3, 36, 22, '2014-10-06 00:37:54', '2014-10-06 00:37:54'),
(363, '39', '', 0, 36, 23, '2014-10-06 00:37:54', '2014-10-06 00:37:54'),
(364, '2', '', 0, 37, 11, '2014-10-06 00:42:17', '2014-10-06 00:42:17'),
(365, 'Reduction of 12.3', '', 0, 37, 12, '2014-10-06 00:42:17', '2014-10-06 00:42:17'),
(366, 'Operation E in company 1', '', 0, 37, 13, '2014-10-06 00:42:17', '2014-10-06 00:42:17'),
(367, '', '', 0, 37, 14, '2014-10-06 00:42:17', '2014-10-06 00:42:17'),
(368, '', '', 0, 37, 16, '2014-10-06 00:42:17', '2014-10-06 00:42:17'),
(369, '', '', 0, 37, 17, '2014-10-06 00:42:17', '2014-10-06 00:42:17'),
(370, '', '', 0, 37, 18, '2014-10-06 00:42:17', '2014-10-06 00:42:17'),
(371, '', '', 0, 37, 19, '2014-10-06 00:42:17', '2014-10-06 00:42:17'),
(372, '', '', 0, 37, 20, '2014-10-06 00:42:17', '2014-10-06 00:42:17'),
(373, '', '', 0, 37, 21, '2014-10-06 00:42:17', '2014-10-06 00:42:17'),
(374, '', '', 0, 37, 22, '2014-10-06 00:42:17', '2014-10-06 00:42:17'),
(375, '', '', 0, 37, 23, '2014-10-06 00:42:17', '2014-10-06 00:42:17'),
(376, '', '', 0, 38, 11, '2014-10-06 00:43:35', '2014-10-06 00:43:35'),
(377, '', '', 0, 38, 12, '2014-10-06 00:43:35', '2014-10-06 00:43:35'),
(378, '', '', 0, 38, 13, '2014-10-06 00:43:35', '2014-10-06 00:43:35'),
(379, '', '', 0, 38, 14, '2014-10-06 00:43:35', '2014-10-06 00:43:35'),
(380, '', '', 0, 38, 16, '2014-10-06 00:43:35', '2014-10-06 00:43:35'),
(381, '', '', 0, 38, 17, '2014-10-06 00:43:35', '2014-10-06 00:43:35'),
(382, '', '', 0, 38, 18, '2014-10-06 00:43:35', '2014-10-06 00:43:35'),
(383, '', '', 0, 38, 19, '2014-10-06 00:43:35', '2014-10-06 00:43:35'),
(384, '', '', 0, 38, 20, '2014-10-06 00:43:35', '2014-10-06 00:43:35'),
(385, 'b) 8 : 1', '', 0, 38, 21, '2014-10-06 00:43:35', '2014-10-06 00:43:35'),
(386, '', '', 0, 38, 22, '2014-10-06 00:43:35', '2014-10-06 00:43:35'),
(387, '29', '', 3, 38, 23, '2014-10-06 00:43:35', '2014-10-06 00:43:35'),
(388, '2', '', 0, 39, 11, '2014-10-06 00:45:08', '2014-10-06 00:45:08'),
(389, 'Reduction of 12.3', '', 0, 39, 12, '2014-10-06 00:45:08', '2014-10-06 00:45:08'),
(390, 'Operation E in company 1', '', 0, 39, 13, '2014-10-06 00:45:08', '2014-10-06 00:45:08'),
(391, '', '', 0, 39, 14, '2014-10-06 00:45:08', '2014-10-06 00:45:08'),
(392, 'Rs. 103.48 crore', '', 3, 39, 16, '2014-10-06 00:45:08', '2014-10-06 00:45:08'),
(393, '150, 100, 211, 216, 97', '', 0, 39, 17, '2014-10-06 00:45:08', '2014-10-06 00:45:08'),
(394, '1985', '', 0, 39, 18, '2014-10-06 00:45:08', '2014-10-06 00:45:08'),
(395, '', '', 0, 39, 19, '2014-10-06 00:45:08', '2014-10-06 00:45:08'),
(396, '', '', 0, 39, 20, '2014-10-06 00:45:08', '2014-10-06 00:45:08'),
(397, '', '', 0, 39, 21, '2014-10-06 00:45:08', '2014-10-06 00:45:08'),
(398, '', '', 0, 39, 22, '2014-10-06 00:45:08', '2014-10-06 00:45:08'),
(399, '', '', 0, 39, 23, '2014-10-06 00:45:08', '2014-10-06 00:45:08'),
(400, '2', '', 0, 40, 11, '2014-10-06 00:45:15', '2014-10-06 00:45:15'),
(401, 'Reduction of 12.3', '', 0, 40, 12, '2014-10-06 00:45:15', '2014-10-06 00:45:15'),
(402, 'Operation E in company 1', '', 0, 40, 13, '2014-10-06 00:45:15', '2014-10-06 00:45:15'),
(403, '', '', 0, 40, 14, '2014-10-06 00:45:15', '2014-10-06 00:45:15'),
(404, 'Rs. 103.48 crore', '', 3, 40, 16, '2014-10-06 00:45:15', '2014-10-06 00:45:15'),
(405, '150, 100, 211, 216, 97', '', 0, 40, 17, '2014-10-06 00:45:15', '2014-10-06 00:45:15'),
(406, '1985', '', 0, 40, 18, '2014-10-06 00:45:15', '2014-10-06 00:45:15'),
(407, '', '', 0, 40, 19, '2014-10-06 00:45:15', '2014-10-06 00:45:15'),
(408, '', '', 0, 40, 20, '2014-10-06 00:45:15', '2014-10-06 00:45:15'),
(409, '', '', 0, 40, 21, '2014-10-06 00:45:15', '2014-10-06 00:45:15'),
(410, '', '', 0, 40, 22, '2014-10-06 00:45:15', '2014-10-06 00:45:15'),
(411, '', '', 0, 40, 23, '2014-10-06 00:45:15', '2014-10-06 00:45:15'),
(412, '2', '', 0, 41, 11, '2014-10-06 00:48:01', '2014-10-06 00:48:01'),
(413, 'Reduction of 12.3', '', 0, 41, 12, '2014-10-06 00:48:01', '2014-10-06 00:48:01'),
(414, 'Operation E in company 1', '', 0, 41, 13, '2014-10-06 00:48:01', '2014-10-06 00:48:01'),
(415, '', '', 0, 41, 14, '2014-10-06 00:48:01', '2014-10-06 00:48:01'),
(416, '', '', 0, 41, 16, '2014-10-06 00:48:01', '2014-10-06 00:48:01'),
(417, '', '', 0, 41, 17, '2014-10-06 00:48:01', '2014-10-06 00:48:01'),
(418, '', '', 0, 41, 18, '2014-10-06 00:48:01', '2014-10-06 00:48:01'),
(419, '', '', 0, 41, 19, '2014-10-06 00:48:01', '2014-10-06 00:48:01'),
(420, '', '', 0, 41, 20, '2014-10-06 00:48:01', '2014-10-06 00:48:01'),
(421, '', '', 0, 41, 21, '2014-10-06 00:48:01', '2014-10-06 00:48:01'),
(422, '', '', 0, 41, 22, '2014-10-06 00:48:01', '2014-10-06 00:48:01'),
(423, '', '', 0, 41, 23, '2014-10-06 00:48:01', '2014-10-06 00:48:01'),
(424, '', '', 0, 42, 11, '2014-10-06 00:58:16', '2014-10-06 00:58:16'),
(425, '', '', 0, 42, 12, '2014-10-06 00:58:16', '2014-10-06 00:58:16'),
(426, '', '', 0, 42, 13, '2014-10-06 00:58:16', '2014-10-06 00:58:16'),
(427, '', '', 0, 42, 14, '2014-10-06 00:58:16', '2014-10-06 00:58:16'),
(428, '', '', 0, 42, 16, '2014-10-06 00:58:16', '2014-10-06 00:58:16'),
(429, '', '', 0, 42, 17, '2014-10-06 00:58:16', '2014-10-06 00:58:16'),
(430, '', '', 0, 42, 18, '2014-10-06 00:58:16', '2014-10-06 00:58:16'),
(431, '', '', 0, 42, 19, '2014-10-06 00:58:16', '2014-10-06 00:58:16'),
(432, '', '', 0, 42, 20, '2014-10-06 00:58:16', '2014-10-06 00:58:16'),
(433, '', '', 0, 42, 21, '2014-10-06 00:58:16', '2014-10-06 00:58:16'),
(434, '', '', 0, 42, 22, '2014-10-06 00:58:16', '2014-10-06 00:58:16'),
(435, '', '', 0, 42, 23, '2014-10-06 00:58:16', '2014-10-06 00:58:16'),
(436, '', '', 0, 43, 11, '2014-10-06 00:59:19', '2014-10-06 00:59:19'),
(437, '', '', 0, 43, 12, '2014-10-06 00:59:19', '2014-10-06 00:59:19'),
(438, '', '', 0, 43, 13, '2014-10-06 00:59:19', '2014-10-06 00:59:19'),
(439, '', '', 0, 43, 14, '2014-10-06 00:59:19', '2014-10-06 00:59:19'),
(440, '', '', 0, 43, 16, '2014-10-06 00:59:19', '2014-10-06 00:59:19'),
(441, '', '', 0, 43, 17, '2014-10-06 00:59:19', '2014-10-06 00:59:19'),
(442, '', '', 0, 43, 18, '2014-10-06 00:59:19', '2014-10-06 00:59:19'),
(443, '', '', 0, 43, 19, '2014-10-06 00:59:19', '2014-10-06 00:59:19'),
(444, '', '', 0, 43, 20, '2014-10-06 00:59:19', '2014-10-06 00:59:19'),
(445, '', '', 0, 43, 21, '2014-10-06 00:59:19', '2014-10-06 00:59:19'),
(446, '', '', 0, 43, 22, '2014-10-06 00:59:19', '2014-10-06 00:59:19'),
(447, '', '', 0, 43, 23, '2014-10-06 00:59:19', '2014-10-06 00:59:19'),
(448, '2', '', 0, 44, 11, '2014-10-06 01:01:05', '2014-10-06 01:01:05'),
(449, '', '', 0, 44, 12, '2014-10-06 01:01:05', '2014-10-06 01:01:05'),
(450, '', '', 0, 44, 13, '2014-10-06 01:01:05', '2014-10-06 01:01:05'),
(451, '', '', 0, 44, 14, '2014-10-06 01:01:05', '2014-10-06 01:01:05'),
(452, '', '', 0, 44, 16, '2014-10-06 01:01:05', '2014-10-06 01:01:05'),
(453, '', '', 0, 44, 17, '2014-10-06 01:01:05', '2014-10-06 01:01:05'),
(454, '', '', 0, 44, 18, '2014-10-06 01:01:05', '2014-10-06 01:01:05'),
(455, '', '', 0, 44, 19, '2014-10-06 01:01:05', '2014-10-06 01:01:05'),
(456, '', '', 0, 44, 20, '2014-10-06 01:01:05', '2014-10-06 01:01:05'),
(457, '', '', 0, 44, 21, '2014-10-06 01:01:05', '2014-10-06 01:01:05'),
(458, '', '', 0, 44, 22, '2014-10-06 01:01:05', '2014-10-06 01:01:05'),
(459, '', '', 0, 44, 23, '2014-10-06 01:01:05', '2014-10-06 01:01:05'),
(460, '', '', 0, 45, 11, '2014-10-06 01:16:13', '2014-10-06 01:16:13'),
(461, '', '', 0, 45, 12, '2014-10-06 01:16:13', '2014-10-06 01:16:13'),
(462, '', '', 0, 45, 13, '2014-10-06 01:16:13', '2014-10-06 01:16:13'),
(463, 'UK', '', 3, 45, 14, '2014-10-06 01:16:13', '2014-10-06 01:16:13'),
(464, '', '', 0, 45, 16, '2014-10-06 01:16:13', '2014-10-06 01:16:13'),
(465, '', '', 0, 45, 17, '2014-10-06 01:16:13', '2014-10-06 01:16:13'),
(466, '1985', '', 0, 45, 18, '2014-10-06 01:16:13', '2014-10-06 01:16:13'),
(467, '', '', 0, 45, 19, '2014-10-06 01:16:13', '2014-10-06 01:16:13'),
(468, '', '', 0, 45, 20, '2014-10-06 01:16:13', '2014-10-06 01:16:13'),
(469, '', '', 0, 45, 21, '2014-10-06 01:16:13', '2014-10-06 01:16:13'),
(470, '', '', 0, 45, 22, '2014-10-06 01:16:13', '2014-10-06 01:16:13'),
(471, '', '', 0, 45, 23, '2014-10-06 01:16:13', '2014-10-06 01:16:13'),
(472, '2', '', 0, 46, 11, '2014-10-06 01:36:04', '2014-10-06 01:36:04'),
(473, '', '', 0, 46, 12, '2014-10-06 01:36:04', '2014-10-06 01:36:04'),
(474, '', '', 0, 46, 13, '2014-10-06 01:36:04', '2014-10-06 01:36:04'),
(475, '', '', 0, 46, 14, '2014-10-06 01:36:04', '2014-10-06 01:36:04'),
(476, '', '', 0, 46, 16, '2014-10-06 01:36:04', '2014-10-06 01:36:04'),
(477, '', '', 0, 46, 17, '2014-10-06 01:36:04', '2014-10-06 01:36:04'),
(478, '', '', 0, 46, 18, '2014-10-06 01:36:04', '2014-10-06 01:36:04'),
(479, '', '', 0, 46, 19, '2014-10-06 01:36:04', '2014-10-06 01:36:04'),
(480, '', '', 0, 46, 20, '2014-10-06 01:36:04', '2014-10-06 01:36:04'),
(481, '', '', 0, 46, 21, '2014-10-06 01:36:04', '2014-10-06 01:36:04'),
(482, '', '', 0, 46, 22, '2014-10-06 01:36:04', '2014-10-06 01:36:04'),
(483, '', '', 0, 46, 23, '2014-10-06 01:36:04', '2014-10-06 01:36:04'),
(484, 'Constructor is not executed', '', 0, 47, 30, '2014-10-06 02:17:47', '2014-10-06 02:17:47'),
(485, 'demonstrate construcutor', '', 0, 47, 31, '2014-10-06 02:17:47', '2014-10-06 02:17:47'),
(486, '', '', 0, 47, 32, '2014-10-06 02:17:47', '2014-10-06 02:17:47'),
(487, '', '', 0, 47, 33, '2014-10-06 02:17:47', '2014-10-06 02:17:47'),
(488, '', '', 0, 47, 34, '2014-10-06 02:17:47', '2014-10-06 02:17:47'),
(489, '', '', 0, 47, 36, '2014-10-06 02:17:47', '2014-10-06 02:17:47'),
(490, 'delegate', '', 1.5, 47, 37, '2014-10-06 02:17:47', '2014-10-06 02:17:47'),
(491, '', '', 0, 47, 38, '2014-10-06 02:17:47', '2014-10-06 02:17:47'),
(492, '', '', 0, 47, 39, '2014-10-06 02:17:47', '2014-10-06 02:17:47'),
(493, 'All elements in the Stack collection can be accessed using an enumerator.', '', 1.5, 47, 40, '2014-10-06 02:17:47', '2014-10-06 02:17:47'),
(494, 'Constructor is executed', '', 1.5, 48, 30, '2014-10-06 02:24:12', '2014-10-06 02:24:12'),
(495, 'demonstrate Destructor', '', 0, 48, 31, '2014-10-06 02:24:12', '2014-10-06 02:24:12'),
(496, '', '', 0, 48, 32, '2014-10-06 02:24:12', '2014-10-06 02:24:12'),
(497, '', '', 0, 48, 33, '2014-10-06 02:24:12', '2014-10-06 02:24:12'),
(498, '', '', 0, 48, 34, '2014-10-06 02:24:12', '2014-10-06 02:24:12'),
(499, '', '', 0, 48, 36, '2014-10-06 02:24:12', '2014-10-06 02:24:12'),
(500, '', '', 0, 48, 37, '2014-10-06 02:24:12', '2014-10-06 02:24:12'),
(501, '', '', 0, 48, 38, '2014-10-06 02:24:12', '2014-10-06 02:24:12'),
(502, '', '', 0, 48, 39, '2014-10-06 02:24:12', '2014-10-06 02:24:12'),
(503, 'All elements in the Stack collection can be accessed using an enumerator.', '', 1.5, 48, 40, '2014-10-06 02:24:12', '2014-10-06 02:24:12'),
(504, '', '', 0, 49, 30, '2014-10-06 02:25:21', '2014-10-06 02:25:21'),
(505, '', '', 0, 49, 31, '2014-10-06 02:25:21', '2014-10-06 02:25:21'),
(506, '', '', 0, 49, 32, '2014-10-06 02:25:21', '2014-10-06 02:25:21'),
(507, '', '', 0, 49, 33, '2014-10-06 02:25:21', '2014-10-06 02:25:21'),
(508, '', '', 0, 49, 34, '2014-10-06 02:25:21', '2014-10-06 02:25:21'),
(509, '', '', 0, 49, 36, '2014-10-06 02:25:21', '2014-10-06 02:25:21'),
(510, '', '', 0, 49, 37, '2014-10-06 02:25:21', '2014-10-06 02:25:21'),
(511, 'On declaring the delegate a class called del will get created.', '', 0, 49, 38, '2014-10-06 02:25:21', '2014-10-06 02:25:21'),
(512, '', '', 0, 49, 39, '2014-10-06 02:25:21', '2014-10-06 02:25:21'),
(513, '', '', 0, 49, 40, '2014-10-06 02:25:21', '2014-10-06 02:25:21'),
(514, 'Destructor is executed', '', 0, 50, 30, '2014-10-06 02:26:33', '2014-10-06 02:26:33'),
(515, '', '', 0, 50, 31, '2014-10-06 02:26:33', '2014-10-06 02:26:33'),
(516, '', '', 0, 50, 32, '2014-10-06 02:26:33', '2014-10-06 02:26:33'),
(517, '', '', 0, 50, 33, '2014-10-06 02:26:33', '2014-10-06 02:26:33'),
(518, '', '', 0, 50, 34, '2014-10-06 02:26:33', '2014-10-06 02:26:33'),
(519, '', '', 0, 50, 36, '2014-10-06 02:26:33', '2014-10-06 02:26:33'),
(520, '', '', 0, 50, 37, '2014-10-06 02:26:33', '2014-10-06 02:26:33'),
(521, 'On declaring the delegate a class called del will get created.', '', 0, 50, 38, '2014-10-06 02:26:33', '2014-10-06 02:26:33'),
(522, '', '', 0, 50, 39, '2014-10-06 02:26:33', '2014-10-06 02:26:33'),
(523, '', '', 0, 50, 40, '2014-10-06 02:26:33', '2014-10-06 02:26:33'),
(524, 'Constructor is not executed', '', 0, 51, 30, '2014-10-06 02:27:34', '2014-10-06 02:27:34'),
(525, 'demonstrate Destructor', '', 0, 51, 31, '2014-10-06 02:27:34', '2014-10-06 02:27:34'),
(526, '', '', 0, 51, 32, '2014-10-06 02:27:34', '2014-10-06 02:27:34'),
(527, '', '', 0, 51, 33, '2014-10-06 02:27:34', '2014-10-06 02:27:34'),
(528, '', '', 0, 51, 34, '2014-10-06 02:27:34', '2014-10-06 02:27:34'),
(529, '', '', 0, 51, 36, '2014-10-06 02:27:34', '2014-10-06 02:27:34'),
(530, '', '', 0, 51, 37, '2014-10-06 02:27:34', '2014-10-06 02:27:34'),
(531, '', '', 0, 51, 38, '2014-10-06 02:27:34', '2014-10-06 02:27:34'),
(532, '', '', 0, 51, 39, '2014-10-06 02:27:34', '2014-10-06 02:27:34'),
(533, '', '', 0, 51, 40, '2014-10-06 02:27:34', '2014-10-06 02:27:34'),
(534, 'Constructor is not executed', '', 0, 52, 30, '2014-10-06 02:29:17', '2014-10-06 02:29:17'),
(535, '', '', 0, 52, 31, '2014-10-06 02:29:17', '2014-10-06 02:29:17'),
(536, '1', '', 0, 52, 32, '2014-10-06 02:29:17', '2014-10-06 02:29:17'),
(537, '', '', 0, 52, 33, '2014-10-06 02:29:17', '2014-10-06 02:29:17'),
(538, '', '', 0, 52, 34, '2014-10-06 02:29:17', '2014-10-06 02:29:17'),
(539, '', '', 0, 52, 36, '2014-10-06 02:29:17', '2014-10-06 02:29:17'),
(540, '', '', 0, 52, 37, '2014-10-06 02:29:17', '2014-10-06 02:29:17'),
(541, '', '', 0, 52, 38, '2014-10-06 02:29:17', '2014-10-06 02:29:17'),
(542, '', '', 0, 52, 39, '2014-10-06 02:29:17', '2014-10-06 02:29:17'),
(543, '', '', 0, 52, 40, '2014-10-06 02:29:17', '2014-10-06 02:29:17'),
(544, 'Constructor is executed', '', 1.5, 53, 30, '2014-10-06 02:36:20', '2014-10-06 02:36:20'),
(545, 'demonstrate construcutor', '', 0, 53, 31, '2014-10-06 02:36:20', '2014-10-06 02:36:20'),
(546, '', '', 0, 53, 32, '2014-10-06 02:36:20', '2014-10-06 02:36:20'),
(547, '', '', 0, 53, 33, '2014-10-06 02:36:20', '2014-10-06 02:36:20'),
(548, '', '', 0, 53, 34, '2014-10-06 02:36:20', '2014-10-06 02:36:20'),
(549, '', '', 0, 53, 36, '2014-10-06 02:36:20', '2014-10-06 02:36:20'),
(550, '', '', 0, 53, 37, '2014-10-06 02:36:20', '2014-10-06 02:36:20'),
(551, '', '', 0, 53, 38, '2014-10-06 02:36:20', '2014-10-06 02:36:20'),
(552, '', '', 0, 53, 39, '2014-10-06 02:36:20', '2014-10-06 02:36:20'),
(553, '', '', 0, 53, 40, '2014-10-06 02:36:20', '2014-10-06 02:36:20'),
(554, '', '', 0, 54, 30, '2014-10-06 02:43:19', '2014-10-06 02:43:19'),
(555, '', '', 0, 54, 31, '2014-10-06 02:43:19', '2014-10-06 02:43:19'),
(556, '', '', 0, 54, 32, '2014-10-06 02:43:19', '2014-10-06 02:43:19'),
(557, '', '', 0, 54, 33, '2014-10-06 02:43:19', '2014-10-06 02:43:19'),
(558, '', '', 0, 54, 34, '2014-10-06 02:43:19', '2014-10-06 02:43:19'),
(559, '', '', 0, 54, 36, '2014-10-06 02:43:19', '2014-10-06 02:43:19'),
(560, '', '', 0, 54, 37, '2014-10-06 02:43:19', '2014-10-06 02:43:19'),
(561, '', '', 0, 54, 38, '2014-10-06 02:43:19', '2014-10-06 02:43:19'),
(562, '', '', 0, 54, 39, '2014-10-06 02:43:19', '2014-10-06 02:43:19'),
(563, '', '', 0, 54, 40, '2014-10-06 02:43:19', '2014-10-06 02:43:19'),
(564, '', '', 0, 55, 30, '2014-10-09 12:21:26', '2014-10-09 12:21:26'),
(565, 'demonstrate construcutor', '', 0, 55, 31, '2014-10-09 12:21:26', '2014-10-09 12:21:26'),
(566, '', '', 0, 55, 32, '2014-10-09 12:21:26', '2014-10-09 12:21:26'),
(567, '', '', 0, 55, 33, '2014-10-09 12:21:26', '2014-10-09 12:21:26'),
(568, '1', '', 1.5, 55, 34, '2014-10-09 12:21:26', '2014-10-09 12:21:26'),
(569, '', '', 0, 55, 36, '2014-10-09 12:21:26', '2014-10-09 12:21:26'),
(570, 'generics', '', 0, 55, 37, '2014-10-09 12:21:26', '2014-10-09 12:21:26'),
(571, '', '', 0, 55, 38, '2014-10-09 12:21:26', '2014-10-09 12:21:26'),
(572, '', '', 0, 55, 39, '2014-10-09 12:21:26', '2014-10-09 12:21:26'),
(573, '', '', 0, 55, 40, '2014-10-09 12:21:26', '2014-10-09 12:21:26');

-- --------------------------------------------------------

--
-- Table structure for table `scenario`
--
-- Creation: Oct 03, 2014 at 05:38 PM
--

CREATE TABLE IF NOT EXISTS `scenario` (
  `id` int(11) unsigned NOT NULL AUTO_INCREMENT,
  `summary` varchar(255) COLLATE utf8mb4_unicode_ci DEFAULT NULL,
  `instruction` varchar(255) COLLATE utf8mb4_unicode_ci DEFAULT NULL,
  `content` longtext COLLATE utf8mb4_unicode_ci,
  `usage_count` int(11) unsigned DEFAULT NULL,
  `insert_time` datetime DEFAULT NULL,
  `last_updated_time` datetime DEFAULT NULL,
  PRIMARY KEY (`id`)
) ENGINE=InnoDB  DEFAULT CHARSET=utf8mb4 COLLATE=utf8mb4_unicode_ci AUTO_INCREMENT=17 ;

--
-- Dumping data for table `scenario`
--

INSERT INTO `scenario` (`id`, `summary`, `instruction`, `content`, `usage_count`, `insert_time`, `last_updated_time`) VALUES
(2, 'aptitude question', 'Answer Question (1-4) on the basis of the information given in the below table:', '<p>The table above shows the specializations of North West Medical School graduates in 2005. Percentages have been rounded to the nearest whole number. One hundred and nineteen students graduated that year.</p><div><br></div><img src="data:image/jpeg;base64,/9j/4AAQSkZJRgABAQEASABIAAD//gATQ3JlYXRlZCB3aXRoIEdJTVD/2wBDAAEBAQEBAQEBAQEBAQEBAQEBAQEBAQEBAQEBAQEBAQEBAQEBAQEBAQEBAQEBAQEBAQEBAQEBAQEBAQEBAQEBAQH/2wBDAQEBAQEBAQEBAQEBAQEBAQEBAQEBAQEBAQEBAQEBAQEBAQEBAQEBAQEBAQEBAQEBAQEBAQEBAQEBAQEBAQEBAQH/wAARCADWAZ0DASIAAhEBAxEB/8QAHgABAAICAwEBAQAAAAAAAAAAAAgJBgcBAwoFAgT/xAA+EAACAgECBgECBAMHAgYCAwAGBwQFCAADAQIJFRYXFBMYERJRkTFxsQomJzY5eLgZJRohIiMkKDI3OEaJ/8QAFAEBAAAAAAAAAAAAAAAAAAAAAP/EABQRAQAAAAAAAAAAAAAAAAAAAAD/2gAMAwEAAhEDEQA/APfj+PH9eP78dPx4/rx/fjrjTQc/jx/Xj+/HT8eP68f346400HP48f14/vx0/Hj+vH9+OuNNBz+PH9eP78dPx4/rx/fjrjTQc/jx/Xj+/HT8eP68f3461+fNhWKnwr2iy1+tvZLAHFOuvPjIdDvPmmY/M8RWgV5FZV3lTAKu3WHjgbRfPIrz4EztlbK+Lv8A5M/0HP48f14/vx0/Hj+vH9+OuNNBz+PH9eP78dPx4/rx/fjrjTQc/jx/Xj+/HT8eP68f346400HP48f14/vx0/Hj+vH9+OuNNBz+PH9eP78dPx4/rx/fjrX582FYqfCvaLLX629ksAcU668+Mh0O8+aZj8zxFaBXkVlXeVMAq7dYeOBtF88ivPgTO2Vsr4u/+QAthWNbzX1cy1+yfWzAI1OxfATIdMfAWmHfD8uWhr47ZWPirAFe41/kYbe/AIqP58PudbF+VsfnDYH48f14/vx0/Hj+vH9+OuNYA0WwrEcCXrRdTLX6fWQv2zyVitEyHV+CDve7ivHabvpcWWVQP1HdyC3qqKs7hYR/n3FnX1kX6s2bG2N0Ngfjx/Xj+/HT8eP68f346400HP48f14/vx0/Hj+vH9+OseLCwVAhUlOjolHwsJCx+5LDExLLmuHBUTFRyuk3BCSkpDcSYdRRD9FUQ5dpc3NpMi11XXRZM6dJ2I2xu7vKEywVPRUaOgUlHzQJNB+mLA4xE7muIxUsFSOujXA8SjRDTyZlRej97UTIlpTXNXMlV1pXSo06DJ342/tbvMGQ/jx/Xj+/HT8eP68f346400HP48f14/vx0/Hj+vH9+OtfjrYVhedsVXCbLX5QzU/4j7aXQ6ZDt2dq72BT75EB+xRGtspJAE+bD8aTeiPktfWeSU8ffs6b5sLa3N/lz/Qc/jx/Xj+/HT8eP68f346400HP48f14/vx0/Hj+vH9+OuNYArmwrHiCUTRSrLX7gWRR3Pxpiq4yHWACEXZLiwHbnsRcJ2VuP2/aCCotaKz7fYSPgXFZYVkr6U2FJ2NoNgfjx/Xj+/HT8eP68f346400HP48f14/vx0/Hj+vH9+OuNNBz+PH9eP78dPx4/rx/fjrjTQc/jx/Xj+/HT8eP68f346400HP48f14/vx0/Hj+vH9+OuNNBz+PH9eP78dPx4/rx/fjrjTQc/jx/Xj+/HT8eP68f346400HP48f14/vx0/Hj+vH9+OuNNBz+PH9eP78dd3D+HD+XDXRrv5f4cP5cP6aDo0000DTTTQVhdYNXAjxwj3Uq0aLyhZODL/poq5ijXc7ik8iBGB1KsSRMuou8jthUEFR3cftrCv7nRWtZcQPkfKrLCFN2tiTtVBYlNE7ReRXTa6OGS175BkZ068v8AjEVTa3aynBx3LnB4l6WfU7rcf3AqgPdrx0g2vRw/AocasgNmphscTDWmK0see+mYZGd1uVnqaJRMVNK6NTmI0PllRDIBMsiVZLTV17XRSoCKqY6BSWNBtI0qNsEAWbDg8YidztbXLYjhVRUxDTyYdvVwZmxgFzj2giNyCeRZCj1Be5BgQ/JEwV7XK0C7RyBYrM2CWLLGhNnzqXfNhwflRjQxjyaanvIddv7BYS7O7G5tu9tOWUHlEx66lufhHh90ceomW5PEBXbdRfqujWIbmxXslVjpXYwBabbLzyoVHJCUskYTNBlHTkC6o1mGWwHenGTrB398gqtzeYW0f1FhY00r4DLPupLm9iD17jws6hHgOM2Fz/602NnNjuI4nIWYdt9RKlAc0xYrMiyBIIdj4qvxXuMat35Q0peR1kFPdMXbuXlIurxcXyg9TQ1hHhgFuSTkWHYiYwCeQcwgLCyW9hpBKmickoqPdi5inRLJZ9WJxTbfIDSMRkMcsud285rEj2L252biTM27Sdy7+4AFTqxU+a+rlov1t7JYBG2GL4CGjod580zH4flzLNfHa2u8qYBV26v8jMr355FefAh9zspXxdj8geOXIAEZg10iv7MRDp3iQGhsadR7oslKyIXUEL0jFUxvkeMlztBYBADktQY8252oF1b7G1Oi1ZidSnIT10q1qyF778nfqriku86dmRWQ97n51aMGnM5SDIMJwkIMI7lONZkiClF3JMrso8dJrENxM2kIZcphU3Y+NFIxzzAeTXKejKoewQ3kImJSuNt0G3RT+E8I8MAIVGgUFxExgCwkLb9NkIHBwmglSOCom/RyujU488BoepxOHUUTfoqiHEq6Zl1cOKaVddFjQYN1sRtja2uXcA6p1YIHbFaImtF+Ls1weI+2mKOho7SHbR9f0++OgfsUura2MQG3hI/Jk0Qj5LYWfjdPI36ym+FC3dzY5g8onUrHGnjx1G85UOpwHzj/AMRRgCE4/rSYUTCKf8TMhSWlPh0ZbtRIU4UekqzQGOmEz9ssv3ndMtbXcEm8Au4Qa1Rz49kMVrpqDjTyH6jeDSHbAD4P/wCHXwBNsf2XMF5hFA+XmQ27S4w6Dd23kNgKAiVmIDIvCZBVuX6MulotqSCM+f0kIyapH8itGLL1dkSnVhedrpoli0X5QzU/5d6lYpEGjt2dq72BT7A6eeui6yrZJAE+bD8aNRF3jVhWeSU8fYrLn5sLa29jlDqnVggdsVoia0X4uzXB4j7aYo6GjtIdtH1/T746B+xS6trYxAbeEj8mTRCPkthZ+N08jfrKb4ULd3NjmDyC4R9S3qpP9RdNLMW5LGBGH8t8/oqndVE6r3pSp/p+XCKNnW9ldarTESslHgZ1JSV/rinHxqYqA0sJzYxOidZmsiTWuUfk19eWzeJcuM5MdepZGWvUSYmT6PxqyXzeE1H06mJiYE4dMbCVkCttVU0hfY8ZSbh9joxs0E632VYw4QwUFEZjVNcfHBc2J6e4qNLI/da25d4NYR4YBbkk5Fh2ImMAnkHMICwslvYaQSponJKKj3YuYp0SyWfVicU23yA0jEZDHLLndvOaxI9i9udm4kzNu0ncu+GsI8MAtySciw7ETGATyDmEBYWS3sNIJU0TklFR7sXMU6JZLPqxOKbb5AaRiMhjllzu3nNYkexe3OzcSZm3aTuXfCkP+zwrQ0HCrrAkNxkI3z2oous71AVpaApZSoKGKmhpV2KTnTshCWYCo8LNorfI42xu09zShxiJoLYrpkndHkfRW/LEtIuoOrqrjsQz5bHU/QtF5BkZ0mMQOntkrBGu509T7RxPJXP1XRPOhJd5M7CSChPmyFjSy72TvL9jskb9Z9gT9DsGRntSeb0t02PaCHHIWZFjyPUFFkGej8YTOntTLQLq3IaCsPYGosQaLGfBpdg2Ix+LGCw6PGpri8mV2xsCY1s7Ubl26Kr5YufxhMVhlVydRBofimxGPjQmQmMamrtgqvRULsSy4Dhq5IdqNy29oPiduenVoNU06Zv11FYmhZOq40WSR3G7MDxjSLlyYZ9XXNrNEvEx+vzCJf7NJkjn+1QUsk7BOKirkHsm+acq0ESzF4S1o2aj+NqcUyRxSuT9ZzgbYeVcmJLpkRqQ8ZRJab0vunxmF1KC93dI6W2ztvkaczixgYhw/o+ZJR0lAPYNirYxqA3cDMnp5LPEknAssCwfqzHmsoJ3RtkFNLEJTbEHrQ8CRskizS8Q9LnqdWe0/efrRf8Auz1/6n9xeGjvtP1Z5F5h609g9t8t9f8Alv8Aejw3u/jvkX/e+29z/wDla0+lcI8MMayqwOsdMRMYEEbWw/KE7QxSqCVKrKrIVnWNVcThqwIQUToreYPzLeio7SVTSJm5XSLGmqp29G55NdD3dkPGMTZOu7NPFb+zzZmZMZbkBK1srOu4jSynw/i0GNQYmwUVU+Vr8WO6SpWiHk7U5R3I+q6PkW4Pa3LHfrYroW+za/cOJNmUkgdaQpPimduTC4BMhhFRlC/TZBkT/a+jTpwXLRVyBx7EzsMRR9cC1mSmFFXxlburJgP+zhC/Ads3bkOuncYkFPc2G+USL0grRO9GvU1GwjwwhlVydRMRMYIpsRt8ayEITGMglTsFV6/QuxLLgOeFyQ7Qny29o3xO3PTq0GmXOmb5pRWJoWTqu6iySO43ZmQWeJ+LN2CNFXXONSAt1k8WBYNh1LqzTa6ngjgadvcURFastoiMoc3R9gMCzIBcavbAyLK+3IptwO0VnJst2bUV+/HCmLLDLBrYVCppj/D6hBBmHkG/83sHcQ8famogYYJ/J/DdhZUV3JdV8LK9gCiAcSchqBjDa1OjleXs7prTGZGoCC2G6vaP9uePNNU0h9SfJvNo06df9oxwqzQMx9h2+FhB0nbkCKI14Dm5VFrsnWgmj2+E7lmrLGHCgJPB+pkidZfjUnlxWXZUOWJaWC14SsWoqBe+2PZzTYR4YDibLMdB7ETGCix8PSCMWHSJpkEqatNmhVD3xqVEJSxYQRPYCSMgiyQsOkRrm4o5ljsb4mNb21J5dyiq+aL8Ad6e+AwgCMVXCeD+IAusnB4j7aXQ7jSmKQEaPr+43yID9iiNaFRh828JIJMm9EfJa+z8buJG/Z03wpu7ub/MEQOvfAHbfpD5tUhZkt9oo+QL8RHLB579C0yWnqPImuAUkUBLqhK1JEzd1fvGbPjIxizBoXMO0AjHIre5CjMfg2ovbUxLBjWPTzy36iXCdhcoMM80EF0IyXKGnAsMj0VndKLLyuRt2WE27kAS49jykx9eAG3x54W9oohLYOioqKo6f3GmLRC2urtkOZbY9fRYJip6KkoKdDQ+aBJoP3ImYhxZTVxGKlgqR10mnIRolHriNMqL0fvaiZLq7mmtIcqutK6VJgzo2/G393a5tQIzE/FnF/yj7acakBjx5x2TzX0Ym10pfMPGe7+OeUeAjg/5B4/5Bfdk7t8vtXe7f4Hx+5TPrB5xG6aP+76QUR1PPqk+eEGa3RCyxaJRh9kEsMQaAicB2UYAR3Fd3uIFqjAPGdmjnoqbaW885rCiqyep5qsJuEW7rw8giVDIjsCcgcsMcC3+zYISyf3tBJ9QzAFhV5unrVVrYXBEzT41YPItro6zS93QUvuz2B2z6Y4471tOdrAjAuL04JwNXJmssQQNWt/gD098BlT5r6uwfxAW3slfkanYvgONKYDvPlYY/D8uWhr46FV3lS/Ku3V/kYbe/PHbz4EPudbK+Lsfk2/Fx7QUGxStxBR6gh2+NY/aieOlpFWgXHsUEK3orXgt4NJWds0vJJVY/chNTVh1rTAu7RV1iK1tePTI29UQ48PbDyiY9dS3Pwjw+6OPUTLcniArtuov1XRrENzYr2Sqx0rsYAtNtl55UKjkhKWSMJmgyjpyBdUazDLYDvTjJ1g7++QVW5vMLaP6iwsaaUyF6lufg5h91juomJZPEApbdOjqukuIaZxXrVVjpY4wGibUzzxXVHPCbUknTN/lHcEDFo2YZ2x5eg+Tq+39ggtdveXu0AVFfXU0X09jWEeGAW5JORYdiJjAJ5BzCAsLJb2GkEqaJySio92LmKdEsln1YnFNt8gNIxGQxyy53bzmsSPYvbnZuJMzbtJ3LviXCPDA0ckbIsxxExgLMg4ZAJlkR7EqCVN65IpUBbFNFBSWMz7QTlG2wQBcYcHo4nc7V5y2I5sUVNs08mHt1cHl2Aqi6eP+ur/aKP8A/I7/AIeG2tQRgBe5S9aLqrBOdKIH8u42LGMGJhN03MXXSLLMgrrdNshc2hHlOYY2Kd4WggljYgNslhAHVxhkmVb/AA3w0qhDKXJXSChMTiORPQ4OqdWCB2xWiJrRfi7NcHiPtpijoaO0h20fX9PvjoH7FLq2tjEBt4SPyZNEI+S2Fn43TyN+spvhQt3c2ObX7zxPxZyg8X+5bGpAZD+D978K95ptdNrw/wAm7R5H4v58OEHj/kHj9D3vtPxO69kqPn/I7bD+iHlFQmUjdtlZ/Z78UOk3l4/0fjnmUv8AqwrqvY+dyeSmTz1qKfFodueVXb5QP0V2Oj+16OIIBPUoEdCGGPAlQHVCtqGWIsMNF7NY22/8yMxOobAlZ9qPGDI9gczN6O2AKSMMvHURXuJaWBHi9S7HFoP3dcS6xyvum1msQE3fx8Pg2hcvuTKHGUO2rjf2FqFxRWFXzXGRejsPxPxZXvp3wHGpAA/28ewft/8AD02uhn0Z7a+V7V9O9lHIXrL2b82Z7B8K7J5n8uV5H3L5G7+fH3VhHhhkoVV51kXiJjA/TapH4onVmLqQSpahVWisGxtbiCNV5CdCd7bwx+Hb3t5aRaaPM266PY3NrO2Y3JJsZm7vBRGBdQfJjLHKbEFXGuU/2LJMq6Aa26tb4YqMFse676LTYzFBR0zjFBdmMssmRIKQCwEuBHe0mzDrx4iq+429mfMgqrK+r2KeAPQ+yjeqpRX9l8xpATnsKTyx/wCtb7/CvGQ608+9EmLZPlV/eO6H7EtFfFS2xmW39yr4c759b4BH3is29qHyevq7xPxZJvRnkeNSAIPtf7R9tPe02urX7ePH/F+w+jPnjkj1L2TwcK7R4D4/23w8X+H9Hx+p+Jj9zhHhgRpsTx0IcRMYL3HwCIJJYCom5QSptE2FlUzfJZUslE1hOE98JHCCVJNDGRJuaejh2O/vlhLvbsnm3L205pQecRd9YN3G2MGWV5EcxA2TZ2f2hwr6WnTzaiVt8agcVEFmakCxJElLsGrc435KLyyUEdebJ1vSmpOx0ySYRfXEtVHq+HCTZVbDCa4eqBkFnWx+n5/aBMOMwm/5DNwJYHSmMhqwHbNPH1wZjuUhOv725U7FaInh5iKPmC/HSCCMNkRsgTGpENMfO9jfCihltBZQ5NYS+3mzxPxZuwRoq65xqQFusniwLBsOpdWabXU8EcDTt7iiIrVltERlDm6PsBgWZALjV7YGRZX25FNuB2is5Nluzaiv34+PrjCPDBOCrOBVFiJjAqwl2D/KJuYOXCCVIOKtsV5K4gp+QaZw8MCdXUHo/wAtQWFNXy0xVDtq7lriUgg8I3CNc2O1JCoLqJ5FZl4xZD9JfBpMuXJ9vycriDNy5cbWWwh0/wDazaYddj0pYbECBMJkPlcqbBAUH6+eweSYcybFTjBVbg6xo4QwS8xtNv8AbYeoBR9db1vdPzIblQW8v2TlYiep8aJfbjb7gwC3MsLzB4OJxYlsgcuLFLLdnT5Tufw7HLNhcMWqYSxgCYQtqEiINlOEbSlAdyeXuXOEeGBGmxPHQhxExgvcfAIgklgKiblBKm0TYWVTN8llSyUTWE4T3wkcIJUk0MZEm5p6OHY7++WEu9uyebcvbTmlLnCPDAjTYnjoQ4iYwXuPgEQSSwFRNyglTaJsLKpm+SypZKJrCcJ74SOEEqSaGMiTc09HDsd/fLCXe3ZPNuXtpzSgjD0m8rw7MDHE3Phpu5fs8gBn+y001BzOhSIpLZHIhpruKMQyRImYVjmoE+so/ZIU2mNdvnjQzEir5R7OHCwthkFDPAQamLNvp/IJ5v3ILCbDbZIGp1Kcgcn17nFkp1KWXthZgzOj6s+c0VJytxsFyAHwwYaw0QXYsmIC/wAIMLxJhVLCir23KmMUshcpSmriS89TauU6sRwJRK5KrRfp9ZC/c/Gl0rg0dX4IO97uLAiuexCInW1A/Ud3ILe1vbPt9fH+fcWdhZyvqzZsnf3YwFnTL6bp6VEp0ddPrCE0NjQguSwxMSzFBDkZUWFRHYybghJSUhuAKZb3pBe28yXaXNzaTJVjaWMqTOnSd+Tv7u7zB5pMs1OrMhcov7WyRP1aL94kGK2AOMP2wXrgDR1l3GOHz+ndkE0Z3oWzNK27mp/5rNkb7Fl+vd8d+Sd7+8Xb35yDd57Dm+/h8JiubvUi6aILmgND+XYTt/2WTGvITbDsn6aufortv1kPhV07EeHIPNaMWVHK3z2oq6yrNGXyw+BoU11dBg3l1OjRI+1t+nt1YR4YZKFVedZF4iYwP02qR+KJ1Zi6kEqWoVVorBsbW4gjVeQnQne28Mfh297eWkWmjzNuuj2NzaztmNySbGZu72QPPE/FnKDxf7lsakBkP4P3vwr3mm102vD/ACbtHkfi/nw4QeP+QeP0Pe+0/E7r2So+f8jtsP6IeOXC5ZrPqEdF3+z/AOHbvyjHw7IMjyfd2QuOgc/cfWFl6vchhXp6sbJ6nvMfGEPbJ0vRurUAwnCoSHd4eMGiLV0xZjewrgSsk7e5H2qK/wA6JTRFThN5jLUexwxgxzt8Teo9lXiKdcmIafrkCm3YVJPfCK6G9oSZg2BPJXpAVBNoHDF7RXDGaVjx3wran7RvzVE2rGBqx4+xPxZaysCkY0cakAyUmtvHPXSdPk2ujFWAPhw7MDxHwpfEQ5YiQr4qJWNgLjnYqiB2MdnzKSs+LWSt+Lz7AVynViOBKJXJVaL9PrIX7n40ulcGjq/BB3vdxYEVz2IRE62oH6ju5Bb2t7Z9vr4/z7izsLOV9WbNk7+6Gf6aaaBpppoGmmmga7+X+HD+XD+mujXfy/w4fy4f00HRpppoGmmmgaaaaBpppoGmmmgaaaaBpppoGmmmgaaaaBpppoGmmmgaaaaBpppoGmmmgaaaaBpppoGmmmgaaqCTnUBaYOigouyoHffDacuf2YWDyYFMKsfCIR72RYymOV4WMbd+LNDI9pdl9l/ZwdEVqyrxijSsUnsgV2GzaBalXDMyG2N/qHqJqxwHa/CoSrf4NCYjAZCCqj5ig47QgkfLpLU7PI3ViVsTIBvdEBkwFUPpJyTCJ2rAcPcKLu4WBcAgOVJizYcUKmhP7TVUSw6tS9cwqmyFa4lZvENvk0oITxxYBZKtWYwVZBL2orgGc5L+mmGDoHwlMD6Fks0JpyU7ytMcfVm6rEnE93Ds3yaqDxfWhZL5G5eJvI4q8eUU0gI6iZjBi7l4NnUmi36IVLk3l7YvOCoJtNDvd2uNoJBuRkEU3BLRFQcN79JXXontcN2Zbyb+rHQk/pqsIU6ooc0/WNehcU8v34WtPEDF/OGqEQEZRQ746isrfaewD7hqxXHkCrEmOsAds1ZLrCNa7zR3zEi8ih3qfq2mJBDoIlZn8rqDhxb6++19EP8AzP8AYCATuUfD0ZyIpf8AiSKyK8w+305KPu/euLv1Pb3rZndkGRTykxEvX9v7TH1/3wG8tCf2mqoqnqGiu62m+zasqIGXi5c4Q9K51YziomHV1SVMdmZ+5D5nKJb141xOIgHb1BBkFbj2NYFTRXOUBC9XFjzxr45tVXR7jHKdrb+11Bw6nHWrztdEP9HtpWfb/wDjjsfciKImmd/dq07pCYq+FEyYerYQG176f4wVJoc85dwT4IRDswtdnqxSz6BjXAT+01XDB6kFBVb7ugOjFzJ/HG3x9H8Wj9k1zV3sYCHYpk3lS5GMmal7zydD5NOgJHFAlZKhaLKyMKTYnFd9VpsDJGNv1dvUwOPJzy/FXUKmjkbyWHq8gn26RH1ZZHRjsRa6UvYpU1dgzuIil2SGDaypOw3wsJHA5msIDuKqpsRxZvVBGm1uWNQzqvd2A2/pqALQaGUzAymO8acaTtAJn0ygEK8zU1eaFYuR/sD7j2LkyAjguLjgDkziz669dfazfW13d218yvYHsqogQKhf+v5kxgQBZHVrafMrES6BGMgEl7SwBx6zeV2PLr2SI/afUCab0HTwrsOn7hKaVjIRn5H+vfDF0D2JYOpzKUityLLRF2u/joO/HohZxhf5pqAOJ2d6sytabdFhFwoDe8f+RIVyKo2COkGTFsrA8ilj9hlidDVYXy+2oDIfyZdGmK8sdFLUdKseyBTZDb7dIPugolIkZ/aBpppoGu/l/hw/lw/pro138v8ADh/Lh/TQdGmmmgaaaaBpppoGmmmgarhzvAXIYFSVsKMByfdWPlKPtuEz0vhnktsYovyxclzYqXfRLP3mhzZLYcybNQAATS5Fih0A7OQXHYvDRqqkhkJtgbghFNlFY9rQDzxjUWRPi8lixGBWEAV3vYFjxOut145NOmpyjtG4ViMVtY8sJXM3mX5fNGxG5MF1vlm6CFhECr4lIh2yIF+F2VEFYQ/kU010MIpE4pwmBSM1j5/EuJbOWXUmYZFkEd4g/N6fjbzO5tjlbS4bjcIH98YfFFnkoLjRBlM4PLadv3WMHF84ywo4/GxZz/7w8pu6fbF3NAfcz9/32M/cR6gYvor/AE5P+p17R+1j7gvYH/6//wDrf4T93n+cf/sB5d2X/ADWwHJ0010YwcTwZfTWAKr9U5fkeSzzLPuiymo8mGT3HDfJXHSotvurpGNKyZMWBAumSnRX55g7K74uPYD6oi33OvxUXWU/f/2JYz+rPUvi7A7Z7A9seyff2Qn3Me0/HfBfZf3fe0vus9gerf8ABDzL3N5F9vf/ANeu5ek/7haCEFzmZmfBJRPHAe2cYCfIPY6j0nBA6b9yCtYETdqK3fS6JeoxDdQmlILWYptQECzjXAcIyVJcPQlrnlvrolrNptY87bnqy1DbAT0nM/m6orwDzrIlQEycC8IcBiwxWdIg2sObFoVG5L1ABAhJVRIuMuTMWURARNZZyy0yubQEaFiWJuKnkhOk7BInt13HsvgfDfHhe7C24UAeQWFuqm/eP0YNDlpNpnMy0chCmzbHiewmS1WUcljJcpBHRJ/eqKj3m+VHOwML2AEiw3sVNQtVzGFdgXKIWd45BN/79WQVbWEB+SJ7RCKH7CCa4wFebYJdqnGm8HBxTRBLzHwaSam12rKZ0Dh7XKIqNjMvV8YQKSwhuLEIQ4VZN5COVp34xkQVL9ZFvIv7UolYfWWFuTCMaa3IoREK15hUBuW7ic9mk89F+gbO+jq9lvPFNMQlYXERmp2ZAu16JM1fChpp/qJFj9Dcz8MjpJErftoyCxgzxypOMbVvcmk6kylFVW1unqt2Eu7VOiUmLtu5v12Pj1fdph8I28ymromW+4nZ14RVwTzmcG3n8lcPkihCqwOgzlb5UbTR+UJxDF+ZL5K5TlQsK2ljVXBENL4hybbbdt1mPmduOiVowKZezBiuYdiCryccRiCSvQndodwWSuBLZphrqsKL5DNX6/ZauESXudxtdoBHARKcsYtF2bYsNofn+RECOV1h3OzqptxUeL/ForCshXZFGtwoDM8y2mEZTN3qE7ZEwDLGau6YPVMZ+PmNMRmkQqnm8rOnoxcJJ4JkZIoeXaNV/wAGBkywGfkhZqLJQJ2DIdO8FCrE4qp6Guupp5U3m36PqWZFrMVybOmaFEGRASi8IcnsuuYxjdNfPzpZCo6VY01wZcUaJuSHNC2d1QySDImoLii0Gr0CmVNioq5Jlk6+CGRGNqzdDLXbLFXHG28NjWCYX8gfX6AZeKoiB9gi7SsqMcXB6n22KmPUuxw2llPX5FCRyupuwWYnNi1A6L+NUXCsH7sirbfAAHBLGcB81+uLsBvewV+Rqcm+6h/ZCZk/UVhv8P2GtKP7s2k6fEV+0e0jvtkNEexjrW8PBfYtaTeBh3YwqCzbu8pkS02C0cli/EDKTwHohdaU+Cl1SYjMVUqy+8HIunUREYU8xE+y9yP9sr8/+JQ0VuOVNguPpjvIUVk+ZeeSw98csd32zme33dlDR46EWMAiE4jN8SStos3UqmsVlT/Kp+NWP+Us6wgZCArtFKjHAfJKjIijUUWVIxfydsQCxDbVwb1UzYxJDTQ/kEXpgYW8vsGTertgMMgaqAcWKrAPHFkjk47WmSY4vjw/cZCYlNpvOM2ZsZfyZoTWXIfQV5ZDiq4iumCSq7gGkDVZ9kX7AaOCWM7kO71gHYuwN2aZ9s9nBYo/shFwlHd2ynrxbm+4bHlcNITQuRPfQWmoFgae8VuwPPlENCyhN/IFkLj4pWhCA5ypfo9kEyU7jou8YBw2ZXVdo8RbQ4ORE0h7FgK7/RPCczJz2ZO2CkVfbtlvr63FKMUo6KRYBdcyk2uQnH7eN07JlQ36DfAaPUOyET4xeqcs5l/bvodz+rMGbB8K7EjJh4gkju/T8r+o9FaNFgMlWiwMjCj6QbZxsdrMJGsjbfslxtWGUVyXQAWotUnCs9+1xFexfbHg3+IHv/7o+/8Akxj/APvX7Wfsq857V5B2X/8AjN/hp4z23w7/APuXj/sD+9WsfOcN8eGFsMnhfh5BX27Vb9G/Sc0B2k2lizKtyDybCceIDCWzVWpyJslNEEhEgFEorzeUBUDbBOvZ5sLEmxbVDKY0YqDAMEcgG1kCvWXOb4kQVdutm/MXA2yLnF7IfDCufQrzLNXsfkZwnjPlJv3DjWY/QEjFJEbJ5b00Pa4yKk2SsGgIKuoLIoOIa/yv2WYOZl9MspHn636JeHuT56oTrHim317Vps02IfT/AOoK1YhmWSYK92HGRkEUkCw7jGFLhuzE3sb4mNFW0rOVh0VWaRZfpVELPH0VsBJZVZBsRrwglFhUSHJ+wm6zDwqlV1VRcCVkt9ulJy1mUQV4sPC4PR3J6ZkdiPL0PCV7Qya4JCxagqNQZB4MIDKA7A2S2t9/+WrD8u+vZKuzDy+x/pw+47OdjW8XUQmgnoshKEwJokzTwJs2Lt0fndqCE1gDWRFLEvoU2yEAc5qC4E8pmi+8hQPP6+wZCsQEnZy2pidnGd45KzHa4WLFy3M8sWi3VCos3cbm+we3KC7RJHIsFumH2d3o6CyxgDorIogRxS5x/M6zyfSD9JnpvD2T5NG3Mn8M6zGtiq3IOgo8YBlBG5pjMn2Rh21sWiDIVeCzDyfyda1vkkulA4j/ABjaAWAEGUeNpUb5f4+BKesTfFWx5o4JYzuQ7vWAdi7A3Zpn2z2cFij+yEXCUd3bKevFub7hseVw0hNC5E99BaagWBp7xW7A8+UQ0LKE38gWQuPilbv8iVwIWna6ZJLRd7LVL5dvriTYWdxIpxK4OKfYGiAurBPmsPEvYHiXeQmiYsmjkHYkCHDRBhMipBJtM6mLQrh6beV9i2BVdUrfqW/HdOTqgkZkCzNLbcVt0HkYF7Ncl6E9MMMhcdYZSbInGBbRmsgalWK3JBWY1v0gC2GNMBqAzDyWssrT3Ztd1SKrL5BQCiwn9KIFH3HaSR+YFbGTLPbuSTBwRxpU19NqfrBmEcu8tDlUsIbhFNAOcl/h50+CVI4+be1jhFTmQT6xgNVZjuN2O352IFu1/wA0rLrJR95MbU36siaqI5T9vOL8PbIP/cYK950Pj1yr/meSEL+XkiDfKo86z3M7mhL2u5g21LiTiYtm5ZQSWbOfuI6bOLxUkTd2TJ0ivNV7hggUGFsbKLIsIqbmlgEFaWHePONQg2XWEAUiruRvd4sMsA6cF2JJgDV0gh2bI6EIl3qbnz9ZM7n55oj00s/DIUmc3NKGC/klYILrkKh6Rx47tKSci+d+cqrdIJy3lbzxrPlDW8sFw0BjhK4Uh+BB5XBth6u22s1asksEUizTi5BFMtxruXji/WYgPgYRQd5t55Bb9kFBavqqGq7rfWtpd2XwYGx863sp9lK+rMmSN7czvQQEyC6h2YamRzoyVH+nhUDqrQakYrVOhfKXMQHVb3uYSsELo+J+ZfBmLSqztUN0P2I5W7NcKWhdkCAlFiY7BDVX4ILDFcPGpfl0HNvNEU3eaxbPT/FC0c3tvjChVuHGY4u5GdsXe5zcm/Gm3oxlkmun+uYAJtwY1lsWd9SuQlNYpBJF6+uWVzRWhIUhmP8AVJ/0yeov/sSy6/4/sLW7dBhez1JCyJu7Uot6cOfQYKxtzkkExhvc+DTB2hQf2ebhuXJJugKTzfaTlN9uiruWTac4gpFkxWcS8sXjSgQIXFU2qH7DeKg6guH7uNaRWCjkhirlKNy04iCEewewsY8iDaspaScQ2ZSC495IiSodRuCRqmoIt72EKAlwD70gQOK6OQ7tiDF0SlwLWEMdZLdxBlyuG6vghprwj7d5CBscUoTgMve0WsG9qe8i5NAtKO07XeVdbc13zoO/8K1roNjG+lMiR97bD9IjAdpr+nx52G1kGv2MQIHP7LLOaNZrrH4iUdOUfdsCZl15Yrt+iJchnTNqfFmbmqeFw6bbZFYfVBBQRXVkIySDhctGzz8NwZ8S+3L/ABR7h9v+f2aec3+SfieW/d/9/P8Ahd/m6T2H1598X+dv+8+W+sP8ojPmv90olUuNpYnvpSMS8l3vjpFg/F3oSnnk/DITGSXHG/x5wBebSNyB5T3cR6IFNvnlje4qMGzvDnnmr+fyCFWWjnMHqm5XG4KjqViyBmC4N1IrlSYy3Rjeboqrsia8jJoeJrnn0wmREVtxIjk5oq2nxFadjAC70rjIZ1MAoG5NNfiwmkMl8nTamaMMADauOWDP2/8A2Df4o+W/Y7gCZYM/5J7D7P8ALfss/wAUf83XPhXb/tA/yT/e35fsP/N0bxL+82oFR07nJjwKowex/wArx8GtxPCHEbBF5HRJjrsHpUWr3DyuZUFfMvHOHOcNUEoZvzpLyb1xPmOgOzDWfceZV7UtX2lQDGlW2rXdNBAHCzBn7QPDf8UfYfiWAOA2DP8AknxLuH2O/cb/AIo/5uJviez/ALgP8k//ACfCvEv83Fvfv+zagVHT+fuMQqjIeLuTigoTYAwhxGwiapC/MWTRyirDFcL65lbSrOF8HLzLLHm3VBBe27tbE5gVxGdOSut66QvKsc5hOSHElww7XdNBVFE6VwqKhfAFXrgIKuoCcYOlog0lIMxOuL7EYKukw/WpkWhGC1N6juQSM0B8+NjEHq28vxKGmrG0FRArghjDCbc7qLxemJhawrsLyLdeR76Hy97XI/iOS0ZVjxikzKlejFd0234bZn46RuGLkd25GPB2kFm8DIu2W4JrpxjxU51nzi6sT9Mq2TG3mSS2u6aCiPHoHv30VdSVv5cczfeOPj8whx+x1YPDewiyfwt3yCuWljnxPeSaQWJhpXWOcU4f21I/Vte7BfskjlKmY5GmwqBFsbk3BeCkUxN7ppIx6pfFkTusuijzvNl9dieeZZr2QOGO6vW4XQGA7Qv44sre1UsH0upV0rMf+9qvapw5i+p/avNUbRKdkUydP7TQQBzmwcp81vV1URUGIFmPh/m1fe3OR2EQJl00xmnOvEY1nZ4xkrRPICyRzA2oQ7vyty9YqVyNBL8iggFgXK4iHwqwEzDYB9h0CEmLIVhEFTPXGLFYvxzH4+X8OPcFBEX4nj66mLyYgRxgkZPJIAnzYfjDgOatSZymbJ5VZun1cA3S/c5KFPxXS+00FcIDggVB7kAbywdQ/dY+JXJ/JbMxLrCEpLGmclc/cr9jJblaGyz3tvtq6CT9QVknMbILeAQUUx0VRpR7HBNxyFrF+4vzaU3bHtNNA0000DXfy/w4fy4f010a7+X+HD+XD+mg6NNNNA0000DTTTQNNNNA0000DTTTQNNNNA0000DTTTQNNNNA0000DTTWmXm8w9Bh8QmJol8SXpJfRQlYLAJi11oy3Iy7SutbWkWy2pLW1oqqcRTqqiviK5uSK9GgBbgA0aNxuGi+Ty+Pz8YD9vB+q7HUSgmbUubyFBuSCGJi4+GAbAbLIOSqZX2l3wGlwo1KLnDUZJBBGKAnNrumAw0isR9fiBqwb2NXBQYU31RA+9RErMLe5zfNcM3LIGn/APpAcIiMm4kqSChDm5uWXD3cogIcILNMZUvu3tI9GaXnIdRGmjscS0XCBzFvjZFoKa5X5IZUhEyxKjeqXTk6e+4Mrb8EiUJTfRez8FYkoZJzUZWx0hirS1oQBzBpEbrIrdqbGJj6sJMimwOiCkiZEtln7qfVccFlDoGmmmgaaaaCCXVJ/wBMnqL/AOxLLr/j+wtbt1pLqk/6ZPUX/wBiWXX/AB/YWt26BpppoGq2qS35sl3/AH7kmcf8KcZTdwopB1PLzbkqrNWZUb9Iu8hH/eVtxw25NEZrZgDDZxJU/JGGx68HxCuyOL4BwylflMKQAraObJwQ8QsWx0WxDdDbaynup62rycStp1OYKdNwYHCzyJfVNdUMvyUEugBbbu+HJ1o7FGQiwrlu08Yh45gclCb8+5xzMcHB4OHqEREaGlFRMVpascGBgcq4NGPDg9RwdispaGhpazYi1tPS09bFjV9XV18aPBr4MfYiRNjZj7O3t8oawVY9eYUWEcpxNF5vq6L+GwfYW0ZNzUShIxP6+7PmTsXwkjvq5RYyPOotZt6ZVcYMjrNK5Ek5MZD2S3GtLDMKyix5uMQuRCjyZCpR6nSOzuqerIJwmR1BQFHauYAUVV8OtttwaYapagyFNBckEscvBsyp6Y6Dx6xvgItDT+jjWAWYi97bVt60wxRNr01hauXF4/8AU+StWGblHT2E7kqd9WOuAM79uVACayborIPM5ZAmds+nyN/eKAOCNZBK4dLmrDQLVWu42GZsmgX76a0bj5kGBZJAXObhHJdUthS3UkOY64MY1fVslPMmrr6u0vFqyqOrtLutrSatrbukvqyzobsiBWCCkQc1lSYnyjPgM8Jt5aBpppoGmmmgaaaaBpppoGmmmga7+X+HD+XD+mujXfy/w4fy4f00HRpppoGmmmggDv5TZHMC4LijF7GBfu1ALdgMVXFJeV5KSk062Ados7Ily96LHlNWiJLV+W+JMASLVGF2eQGQ+LVOwG6FlPHfsBFASADIpgbAaOduM6bO71fnZQwNqaGds9nGgogchGOlEj3Onrynm+4bIZcK0sQuO3YgW5oGeae8WQv/AAFREos3jfx9ZFA+V2UAcpMJs15aKeWMWJktf7Ykw2BkzkAmMgZme2XWDr1x/euURi4Wpf7RHS4qotgVmR6/WrscxixAqlJmAtg4mDpICq2Gqr4tUPF/M/H8nel+0G27st7Onox9iqnNogoLk9sCzqMdRTGMVWFdv41J3FcpEyXCHFLfo05mEP7Y2nNpiXMkxemPJU4a43k49EJKAiwIOtOyCbzr6iOM6/lZOLOA5vH2/jOv2ERuG25sdMhHqCY0eNY4xMlqQ+yDgKihqYVSv7dZW8UnBIdq0Fx9wlwOHiYSpraN8MMqET2+6swUjjyVQBdt8zfHI0ofilloyK3GjJU0QYIK79ja104lbWSgKpCXHxMD4xt0llfHly2WaF1y6C9jbPTySOBMqGQb8YXBhU02Ahesurqa/X8Yg6iPtH0rMs7Ui2acX826bWOGHdV7RkRRWbNpPjs1Pkt7YeJ15t9IEnUVnG+WQSbAYrIwdSfAHMXLHYypEQS0H2CLPxQEq2UtyWdSLOTC0VxyritN7K4lhJLijjCpGQicux+IyeJg9Lk4d9nXlTGrmnJxwLaPkVKmB7K1Cf1LnGF2ueTLwP3V434xSBKBHs6CyoyWftos7mxbnPkJPtB+5Y0RO8U4Dj40NpOn3BpjkLa5RVqMIsLEqHc3M1k4dDHJj6r6iOM+ScrH62x4c3kAK52BSjgmW2uOmQngj18lxxfzujAKXctzQgSyhsAGhJYovnHM4z2P6duFYcY0twKXT6MxrkGNgcE60xbOG/yGE4q/Jlk7UAmEY2tgiMCIQO1T9tZblSxQMoXQ7Wr41H3N7UIMopIsXUhKaI31TTgWwV01u25pbuCItoBP4VNNfoXo0K65v1/JIOnd6u91TKy1It6nKPCem1kfh3a+rpEoVhTbv5DNcA1e1/lleE/VBIN7ZyfiEEavGLMN/q7O3GdyHdEvwQoYG7NM+5+sTQrQOQi4Sju7ZT2BTy/bzkMx1aJoXInvoLTX7PC/RzIYHnyiGilvBHkCyFyArrdf9QfOb7DA5EH0xXeyRJkv/kXjVtvNvDvSSKDkU9clsgMivgbQiYWbJ9KJPHw+NfUY5DgGLI+B44FTZRbKpaG6x/ClTZn47r3HLFYxHcYIWPmLqgB0rEdI01WswXI/BVOrOKrAWwko60SSmCcbSA1k1o80iyVtPnKGuC9ijuUvT1RvuGcF7AG/36lSpqNbCM6HrAfh1GNeT5Y6jqPcyrGPY2ore4X5d46RK8T2YNVYxpxBtmz9DrSTFuJlFXcgrWks7atd63h1dHchqByZzess68T8Kh9Xed++vI/bjL828Y+3rvCeyVbGOv8Ac2aIz/bPv77Nso6D+7JVT+q/U/dTn6Xna8rSjYCuztxnch3RL8EKGBuzTPufrE0K0DkIuEo7u2U9gU8v285DMdWiaFyJ76C01+zwv0cyGB58ohopbwR5AshcgK62MCn6aFdj1z4hVCkux/fG0Nm8wcjDbfueYqqrGSm4uBuSGBWMirE6+XZHm3bkGPuPhDiWhJJJc3g5vtEVRpK7TefOcZoRbBXoDB3pftDG40xPpD2jH7sJwqH+SmX7hueox1FMibFi2I6gzTGqpLBPBFp74Vifh+QGYcf3xHJjC5fkcKpQWkkqAWQ1bxi6leC3CT9l1LF0Zv8AwyTqDhMAvH8iX+bAJK0CvF3KYTShKrBvEHKZ9UxrjzkyWLkKxzbHlZknV5KCyNfMFojrHUVyUmC/h3o/zRjsfz+l6hSAqVZj+S3ZwwHoQOJAKp6xbXFfC/L5sd3BGaO7VgHtu8SqdAMhGbjiv27NglElTD7zudm4t/FDoTqCU1IFawZVRGBG4Z5nhPP0wlEY72MFZj50yCCqpYhYNHTWMHJksKhuBuReGwKy5ItaKkBCcdSDbksgeKixH7RTkZXW2waXPCnyEoNxJQYGRDHPEXM/CwVQExRCeMD7Nqfpw4EYROYeY+QrWx+FRIqwdrndu8hwsTEYxRyJt2iPtG3yJKYPNXFQKnLEIrlyP2nDmMJLDsaddBL8wzyxgWe+csBgZOqCsRI4oMN2fyFcalv98VHRXMZyNJOplyXOQNde3apJ1A5ykaqaUam0tTS1yirgssabTPpS2PxiwDMgHc7cZyIEYrA3ChgBkJVeI+ZBbbQOQiSde17HuN8WVHjWPLhVoM+j33SdQ7JYIrwNbkvvFu0pAoVL5kzR+7FIEYHHhE/Wo0CxjWhwoLW3LB/onxry1r640Aq62KunR1FGvmBkXc1QNI5mhJDh87CT6DASo1MZR/Y8hVyyhg6LKuortk/uWYWArCySOMpCepKB+qqGqoOmNVgVXGYLMWJVZMLp85tZFZgXwtcs5ZV2ybJAfa8Zgr9cjT3Vk8tZimsZ5YyqUAtrYFF6I1CbyMycUWRPlEZdS2BWEAV2TfKQNxJR145NOmpyju+2KF0pS5DL1XM3mX5fNGy6mD2LsCe6CFhECsEaHSKyIF+aVtFqDPfN0VwYQbIa26DkDoZIqoHM4QtDBNjXVZUaiqJC+c3ZpleX9ry7tSuFAuKjdp9xktchjyq6lsScHXYdSMJ7NZLJxm6/wQxPOEMVOpoM0LHwg2ao+pAHmr42cWbXUMKpYqnrFtENHNucgs0OcQt6Yf427qKNgaTYElxmuD7HZLDa+Z7NktCsFE/8DqJdNNdZoqzJ+wHJrADsmXFiAaY0iRdSZRZTJNWXXxR1yb6bqXmukixqlftFfiLAdJrZ28A+VzJ+YOlhRRTKEipZ/OOyA+/ljneVY6lTthiCVH2SE4iYwDmZmW5CSNuxW5VQIIpsX/tVmzjmHVilZdQ8G/t1GK7unTwVmHWNQXsWPFVVcdrS4xsXXCwk+k3n72uGvZiYv8dQL9gFSdF2RYXf0rhktNPnZysMh4tYv+NRyzRtfq5miElXURgS3sIiZJ2LtGwpl9WKCkUbee0YMjOnks26m1WmR4VH7e2BCAkrQ/KF/mLCyGy3xSFTzfnlR22sTnw75bUcdVk/yElMHVCZPLhsj1cjLvYCnDtbbFqMfRLHdiaAx86bZUisnwg2Fl1jAuQlWt96H/JkorZFjS5P5AoJlUDnH0zgA1lvXJcWqA7GDE+oayiHVBH4ZNuILhUGCeNsQVQS1jTBiuQAWvNhogiOVjLdTRvfF1kn1+ZNFikvbLi78dBF+O2RYXXvZh2vtyC37QP1NhYdsoqqzuJ/x/i1lfNm7uxG3aYQHJqGVZdbTUzTp6XGwvJ6WSkMAh8lPRbeC+RbOe8U9qdpowOq/diDdz1A2w01ovLkzTkQiOF7wXIQtR7CcrcMwDzRaRLtzPM/jvdvLHE0Ul7N0AKM5F8gMt7Ot5+SXX1Jor5QWzcTcc7ibyxoMmoOSNkWYTmFa7gaWbpSDBGPa2FHCDbilzKB55Ji5GODxiPXwiXUNKVCZVS2g4TjBHVwbweIx68g79ZdUN9S2exKrbiluK2VJr7SrsI0iDYQZG/El7G9H3tzb5gsh01U+Et5zYmf9vLd13Zb49SPobcS129oVOskMcK2q+lsc3LP5eTxE3ymSNSEQeMnnl8ODjz24nlLu8OfkzEt3Tt+iLQhYpGDkYHDYJI6EwDDChqCkRLha3ryAYKRggr49tQkY5fVMiXVXdDd1UuJZ1FvWS5VfZV8qPNhSN6Nvbe5zB97TTTQNNNNBBLqk/6ZPUX/ANiWXX/H9ha3brSXVJ/0yeov/sSy6/4/sLW7dA18MmJhsKGyEyMiGjEhASo7YmKismtoFCNjI3QwJFreEJDeWsiJV0tHS1cSVZW1tZSo0CugRpEyZI2Y+zubnL9zVfGR9z9wDZHMXaTe70nw3uxbmh8Pn+WNX8eQLVnqbD44/LyV/wAr2551DfbRGaUgtefaTaoGFa/F3ZJPNIa8qD4aAgEZ9fH2Wh+P3geYZI0au4CK5LKuXRHCVx5BR6ys1KmmNV88eqj8rPgl7FcTeZuxJpt+6BD50kaL5DlmgycADWzk3ppoGmmmg19CnnaHb87JlN0Hm9/eBget3qndybT18x3qReXx2ThEZdkpLOrKUCeamumizLxW711eDypau0clind84Y2rxYZC40XJKdogjxVi0dSuvfKFk4F+GtFdEvbLik8iBGAO1pYI3vZiKvqCCo7uP21fYdsvaqsuIHyPi2dfCm7W/G2qrtf34GH8dEN5nYmlcvZpQBuHJTkBiRZ2XPyRK+2NGhKNGblljnTzeaNOk25yOMisNswqrcMizaKTkIyEZIongbbUuGpxPGwuB0000DTTTQNNNNA0000DTTTQNd/L/Dh/Lh/TXRrv5f4cP5cP6aDo0000DTTTQNNNNA0000DTTTQNNNNA0000DTTTQNNNNA0000DWANhogiOVjLdTRvfF1kn1+ZNFikvbLi78dBF+O2RYXXvZh2vtyC37QP1NhYdsoqqzuJ/x/i1lfNm7uxG3c/1Wh1Lrry8TQuJdfu/XlZVvcUgMeFDldxkQcZENx5sgX7um4BscOXcNUQ5tsABsG3Bt30usX8PkzLE6s05yzlJKdUskK68JSPkY+PQo9LUpDDtm5Gzbl7PYwAToXaQnKeR3N5udigosyBEhMqwrX6Bs6/bxrT8fnOTuQBpVNrhW8piQQgSFP3JZ6xtnYRYutkwuGXfq3ZFG2Sc1dyFLtShaeY5vkwramphUdeMmb0x+KVk3TAK2K2poNriCkxpahu9IFQ2fv0W7YBotKqNL2CrzUTXLzzxZhBmZADVf/mFMYZHkdlLOquO3xub24r3GC7tTjM0DfYkx54otVVYY84nBlvCuhfmYuRw3LDyYxYISM1oKEujlFE5EycO+ZXLy7OL6wLnQmy0XsYiWyDJJlhz31mZWm8CzaqzT+RhTL5dwWtMpagbZ0iyE7rn5nWkMj5C3RkBXYtU5eqiES0C6dm3fYpOEpuqscFVJkxzioBenpDeTIsWmoU2dVJUVJHIm639u2F927q8c2s2pwHYGYmIsjYDj245BTalNoJAoDJxbZFRCOKLRjMOPgPsmyzFC0xC1A2avZt9t2W3A3LCosuTcpTMMn3Q+YDAu6VKQMVBMogAzuKqGqeRBG7mxJD6qiZKiomPLHCLbITtdMgG7puL5tKgwtQZhhu7bbtTOmwOE6Bz7tCeAllfDQcSlaUbY8w0MyrwGCd5qK05hi9RBjbYU2Z8+hIaFT5l7aqTLELbqkEk6zR8ymxEhkoS2c6GNQBUS4nsOotFPkQU3m5yEFRiddEjPtZ4jew/SztySkL56T1WFgummmggl1Sf9MnqL/wCxLLr/AI/sLW7daS6pP+mT1F/9iWXX/H9ha3boNUO1xC6GW9syi2HeWsKHbhYnSDozFhSyQyPmabjixV4EPcLexpB2HeH7JMBQLqbcuIRYHo599HuTkuExGBdEdXFfHRaE62XG3zsmdS3juY19dNp/k9BJsLOkvHIe723ZlVeK3V9AgF1mrlxF5KlOoWIa8ZxSH49rhUr2xspm2IRtzhj82345J5MXZHv83LMSuHJruDKj3ofDk2I5llbvAR0DPtjbd/X81jFMgpPr5qScaheurr6mijz43MwRZtAN2Xq9NEwVJfQNNNNA0000DUf8mRtgWiptDJK1ncsiklNivbGvY5LKFQ89i8lfsy74OBbIjlWY/vUy/dezy2qCd8evLAuQYIJqtReSjEbpzC0tI8gNNBaip2iCPFWLR1K698oWTgX4a0V0S9suKTyIEYA7Wlgje9mIq+oIKju4/bV9h2y9qqy4gfI+LZ18Kbtb8baz/VW3SwKOwLx3YpWO/wDSn4pPMqqF/Dmz/hzJ2NLx48r8QkgOAt/hx3glGJ/ZPTfCNQ7VJKswGXtYclVWGbotyDlurFxaToGmmmgaaaaBpppoGmmmga7+X+HD+XD+mujXfy/w4fy4f00HRpquHCnJ/M/Kpe45PsxxaxgVWPmQqgB3VEuhrNZrNFyCwqzlnFYALXyVZaYGKsJtiDnk3I9RlkXadsCuoNiTc29Pale5Uwam8CfVrwDPhUaMQN1EBzUMEfpiVQRAxD5FlZVkHXWFdGtCSNjCC0ClsDbKAgTMaRz7WTYnj2PMoqxPsa+8p8maZTW49ewa4LHtNRBPs7cZwHwr6BQwG97BX442Bn7V0DkJmT9RWG/zPXjLvPtMVrp8RX7R7SRepjIu7GOtbw869dWRN4GY9jSs9MT+Vpr5K0TW9hs1qr9Ot9fjSdBmS7fJEo+CIwE1u+YtyoQ42H4yAkkATZ15g97C1hqJXd6X0pomYbCaqwkl4S+01CEH6ieKzGZi2VYlft+ZbOcgvBpMnFlirlaNIJxWNEvTZtc8lS5PE6Up8b2YP36uXRmwwMsB2reirKC6TcJF7ck9TMrpczIFdnbjO5DuiX4IUMDdmmfc/WJoVoHIRcJR3dsp7Ap5ft5yGY6tE0LkT30Fpr9nhfo5kMDz5RDRS3gjyBZC5AV1oS+01CFBdRrD7J+xXsNIM0gL6huj+zfqRgzU08gxNtff4isg0sghYPI8WownGE3xUbqy2cfI4POrlyLrfWbkqzsEHbdKtmCGZArs7cZ3Id0S/BChgbs0z7n6xNCtA5CLhKO7tlPYFPL9vOQzHVomhcie+gtNfs8L9HMhgefKIaKW8EeQLIXICutCX2mtADOUaKMQ7Fw+HDnuIlmj4/8AbTbeMmMP2T5UijnJah/+BPH4tmHfPSa2NTX+/wBDFfi9l8cmfHLbGpoZ+gOoPnN9hgciD6YrvZIkyX/yLxq23m3h3pJFByKeuS2QGRXwNoRMLNk+lEnj4fGvqMchwDFkfA8cCpsotlUtDdBP7TUAXJnN6yzrxPwqH1d53768j9uMvzbxj7eu8J7JVsY6/wBzZojP9s+/vs2yjoP7slVP6r9T91OfpedrytKNgK7O3GdyHdEvwQoYG7NM+5+sTQrQOQi4Sju7ZT2BTy/bzkMx1aJoXInvoLTX7PC/RzIYHnyiGilvBHkCyFyArrQl9pqsKy6li6M3/hknUHCYBeP5Ev8ANgElaBXi7lMJpQlVg3iDlM+qY1x5yZLFyFY5tjysyTq8lBZGvmC0R1jqK5KTBfw70f5ox2P5/S9QpAVKsx/Jbs4YD0IHEgFU9Ytrivhfl82O7gjNHdqwD23eJVOgGQjNxxX7dmwSiSph953OzcW/ih0J1BKakCtYMqoCf2moQmGeWMCz3zlgMDJ1QViJHFBhuz+QrjUt/vio6K5jORpJ1MuS5yBrr27VJOoHOUjVTSjU2lqaWuUVcFljTaZ9KWx+MWAZkA7nbjORAjFYG4UMAMhKrxHzILbaByESTr2vY9xviyo8ax5cKtBn0e+6TqHZLBFeBrcl94t2lIFCpfMmaP3YpACX2mtAIzJxRZE+URl1LYFYQBXZN8pA3ElHXjk06anKO77YoXSlLkMvVczeZfl80bLqYPYuwJ7oIWEQKwRodIrIgX5pW0WAZb5SkWLsVL2Fbj8wG8PtZ/4+owlPB0tVgsCJT33kclMfKYoYvKWGkJm3fyJrg3LMRpFKrmX3m4Ft+iPLdUj9vGO4oS+01EHLfKUixdipewrcfmA3h9rP/H1GEp4OlqsFgRKe+8jkpj5TFDF5Sw0hM27+RNcG5ZiNIpVcy+83Atv0R5bqkft4x3F0/ljneVY6lTthiCVH2SE4iYwDmZmW5CSNuxW5VQIIpsX/ALVZs45h1YpWXUPBv7dRiu7p08FZh1jUF7FjxVVXHa0uMbF1wsAse1US4526b9TyyrbXl24+xjHgaBTgLnr+HNtbtvu51ZBtKO2+Uv5pPPL5J+2O8nTrSfFc8KbboOao5ihpcSbnL+F2JcoRPdJvP3tcNezExf46gX7AKk6Lsiwu/pXDJaafOzlYZDxaxf8AGo5Zo2v1czRCSrqIwJb2ERMk7F2jYUy+rFBSKNvPavDlnbR11E84T+o5dyPTLRZ4cYcXsax4cuzZy2csB9zZe397U7MbnmRd8EmLXP1OUdPZzJsAgkHI0zK2aL19BTCxMZBIbTTTQfDJhkbNRshDTIeoy0QLaO2GSoUJqmBfDZMN30CRVXg8Q0drHl1d1R3VXLlVttU2UWTAsYEmRDmR96Pvbm3zQnsMCxYI480vElmmuIG1scvNM2VQuaoNKsV7a2gcnLJoINjjkc0NtRLIK37rcuLVkUuIJJikYNyYXFd+ZsSQwN4ZOxWemmgrTsGJk2luHNuZEY/8pqDRebmgcHVh5znTv3+PJXc/LW7ZUxMWuIVEf4FzMG1m0XEVAEBxzc4A3CaUcWmyqAJBuDQK8nCXFjflNQMEGEzNauCDCqPE3YpLHnqrUkDohnCuqeeuX6miTY5C1dXlls1pOMlCybYkPEcOfTlAqSjkWzprusiWC60Y6sa0nkJtj261AjbtSIM7t4Axhu+KFw4lp5FzVXKVerHYtbsRbiv8yg0tdRHHr81G/Nhbb3xIr7wMzp9TJDSQS3nNiZ/28t3Xdlvj1I+htxLXb2hU6yQxwrar6Wxzcs/l5PETfKZI1IRB4yeeXw4OPPbieUu7w5+TMS3dO36ItCFikYORgcNgkjoTAMMKGoKREuFrevIBgpGCCvj21CRjl9UyJdVd0N3VS4lnUW9ZLlV9lXyo82FI3o29t7nNUjYY85YqTm5/QrsDHaA13/uUqby0iksA/wBnY3tzjUwRKlzNXe0Q31aEBNDyVVtV2Toxiyhex/e1RFEY75s5Z7DMF1E33/LxLJiNkCqwvOn1bm15OOncAZXKmHtYYu3ftbPcsdtmsXKvFg6aWL2KuRzKLNmYqIj4NmneM4l27ylrnLi5kfvw8RY4+FqPVJ/0yeov/sSy6/4/sLWtctWyXCg4NppO3HY8hci/MwhWFm3BpyHYSdfUBtpbmOThaI2UG67+EJj6g5BrayfQb4ccvY/QyPNiZeVDk5D0ewLMrJxbZFdL7qdRRaMZhx8B4JZP7LMULTELUDZq9m32PTT24G5YVFlyblKZhk+6HzAYF3SpSBioJlEAGdxVQ1TyII3c2Jr1BW/NkQRzM27fj+aqaYZtiGM9F+bcmVQvi1smRCTBTPp+e24cbqkN8waWSCOpqwOWqX82uDKLHFLMED3j/HKyOjAN9rhfCCkXgGql9UePgKyDBdfBFD8+0teyCAZRwRwaqO6Xc2yurLttLWwofz7exn2kz6PyJ82VL3N3f3Mz000DTTTQNNNNA0000GOYwWsgK6mfCkquTZkRMl8FDa1O9yw5efdkVMjB1/rGIp+QS5425E24GyQ7fUKdHMw+W42r7ntucYWHEa3BLlpSvlNbs9UTA1rHA+o3hebW/JvSapoK3MHD+gj1vLyb1hDZbHo07lzR3lxtStyHGjg0Vb4GN+ktbOFLsL/YNyNbVsMZnUNwTkofezoGmmmgaaaaBpppoGmmmga7+X+HD+XD+mujXfy/w4fy4f00FDnTY6chViFsYrUZ101+lEFmyMUA0uDHNlEMixvcnyMqHE3vL0hZ1XS3HTiUlvJIHHb8svZP+W0yLi2MagNSmROIDmTsbtQSSfxPwqaaJ/6ZHl1+v7H7LumCfYVNHxy1IpnfmmVf9Pft9+A9zFafui/2ftOYvzLUi8VItvvQV9AVkdxvfHLPdNB546bpX5FrMVxXmUEYfbZsuOnDhHhE0B4T6mufnTfFR0qw8rmvuzDgaMcQloXW+RI+ybd3XsGmrm+CryxUVcv41oN813JcZfThlj2J+HVxjK05trDmL/gsqjAHp84dBVMFRzuo7fcYdkWYUkjmQxo+J2cQUK/nj77AYoDHI3U2Dvl7SR15qT202shlhdP7TQeaRAkZVXPjpP4GjznwhcFR01W+QKY6psaX3Yv3JWcKovpu5lYrxMgMllRBGAiNg0P0JtYBy8PllcTMj67cd2QICtdp8CduDVcZ+7/wd6X7QxuNMT6Q9ox+7CcKh/kpl+4bnqMdRTImxYtiOoM0xqqSwTwRae+FYn4fkBmHH98RyYwuX5HCqUFpJKgFkNW8YupXgt73NNBWEn8Kmmv0L0aFdc36/kkHTu9Xe6plZakW9TlHhPTayPw7tfV0iUKwpt38hmuAava/yyvCfqgkG9s5PxCCNXjFn9/ClTZn47r3HLFYxHcYIWPmLqgB0rEdI01WswXI/BVOrOKrAWwko60SSmCcbSA1k1o80iyVtPnKGuC9ijuUvT1RvuGcF7AFj2mgpiwPSpVu5oZdMjmsB+wxvxmb+WaVxBJaWVYyypjlWcrWUObnUcsGXc8ariBl4+lcwqaLjaj5SwnUNiuLFW5CJ17VRc0QjbLNqfz9SpU1GthGdD1gPw6jGvJ8sdR1HuZVjHsbUVvcL8u8dIleJ7MGqsY04g2zZ+h1pJi3EyiruQVrSWdtWu9bw6ujuZP6aCqJT9NCux658QqhSXY/vjaGzeYORhtv3PMVVVjJTcXA3JDArGRVidfLsjzbtyDH3HwhxLQkkkubwc32iKo0ldpvPnOM0Itgr0Bg70v2hjcaYn0h7Rj92E4VD/JTL9w3PUY6imRNixbEdQZpjVUlgngi098KxPw/IDMOP74jkxhcvyOFUoLSSVALIat4xdSvBb3uaaCmJG4Z5nhPP0wlEY72MFZj50yCCqpYhYNHTWMHJksKhuBuReGwKy5ItaKkBCcdSDbksgeKixH7RTkZXW2waXPCnyEoNxJQYGRDHPEXM/CwVQExRCeMD7Nqfpw4EYROYeY+QrWx+FRIqwdrndu8hwsTEYxRyJt2iPtG3yJKYPNXFQKnLEIrlyP2nDmMJLDsaddXO6aCqJx4RP1qNAsY1ocKC1tywf6J8a8ta+uNAKutirp0dRRr5gZF3NUDSOZoSQ4fOwk+gwEqNTGUf2PIVcsoYOiyrqK7ZP7lmFgKwskjjKQnqSgfqqhqqDpjVYFVxmCzFiVWTC6fObWRWYF8LXLOWVdsmyQH2vGYK/XI091ZPLWYprGeWMqlALa2BReiNbXdNBXDghiecIYqdTQZoWPhBs1R9SAPNXxs4s2uoYVSxVPWLaIaObc5BZoc4hb0w/xt3UUbA0mwJLjNcH2OyWG18z2bJaFYKJ/IOoSr8pnQuloA40giAK+1P/Gp5mts830xUv2r7WMpkJksOC4vAAcZshfKPZvqu+Cru7tpgb66+dUEcCoYv1plDBn9poK4c3Fxme9EijgxRKvGCQbRW/ii/HNEY+UDWCxUNKsX8lcfMm+RfLEiGMOmRbtQfOrdWlK95mAVCSZsReu3x844Lwjk2FiE0uQZY4i/eSrFFUsVVoAddkD48WweHHl9ktPCzywdiWTRYOBjXvVYKltc/wCuLRURoUm4t+Ak/BCKKI5LEQeY2adrMcmLP7TQUxY+dNsqRWT4QbCy6xgXISrW+9D/AJMlFbIsaXJ/IFBMqgc4+mcAGst65Li1QHYwYn1DWUQ6oI/DJtxBcKgwTxtiCqCWsaYMVyA/K32d2nzH6nVLb7W5V3N/lElmlRVNjyc0GzuliQ9P3DZY0DGqYEnhtSrIEvGUlnGvacvh7W8P2ZypmYJwrDfvwMpr6q5/VPpl/qmZPf7Aenh/yK6pOg31pppoGmmokXmbqA2ychXiwuyLJdsC19ZhZIrcWRG9fxEDMOFYSaOvAHYRr6LaLHF66IiSFZjtNd5WH6OA+SdQGU+6MKcfX59dDAS301FKLv8AUIaP0/EkYiMWhW8/N28vyOaVm7ncC9s/N8vzLFbHiHXpon8nsa+TVj3iHUa2eyiRDRsYg+oVVN2iufKIWANSc/lm5Wv155O7sj6UqYtt8o9EY0wty1/949B+REoPlA+Vyowx5uWLQ8ylzcOMw+WGA13AOtCsi4FbTt2MHDXyux6SpRAXp4zqf23dUccmGEMEwL5q5HGw3vzrODzkK+xxVdSZvRhUcDjQkk+5tglfX8ChohQwI7uRXj4iS2dXiEJh5iOH8u2j8V9tSCc76XJHcWaBpCAd3fHST/yGGWtsZ1NwZzgNdyjreTfKTFF5PX+AbK2eaULAE64Eyi3PJqlm4nEIi8dRieE4+pZTIoMtL6UU2YinFyHrEYsSebX1dTNI59CE01JVS76XVUlLWSreRE3LCRX1FXC3ZHPGr4m3s7Z0Hkzzi6NQmPLYc2OGRZYknM+Ly1w8T6Z6bQNDwHxAJ6N51sYxyBKnLj/KJsgeRlXlejUsWNt8xZruVFblEsMW0vjjC5hw/pV6R2l4mo+jZbyZRvOyy32eP4K0ZDDRAYqw9znjyd24BN9o88x1ZGwLyl4bFKQAmWV0rklcJTa27Fh0G4hk4rXYEGQ9OyRZC4GJBaBpppoGmmmgaaaaBpppoNOzo0i5zb6Z9TUbG9a2o9km7Gff1lbtc86wo1pQ4C5grK8YdxCi8u7JrAamZDlUC+tS2btbFBXG7WWwnMsNm+ORiBaX5ao5SH+qZjv/ALAeoB/yK6YerxtA0000DTTTQNNNNA0000DXfy/w4fy4f010a7+X+HD+XD+mg6NNNNA0000DTTTQNNNNA0000DTTTQNNNNA0000DTTTQNNNNA1UXnjZjaIyzxOySLr4bBVowFpkviy1iSTaQBjblElGFRMykyct24s9ynoN9SIVU4zZtbNaTEl7Nnq0pfs7bFR7ZG2o2iiht01DrP1THDkxHbo6qaPmKnSG7IW/ECH7lpS01Sb5F4usYQyVx5BCyyIJ9NVxwI3danBBNh8N0kD5O+C3BDHrjkFst6IX0gV3xc5VWcfTj45hD3y6m2n5vDrfHFOFhCkWD8L83OQ+G5mHWwvcFJniezEvIxD3XJ6o+OWjV4q4PcHDsQ17NyiEE5/uL8vPPlIzCwGnfS5uOzscLLK3JaxEyT/z3dvn3Ob1Xjrja819T8nDl5efk4dRJK2J9b83N/fAGAOHuKdStZgQ6VkuXGs7vyVbtkEEGYvyPttvTd/CDwfrykUu+0EECqvqrutDawJ3bburrbeD9f4tlAhzNrej7ed6CAUXpvIAh+nLyDIHfl9aS/wA3l0LJhxFhUmWH8f8ANt0HmuGoTvr3BKf4lH2KXeG+2Yu1HxSoZoWpN+e4o8thzZviwsMAwwOBISOUIeGB9DUCwiIi1RXj4wLDA/Xx6mhHByhqY8SqpKGkqokSsqKisiRa+tr4seFCj7MbZ29vl+9poGmmmgagXn6yyGvXI1josiS6GXJljdWCupycQuJ1MZqVNw6/hZ5H5A0l0Pz+QpA7pdLLdkByba0WjIxYRy+a2LY8d1/KPnPPucZ6apdQRJ78JWdmxK5vrQcmPEoCL/8AT9Pt+Gav5yj7at3/ANvYpt6X7e3jtnZb/TMBShagB9znoQ+57DlSw/8ADCQI4ODwcPUIiI0NKKiYrS1Y4MDA5VwaMeHB6jg7FZS0NDS1mxFraelp62LGr6urr40eDXwY+xEibGzH2dvb5fs6aaBpppoGmmmgaaaaBpprDGOwRBSLw8arBt/HwFZBhQwTe++BaWvZBAMo5xGS2/a6SFZXVl22lrZsz4FRXT7SZ9H48CFKl7m1sbgZ50/6HzzMDNJ0b23Cm0qeGEHhuJbd3yfJJA9hxxmyyuyAtQjk5tmZEH1+3gHIrDaqJZ1Za1l4fm2P21BNRflpVQrCO7uH1C7p4pkzQ+G6TC2fS7ww4iKsK3c+BLmtaO7rwrIbJc/K8jcggYYtByZa1EoGCXQ1ToVX/GOQFu/shFOPx7A2N7Hall11NHQNNVRdQHNQqxrfmMaiiZV4Q4ZhLlUGUzHIXNm8H2JYK2RUjTTE0YDliD8m1lpiRUQSAnqH4dFVjzTikqsZFcAcvCrH48bZuLHZk/WOVuiWOKuZUYS/6g5acdvs+QlwXqEopQQtBDCLelgW0QymyfzR8S9f+JeJ1G7YU2RzEuC24u4JeNUUcStJ0YSCX2mq4Z3UsXsjfSI2v8f8n3C1nwP5SzRtOLgQWe6VCZphS5Fyhsn1gzjcybgciQEgV7JO7ag5T66b/Igj+xXZBRKxyHBSdoOgcuAEfVLQRgg3O0B2Jk+vltwwhfeZ6IeVcqwsaKnygkgFjE5tt/GdfPHjPt6kgVVuzldsB8LMNLqgLcFicBxsrqd2IneITSIFrumq4QHLyxGnxlOEt+aQWgTB6jywxDURDCohWuC0xXMLpu4o5BC0JnlfHdHtyvH2VkGckivAb293yoqJ36/U2l6Da3IxOK19JL9UOoVcti4YodXkHPUJxv3aVlmM2LXcwWflQmKhtwdWCwIau1tIxUPr02JyFEn0rd5auxE36pHIsLiqjW4FO3ZAbf0000DXfy/w4fy4f010a7+X+HD+XD+mg6NNNNA0000DTTTQNNNNA0000DTTTQNNNNA0000DTTTQNNNNA0000FVyRqOOMDeK8K7fl5YgTbczRfWEvCHx5JsHaxlgEC04tFLSNuu5YNaBcuJTpd9Ys1Gu64SEl4O4emGKoWsrtjlq5ffBfTJ1rzOZQG7KT9Scpuj8kyKxlO6vJPHgc7nUU/nJ+FjxSLFyW7uU2cAGGfuZRZ04MXvYxxEv6VM+6fdlZRSjBci8iH/UtmSFt0Lp2Av7jmuhm65rSNtbsmruB+6qbofuLAbKxEuFCWvpysGPQYrp7sMYS9M6ShOF6cUJAEmw/QldDcU8IM50000DTTWCNJmBCWWTGcbMu/GlupgQvZjAI+229z2AIAx+wKSu77QPwLW+te1UNVPndtpKuyt530Pi1sCZM3dmPuBAvPEn9qFKwwopd75VSwvpOTKf4u59bYrsZF/fRuzKoj+JIsY0T7t27FplpMBmKKTV++sUwHOkNiWkInFYv5cn1oNCjp5KqLV0vKr3IORb03NsvZ0CwtKojsVcPSLciIFfi7VEtDJ3xi1CMXRgt3ljU2oREHBFlGsdjZDyheCyXoybe+35oGmmmgaaaaBpppoGmmmga07NXnPlk8hXFCHsbM5cCW8sXrmfyz+ePFhSsfZ14xtxVJfZiWexZ1x7s5TuJL2S9bQDYihKAX2JQjk4HsS+XpcwUbyHmanJyMLgYsC8vsN6BTQN6rg8nJBq7cgvLm8ILeAOComJio5Atik1OTUptqYQAwMQprwzOzO8og8Porsmu6qqmdQPQZWYrqDEQVD5CgVeXnUnzSKyTJ64dS7IH8KqG9tcKMg3dUq+vFFBkKkx41IEEq8SEVh/FZQcwBkRZtcurV62gdKNTy64yAvC01VFTdQoqUPOWKzIcEIHo8BjN6NgqJTsQ1FY0lc62YUYGjXUFDLWEpWE4ziSkx/iEkslLXxIaPYyXo4VDW08WqwEwj7o4sUvv91ZnXaAFYDKZGH+T8FOUygiup7N+tucSLUVxgFa6utb9n17aG4uVfFrF5AlRamnE55FxtXL9riCu5NuAnbVqEm5y0Wg2+RozyDKZN5LeUfE9SoDJVGeFdk+R5B9w7FxPPvKPI+77PavD/tf7T2TsNl5B5x8/u9J4z8Mg0BnNhF94Xq6Z3BAXfrTzaL6qzDxn+8fFkj848R3fYNmgPbyM/I/174Z44oHF59I8BXTSyCCvD7r213oWyA5zb2BpmMkCB8Y8n3yNowgoxPIJsJWjTd6KpgqtV6EuSwGrBclbsDMlm6QDqWZi4aEqmxnQzysSeuNaoFW8Y5ccEhWlJj45lq3bbqNuTDjfxrYEhQL9AY1NGsftbYJTaHai4cFplhs3t6ZR7DIXaZs9fkU1HDqsWlYIoqad1DTF2xcMWvrFBdq5hW4YBhr05PtOnY6WfsRf2foZf8AUUCvEFOi/SCs3vv+zIUOXHw1oBe0WN6oX6O9V+rg0B76a90HbWtsPI6Dx7tFxr8j6U3kGLKbxp98/E9S9ILJXpTea+rvkeQfcOusTwH3z457F2e1eH/a/wB29Xd+svIPOPgexaTxn5hBsBYdQeCWqzHP0eiMv8zy1gYgY2ZRk/ZOTDdftMSVmRQ7femDl5+zHri6k9xgN6zW7X7uM45eUjokRL8o7kPr8SvFf5bt82zb2K8qowVM4x5P5Nm0xQLZ7mAcuKNNp0qUyzdFic06etGcPZruzFG3pSBgW6qbNXygFRDv2EvrFakEFwiy5k2oXtFYaAy8xgKhjGrqVky15yBmPDJRvrzJ/GAVGguxkWK9zBUSRxCUWHXJJ4xZ15R34+LZR4qqNzFhoy64dRoqK2VzyZBQdlHhjBKbSb2LiM+3BFAynmFHnxbXeTGDVZfZPFfbL1axiQNh/uLw3at7ysA/bzsNz5l+vhyy5w4A8q8NCotcJUdLWxNgKdogjxVi0dSuvfKFk4F+GtFdEvbLik8iBGAO1pYI3vZiKvqCCo7uP21fYdsvaqsuIHyPi2dfCm7W/G2oQLjN0qcWZ6rVK/Bx/cxKamMGUDhXb5srGx5yp5lSCa2HQRtmSloI/Ls1EfGCyqMlLbbA2vdSLGxyLsarcYispKbHeCqXHk4Fj2mqQ8Seo203g3cdBm5b2IDLIH33b3VhClRIiqMvumh+RKHrdtfu7IpWSjVm3XpJmho1hY1/LMXcVvnv9vBVjJ9aEGxXosx0+B9ZcqqK6tIWfeYwMW3Yqg3DW4Rq6s7FSmnTlfu+VKWDtYg9QpgkLRd0mCQAgSwns28gmzKR2PJolUF0583Xvy4pHVQCGIWnw9Dmu/l/hw/lw/prTKCZ4q5U2vWMHORQZBVF6P7MaW5kFNrpibPyoe35AwdXK95Ks+akapH+Q2piGBsjW6yjyxE9+HIGLgsvbeonWMjc3L/Dh/Lh/TQdGmmmgaaaaBpppoGmmmgaaaaBqqJv9QF+rW7zrNqfGNQE+LnTxIN2M9mHZZTGgy/SEVFcSEhmMz7lSoGLiaTrwlIKReOfaHQMaMcm17XHJoO7kQhLFvR2nLe19ruqwq3pprozf+Zrifk1gF4/kS/wk+GleKZRZTCaUJVYN4g4soW5CshsZhNjBWObY8rMk6w4poOMFfNEdY6iuRYPYEy9H+aSCD4b/aOduM6bO71fnZQwNqaGds9nGgogchGOlEj3Onrynm+4bIZcK0sQuO3YgW5oGeae8WQv/AVESizeN/H1kUD5XZaA6gXUsXWIqUyysgeEwGI+kGgGifVdaKYu5TPhKB7ToVFZssACshmwiFzdrJP/ADYUgJMjQcZLYWBEOqI0FmXeTBUFMRYynRgyd6X7Qbbuy3s6ejH2Kqc2iCguT2wLOox1FMYxVYV2/jUncVykTJcIcUt+jTmYQ/tjac2mJcyTF6Y8lThrjeTj0QkoCLAg607LP8t8M8zz0H6mySx03sYOIT1Jh83urRtuo6a1UVJkqJcJVFh5OWkBIgqpvqhhj5TUoSjt4rwkPsHsVjYty1vN7HtwRknEDnuE/t/JMLGNjKG+vyQgYNRjy3xJbE4klcbn6xWYvbErTeP7CgBNgGLWpaxs9iCVGdNEzZRwoAKvFRVendULklHsW6mYxxaaAeHU1SKpx4pciBgZb7KqJmT+PeMBMvoSDyVonItip3NpaBdjzs9G86NuHssyCgWzFgNwBC2MrRGxe2xepsNWs6Zb5EpmcU4A2MOslbDny9t1maD/AAjP/N5f5Gcyzpn+7sW7FspsawNxvxelKssyqRIVdvDGcgpngm477jEiRozjfYIquBpJF8+sCXYz9sU1AoenjkIO445SiJLyr8VZrQz+xizmVYdZ5b5MZi0+79pkXAomG1c0cs8jFdQPqR7aOsNLkdsDaSumN6OBGDRb4mIsiEBQF5PCf0rO3GeI018jN0oYHO7Gav062BxOxUDkJNadarHmRGAeFMtgr6GrZBapV/SFoPdC7iMmrUBg7jwRTQ+kyAsllZsIBik2v6XqFICpVmP5LdnDAehA4kAqnrFtcV8L8vmx3cEZo7tWAe27xKp0AyEZuOK/bs2CUSVMPvO52bi38UOhOoJTUgVrBlVGwFOnWnXZTNfJZixV/Q+3sQMK07YBQUYERv4q00Sxc0z5oxYZHer5eeSL/h9ywjUgJhv0I4RFXYyOeRL4D+nWQ7GEGOeIuZ+FgqgJiiE8YH2bU/ThwIwicw8x8hWtj8KiRVg7XO7d5DhYmIxijkTbtEfaNvkSUweauKgVOWIRXLkftOHMYSWHY066Cb59nbjOA+FfQKGA3vYK/HGwM/augchMyfqKw3+Z68Zd59pitdPiK/aPaSL1MZF3Yx1reHnXrqyJvAzHscvtVRZU4t5WtkqXd4sa5QCrjhKARDifOEBytypxYKhRmVdiRTIBhNwXWoI0FTmQoEoU3do3U3jPmDlATr2wsTpnp+9sR8bYTGYTBtd0EIcdsvjR8UGXNhaYpN9Vm2LDfkqXaRRKaoIgcjEseTGBB5I0+3GmhzZusfBcgMtt6QRQTrZeQVsK7WxCpiE6PAWTckIyD6gK8+Gnjd7O+9vHxfr7wrEDKDNUa+1fIEiyZ8mVmG3qz3rQXntvHnDzxNgSfeCz9TVUDzAdNPxOvMCpYeMj/m7F1X58hzFzlJ2iCYgKn7pmB7zXRWAvpz5OetmnR4s4u4viIuaqwixmxA8/X/8AgBYNAju6JzgJFK7xDWdZUQfz77OgMX8V2mIZTFeSxdjziBh55Sv2nSNEKw8ZBE0Pu4abYYqxPq955HkdnipiH8xgIzwJi1K9tyKhcxEQ/dG45+wULT6V7DagOGfDTEDu/wAbHBj4v6fMy29MejlWpMgSJlpRo+/6fKq6CPJX8d48o8gWPgg/hHk4zHr9dGlvjaiBh+Ul/uCeR1QY/c2c5ALYqTTb5sslIL3hKF34/ZVOYaaXFNY3JqxeaDHBaxbZShQVW7FtvsRvoALEbleGa+A6WpcWQqGJKSrqLhwsHFLFTG80hOedIMV5LGyYCwxwwhiVFU39uTT4BbQrXKzCZqIKoFW0EbtM37IeQx/Gjt9ymxYicuneSxcbTILuTjB/BTH7mE7+3xaDszLaz3DdKlWPWPAeqjGwH923qSBpEkQYDJVjPXqgFWO2jllAuOasn2lUNyZ6gxiCS4ex4UM/aC1xXTVmsRWTTqpVVG7BXIwHQLFIwcjA4bBJHQmAYYUNQUiJcLW9eQDBSMEFfHtqEjHL6pkS6q7obuqlxLOot6yXKr7KvlR5sKRvRt7b3Ob72ouX2PJpiBw8jxDXxy3UnM5uMQswyq2NT7l4CSdzn4xBcpwxt8gmYJLRWgw1D7QFFOIVixlfjoNKyloTLGaMojldmCky53UtmSFt0Lp2Av7jmuhm65rSNtbsmruB+6qbofuLAbKxEuFCWvpysGPQYrp7sMYS9M6ShOF6cUJAEmw/QldDcU8IM51VnlGWc2QWQdZjLC3duYmMf9taO/IORC5dr8xDkHWnom1cUk9FKa/ds+es3FZzgX3MPID5vAz3k2iTCWftXRSkm01AYsnW+ncI47q28aprEvrWsrLULFaYdFocKaTmZ+zzkbVysX45y29lRjsO+YTMMhIIqLgwIxQForC/j3R2YCAdX3hNVV04/L0sAgHnmtCfS3rzZxFeN7IInH5VlaUd05D/AH9uzKKwSuiGFDMLJVLSHyU6ZQEI2555SG48LZTLuxs5m0HRdzgG79NNNA0000DTTTQNNNNA18YjIx4OHr4uLr6lFRMVpbQjJycjtINGPDg9Rwd+zur6+urPfi1tPS09bFk2FpaWEmPBr4Mffly9/Zj7O5ucvyzk5GFwMWBeX2G9ApoG9VweTkg1duQXlzeEFvAHBUTExUcgWxSanJqU21MIAYGIU14ZnZneUQeH0V2TXdVVTM8U2FRPk1ycTLNVeFq3V0Te5YwbhrZsOo5p5TvxZHLsEJXmBboZjFK3agkTxtuzEBnE+CwGXjzfK25vCrI+K2TdhCyqxSDMsN8fyo5ZHHLp1iVmOVMAfrKrEVPsOlsao4VkafGNq1i5JGQjY7dZzr5vvwPK6cDFwIzo7JuoBHDtxTW92qDzKDKDHcNkjlrhorMy5WNdY6h1fsBZId/2DzJVI0VkOtUEbX1ccchUVTC96Plm7uj8Dx0geNU0ay7sKIo+PcLyvr4tRDm2cYloJfaaCINlhorKiVhlWJUdX6AWWHD/ADZ5jSkVyyHRQEtvOsccpkVci9EPie6Lj4H8sgyetWjZ3dfRXHd7iisK+VUcJpbJJaiAOffR6+9YiyEtfLMQJX3DL+YFec5X4Hfd3kJjl89WQFR8PD12fcwkPQy/oO1e6AoB8HMfGcmDhyOPyOy9k+Kjl3mmggCQYs5HD7dephjrk+v06v8AKJgDTRdVeV41ym86x87q0opMcLW9x5aMp7BilXv5FKjFzYhdY5cZ8k6cfbu2UmJfXshf3tenx/b8hBlVXlvvZNg7BH6moYKgXqVfa9K1/YldiVCqPu36ZpKwUJxUMMKjKYgrTbJJhS2pKMwl4VzCFa8MHRKqU1vU3haTyf00FUSo6fz9xiFUZDxdycUFCbAGEOI2ETVIX5iyaOUVYYrhfXMraVZwvg5eZZY826oIL23drYnMCuIzpyV1vXSF5VjnMJyQ4kuGHj+UHSop3+0xR1TJWIDuZsJAKzHw1Jeo3gOCZsd4p02RM4sHDxd0wC08RR9OsA/IHOfWD05hyqsgQ67arooUCKuEAzIxbb7poMAU66p0+rFopR3f+SPq5fhq6opPjoIIfIpwkdrRqs3/ABNXCK/WQv8AVhVmxueOroDCQSk/N20RERsfjV9NCgDW9ITAYVymR+Sy6xHxAW3pNftekrwoKxOTA73FpmLFxyPlc84ZHRUNV2BgIb0gXVIDb7FDPIq73ERzx0oE/i2cMqs900FYSHwHaaulYgAhxkGvzrHPp+/C+1AKFMfiJeOvl8SxxZOIi8+4Z1W+QzKBWz2tCtw25jT1tj4gPL27tix5R+BhtPbKgkz/ACMwZ+5IxvmWWtH4TADPWH2nb8UJ/OHIr1k9cbMtJfsEajl1fdPj29kziqmrJxfnMll+KKXoep0j6MYE1uvhwz+00EYMY0GVJXYdBSymCPsxx5GN/YdTfJgdf2KnWfEqp02n8exuvWy0v2G4CkPH4ipQy543kUnbrFsblhbxsVQLUfG7+iAhCU3L/Dh/Lh/TXRrv5f4cP5cP6aDo0000DTTTQNNNNA0000DTTTQNNNNA0000DTTTQNNNNA0000DTTTQNNNNA1ClzYnFd2dXbnxodPNjo4CnlrNxh1t0uKZvY8PO2pqmuEKAseif4Xi4PLI9DgCLzC4yw0k90GdEEShVA87iF0qhJrNVUM1tNB50MhDhw7uS+NsLONbhWLoat5V7IRFvXOSnaKLyRzKa9ZZK8fr1Q45wimjmnNVMgTY6BRlNuparomyRLsgnTcKhUG45hlVO28k/q3AsExU9FSUFOhofNAk0H7kTMQ4spq4jFSwVI66TTkI0Sj1xGmVF6P3tRMl1dzTWkOVXWldKkwZ0bfjb+7tc1axR0sF5QfXscUnc88Up+18+bDX9QVcXjjTOmQ/w3wIOkIR+cp7sp9GBO9xlUm0ocIzfDnalgNnuhlWVDnILKy3XAa401gZKpuoWmufn2SFErnMQb2d7ZrYBpiedDiZa17YT4/G27wRYz5YnousFwDDnJtzxCfa0OeTrNyK62BYor1tT0hgT1Km1PJyZg08jfqCvHHPgaKave3a4lHI3TwzbY8egv4PPzRrik2GGl0QzE6ebNVY7UmDtGanZDBWhRybHLeAhuVi06qvp4SU01Ea1zxxHEJHJWt11j+NRJv7PLOgguYFUU4asu2o93n3I8Yso1hlTQp9hXoNOnxrOnrDymGZwZaX9CTD1feybsXIq+sVWeOI5fI561ROsfyVJNjZ5p04Fw/qinMpl1NHtc+3Hkll4sMVqFwMKiBoM+TWU9meXIzBDKu/vhkesL2NdlA7X2YS501GuNkzBuJGxUCmOOfBKU2m9tVw0OSenhm2uI9/fzufljU9JvsN0IhZp0D2bWx3Y0HdM2wyF8tBfk3+a8OzcUFoNrfQNsDSm6hbl5+TZHkSucOxve3t6tnmmWB0OOZrUVhAj8LbvA7jPicelCwY4MR8m5AEIFrfZ5JQ3HbrfKSiwW1xSB4xUtkM81pGnZB66yUjAsN1yP5HEoSQWoczj+a1R5fY2I89o96XzWa1czcqqtlG2w0+EaptYkpXpdKvFgL27nL7efg2lgFpA7EtJai/SwXl/9Cxytdzzytn7vwJsxf25VxR2NMGZM/HfPQ6OhEHygWy4EYbb3CLSbqhzcN8xtqIA1m0GWhUR8hS07dj2UiYmKgQqNAoKND4WEhY/TCYcHCdNXDgqJio5XRqceGhoep40Oooh+iqIcSrpqarhxa6rrosaDBjbEbY2trlCDmOWDEtbm9Q6cg3DvZHOsc2bTlA+EFeUyoQqSsLmvtBa9J0WoeF0wzWmOTABmbQqUMBxO96G9NEt2fQJkgTitc7KV17YHppoGmmmgaaaaBpppoGmmmgaaaaBpppoGu/l/hw/lw/pro138v8OH8uH9NB0aaaaBpppoGmmmgaaaaBpppoGmmmgaaaaBpppoGmmmgaaaaBpppoGmmmgaaaaBpppoGmmmgaaaaBpppoGmmmgaaaaBpppoGmmmgaaaaBpppoGmmmgaaaaBrv5f4cP5cP6aaaD/2Q==" data-filename="image.jpg" style="width: 413px;"><p><br></p>', 5, NULL, NULL);
INSERT INTO `scenario` (`id`, `summary`, `instruction`, `content`, `usage_count`, `insert_time`, `last_updated_time`) VALUES
(3, 'DI question', 'Answer on the basis of the information given in the below table:', '<p>The table above shows the annual sales of WineBrokers.com, a small online wine merchant.</p><p><br></p><img src="data:image/jpeg;base64,/9j/4AAQSkZJRgABAQEASABIAAD//gATQ3JlYXRlZCB3aXRoIEdJTVD/2wBDAAEBAQEBAQEBAQEBAQEBAQEBAQEBAQEBAQEBAQEBAQEBAQEBAQEBAQEBAQEBAQEBAQEBAQEBAQEBAQEBAQEBAQH/2wBDAQEBAQEBAQEBAQEBAQEBAQEBAQEBAQEBAQEBAQEBAQEBAQEBAQEBAQEBAQEBAQEBAQEBAQEBAQEBAQEBAQEBAQH/wAARCAFOAloDASIAAhEBAxEB/8QAHgABAAEEAwEBAAAAAAAAAAAAAAgGBwkKAgMLBQT/xABWEAABAwMCAwQGBAgKBwcEAgMGBAUHAAMIAgkBFRYTFBd4Chg4Obi5EjeBtxkyQViImbHBESYnNTZJdrbI2SQlKDQ6V7oaIlZZmNfYIzN0lylFSGen/8QAFAEBAAAAAAAAAAAAAAAAAAAAAP/EABQRAQAAAAAAAAAAAAAAAAAAAAD/2gAMAwEAAhEDEQA/AN/LX+Nx+z9nCuNctf43H7P2cK40ClKUClKUClKUClKUClKUClKUClKUClKUClKUClKUClKUClKUClKUClKUClKUClKUClKUClKUClKUClKUClKUClKUClKUClKUClKUClKUClKUClKUClKUClKUClKUClKUClKUClKUClKUClKUHZb/AC/Z++uyuu3+X7P312UHTr/G4/Z+zhXGuWv8bj9n7OFcaBSlKBSlKBSlKBSlKBSlKBWvHuUZhFW2VuW415gy+dy+/wCCEz4Q5ZQHI0Xt5Q4jUNxNPuOrU55exrILUjJydFDh1k/lONj5JjPCsfvuuMDQhvsirSwSGToLK8Qb9hyrAT7i5BWUHgr45g3XHq8T/HGUcO/xmMRno+dYl5z4fHP8TyAf6g6f6gd/4slHOw5173/rsfcu7pexDUlw9njPI0cdofaKmOTcnwPO/G7N6Zp83M5HVZAa5rkJLAWPoqhyuimPpqcorlk0Um+MGXwTl3CkANUgSnIzQFjkmR04RtZjySF481s1iv4u3D5axTFcj1mKWN+MDSbT76W1MGAJiPFhFkOhFZNsSo3N90hl4lMXiSZdd4zl8zdx0dQvJSBArzDYY3W1LoLYvOKnRdZ3Pab9VyCvWm9dXob/AGmfAD1XPEvqYx+orxF8WOhujeoPD/6wP9f9TdK9Y/8A9V1ByX/VtWA/Bc4Kf8jf/wDP78KN9Zkw+3X/AM8vrB//AOZ/U9//AK+oMQWQG9TlNiDFm920SiAwBN02bVnqO+HUggItIsGxZKfr7DoalEetYdIpVnktavBAtf3B7I+RTno8YR3SjF2zwfc7F8wVJX3B87yCLNz2MCMSkBTGQJtBZPZKxFngFYB567YXhxkcEjp+PKISRsOWJfIBAUSBaH3MKmQBkkBPglUNdOkaJGwk61MregzM6dbb+EsnOOZjpIkCD5qp3BB+KRrLm0SkBw7t0qt0GCt4Oh5SmZ1hRdaI4II4aLttYJlkUoQYqaSpAzHSd54GzEzEKCn2TbAwtaPHNS5x3IEjkGR8AO+Kstnk55I5OZCym744kHVFwghgXlqdZjkSTYwj9+WmL68vbBFxYGJXci1NBK4cFJANDTk0BriYk5CZHQXIvo/89mujP6Kcc8vI/Y8b8wZTyxy9VZZRZlzkdlRiyJmeJDxEUQuGXmWB1D3WM9AhGRpzZHDGNKoNHS9IMH1wbDXcrFGyb0ZbqO5EZ2NyzIu7D+ELnhftgZP7pcTSe12yyeBDJ+XRXDmG7h1BI6BodTMexSJkDoU6WdPLUqkL49NxEwFDlZDoSBnEASrJMyegG03g3HLjBCxrA5fLGjGAgFizHqPpky9zFn+G4dKgIVdAuOyUBg2dJ7kWHGAgjMbeFyGMHlIC6XGNb/cnQFUj7u1ti5Hf+LsMMYIcFcjwUFiAfthOXcvzBO+SQcWLX+SBWW5Mn1ub2eYnQlHpIeCxo0j560NaNreQBrRt0e6W7gpQoRZImXLrSkMQWNe5dmeom7ZlDMi7mMEjBO8NjBL81NaSFYVlaCyrGwqjXGqLMm0Le4ER1kxkY0TaPubQZPkeqkqcSh1xsuOhqOLLrxTI1gS5Y4vRUs1ZTkyAMX8EhNgj+LIyxlgCa5qlpzmVqItU15U+M+X2RDeBvOGDE2lQ6P2oAg4gQKRzIqfSVHIv05dcGuBGaOBFbwuSjf2O4K2wMLcdDuJJJjiO5AcS3H6PyCLsfFMwZI5OZFs+PwIVM40NELFAonkLMcoiULc2EhEfCVbnGLGKvGoER3gbS4aRJxc2ZYjza5wUiYExMjqNoN6MH8GJAMZLxTcGKTJhSHcRkUjvBM+yY2t8o8JB1SaSR/KK0vfLEoxObFxLFklM+tsHTgNfx8fH2xrDCHhtvc535XjuEc9iOOviPGWVmX96H5RgGNNvrPVF6r+OJBKctRa3z05bmbmSEmI0x+Dl4bjojlhIOwwGJXrmpkMX7MTLRp9dheT2LWf+67lJJmcRDGUBYQnePmEGb24ziqqBbZ/MEa5Pz8448x6hXYtgAGsJExPBMekBVJLoLs8tTQemN8Vc2AwcrrDEUc3I60Okjz+B9pTAOOSqNiQShUgRtMMS++T7DMPOU8ZFkuMEOzI+uJs865CiXEYnlp4xcjMgYHyRTN/A7wPEDFYjUge7j7HtgYd0bcsR3/i7DfHiExXI8OiQPII7aMs5fmCfZ2VicpS0zlRLMk8Nze1yfIQ0dJTnQbRWQPKZpbbrNeiYhB7AO4oUzwB2Bl3taV3AMYW0XuUS1myVEUc5JSzEEe5RxvEDAWT5t7uuC2Q+IGT8ClRO4sfLiVURzhljMbRLkQamhTZXt7yERq1uN5glKFSc/UxK+FSKNXu/+eOZk+xFmDtuYP46WYgFjbPYgyuUuk1zUCmkwCsZiuKsG2ZTXMzfDgLK0CO5SQSG7vzG3JSVRMjG3BjczOvG8JmCl/R3h2T8GYJYz48SmUTmAi8gEE2GEfskTu0xTnP2QmUEppIsHyJ3MEEaC8g5LSlLRaDx+oLXtYUPYaFO4+OkxFZaHsjbXVzH2FU22faNpTAMahvHGCQ6FSAACcRCCSiXGh8jaeMi43mSGHGZb5eolpME5FgstD2QbePyVcOSHScid2T1AqT2OLGleGZWmExOyyBEGYszNyKHch9vTA8xs4QsuQeb8v5yJkmTI0CzxJUNo4CxRiXTLQK8qcV3SVoeNgiX5QTEw8NFg1ay1lULjm+HvL6zlkjW5AQskaxAed7LM9uhsTtD0UYwGWQY96Q4p2TTpc825WjWG5dFUl8lWJJXE2tCUywbY5kBAmvBw8puPDxlK3B99vJTG0LHNt3awVjy+29pTANKKgY2zwqQCztGsvy1PolMITPGRYNk/YmSe25yZpvkJ8y5D5aY8ozAgl1jcbTBJN4xl9+sGjAPA7EQ2HBojwERjlQNm1zgo0AkXR0lg3tR+H8v2/PsTcHOTJhezt3zIbHh9fU2Qkoyi8yCvk2cZAurSJwsOCyai6QELuzp2IddUC0fFxpsaAxRGW5duRC73vIQ8kuYQuhttCRAIZGkM8KYVnhsFZ0FZCxIcsiA6DGbF61kw6O4EQancTOkZLkWuy5Km5lbkAmzNeMhKpJ3gqDcrvrDHeQu1n618XFMf4rSbOOAPrDR0bSwVs6+LMcDuS8dfEkRKZLOSILUD62P4fIHtvdjIrfY8vs6kdHXJ3cwu6i132PVcB1wLxPeyLNUsc4p7yQbiMfisXZiOHXMk2fGAECYsf4VGGLuqcxtIo/5ZGRQ+jXM4uTBLwt79zlwcFZAmRuqe74nAUNhcBjWLbPHo+sx8E4gZoCa4pLLN89FVUNsQWmjtDHpKnOr5GpNB++EpbQ282TFU+3yNu1KdBDfdLixXcvhqybacxymJZYbS0ST7IWf2OU9TJiBOBHI7DMGR5FuWYPbqfLY2HHYfPoFyW05hzxGUByAKogu/lerRx7EYV3ITM70QXjXWCnUYr5lu+i3wcn3aQsMJxjuNB+YNuPOLceZ8Ioill5x3YMfnF5FT+TJfiQWOBM847keQMxu5AHkkc3H9S3Stt6wA3SoKjZLoUaoJfiAVbdGZ2CtsDC3HQ7iSSY4juQHEtx+j8gi7HxTMGSOTmRbPj8CFTONDRCxQKJ5CzHKIlC3NhIRHwlW5xixirxqBEd4G0uGkScXNmWUA2bN+3kyPEXODND0gNA/B0/t+UcKxG2ZSZaIMcYfnVoO32Smo5i7F5LOdrHOP+WGRQSubeMicXNAciSkT6xJh+0Pu7g1qA144Dz6kLACG9xUhiwXH3w2yb9LayTw+biMlj6TJobowbpdvgz2TyQmgCGXEelbIIgaBYDemcTh2PzEPKioqf2a60urqpbtAgTZPRncf3O3CA90Z6EsIyDIWVsSh+HiXDA2U4jZZ4HCuYDdKIX3uSUzNjJlG8lMxvhBiqSMBm7EomDympKshW7SJx/HrNH5SVipEUZHnPa5wUdwSUY6VQb2Q/MGX7hn2WODZJkwsh20ZkObwxPqnISLpRZpBQSbB0gWlo632G9ZCpdH6FoZ1D6OtSBEPlBK2O9QAm3ZitGYrOI2CsEvjztkoQBBLOUwpsqsrVGT8iuMatzAzR8mecuV01qso7A+FsY4kYBoTa5fbxVnYHIsYkLNZaDk0Rv4WA2rs6r+cQrMDw8ZHRBKhtFJAJg8mwSN4czJhRPmKkma255VGkbZGRhNOUuSju5ECd3s3Q5C+B11qj1MaRtKo8PG0mKWZ11CGV2owY54b48YpuMqkMMh5AlNpyIBslmOUJJlKWp5mSTXELFUISEJjaaJ5OZKlYhHwYWb9DODibiY3xUMsLny6MszUpI3++5yfoFKUoFKUoFKUoFKUoFKUoFKUoFKUoFKUoFKUoFKUoFKUoFKUoFKUoFKUoFKUoFKUoFKUoFKUoFKUoOy3+X7P312V12/y/Z++uyg6df43H7P2cK41y1/jcfs/ZwrjQKUpQKUpQKUpQKUpQKgDktKGU3rTY54040ncARh4nwBlhOZqaznAsi5Aez/ACLhwAjguLjgDkzjNyXnXrMvzs9vbs/E39GWhAgaEne1iyp/VAGRvemYb+QHcr+IrafoHhzumfnkYA/q1Miv82CnhzumfnkYA/q1Miv82Cp/UoIA+HO6Z+eRgD+rUyK/zYKeHO6Z+eRgD+rUyK/zYKn9SggD4c7pn55GAP6tTIr/ADYKsBMhbumRLIuJ4D6z+AJB60E/kcGc2/B35FNXQ/T+LOSuS3VHcPwpLl1N3v1eOiuSd8H+79YdR83vdP8AIXvL7UAcyPaK2n/P9I3ys9yugeHO6Z+eRgD+rUyK/wA2CnhzumfnkYA/q1Miv82Cp/UoIA+HO6Z+eRgD+rUyK/zYKeHO6Z+eRgD+rUyK/wA2Cp/UoIA+HO6Z+eRgD+rUyK/zYKsBkqW7pmPEdDh96z+AJh1BP+J8Gcp/B35FD/dPWgymhvGnqjv/AOFJe+8dD+LXWvJO52epun+nObj/ADXnzbl9qAO5X7Osc+f7af8AmmYb0Dw53TPzyMAf1amRX+bBTw53TPzyMAf1amRX+bBU/qUEAfDndM/PIwB/VqZFf5sFPDndM/PIwB/VqZFf5sFT+pQQB8Od0z88jAH9WpkV/mwVYDLAt3TMX8WclclvWfwBOPV4gCZJz6K/B35FDPWHhLHRGfdL9R/hSSDp/qDp/lPO+QvfKu99/wCUOXd+53svtQB3YPdZ7lfkBzI+HWRqB4c7pn55GAP6tTIr/Ngp4c7pn55GAP6tTIr/ADYKn9SggD4c7pn55GAP6tTIr/Ngp4c7pn55GAP6tTIr/Ngqf1KCAPhzumfnkYA/q1Miv82CnhzumfnkYA/q1Miv82Cp/UoIwYRzUVZKYYYiZFnTePtRtPuMEBTUYtYmlcUIq2lUqRSJnRC3jSF4dX13Rj6N3fVadmSuj48uKdutprK51cVOi6svSfqAO0/7rPbU8gOG/wAOsc1P6gUpSgUpSgUpSgUpSgUpSgUpSgUpSgUpSgUpSgUpSgUpSgUpSgUpSgUpSgUpSgUpSgUpSgUpSg7Lf5fs/fXZXXb/AC/Z++uyg6df43H7P2cK41y1/jcfs/ZwrjQKUpQKUpQKsBlGZTqAwUck+NMT+Nk2JemW0KAeZByDtOojEfHCMy7mfSXCwkXeFwk7P0oeGjtM8O+K3R3hmgliNnMsRmrHf+lBqigxNItoE3D4VOYEy/HR+Q933bEZZlkPKqRsWZDVSAhnF42T4jnXH+Z0UH5EyWidvWCjI5Nnl/iqNo4tYbtmOMh8YCY7UeD6C1jqL3/yKieLIBlfKbGqCI0j+FMczP8A7PT1hAMSBo7HEKFfrRbvE84/ZMdSxWHNrMCvvrEwKJi0JTrzRhVeLkRDQ/Gx/wBQBrM3MqbP45xPFj2zyiOvMaR+7j848w8amJzDR1ezzBzcEYoudfFFsVNt1FIHM4yFxqOnDqyw799BB1iEVPaj7Q3t6e34DifizFMWGsGRdjVAEbQnJPUfiLDoDDcdB0WH3WI6jDy7rWPh0cbhIq6qEm5vFyPnrQv54OoEbI596bEthLoCIOK8TxZjxnzl9BmP8aR/BkJosQMBJYRw7DoaOxlFiSU5CmfcfDz6S0sfBTayCSeQDgSiWKhcwMrTRoIiYdjKPmR6clrYGDiVtqiYHJa17oWGihCPu5Je14E7lFnUhZbzDYVWrerIXak18VdzWRPbAi4p7eq3os69NpZdVcbl+1x0Jtdnhfu2ZbQrj3AWNYq4AuOkHxBAQS7ECosdA6FY0C4rFXIqXNzUzriVwHgVlYmhYQLGhiY2tU8qEdxxUNzM1IbynWmbkdqzGCRvemYb+QHcr+IrafoJz3nJbaeUjZoH3dSiUp9V68RWbzDpZ0FzTpU8eCRXYUPdgg1qNfGxa06dSFiWpeGpam461OjToWakn57Dw43eedoKP6blPbdw7dSLaup+z719DkfdiVR3fvHd7XY9S9PfR78l7fsPoLe5/fpQUxef3W0zpHPQEk6lapUarN4dsqwzS8oLenUp4cFau+oLrA/rT6+Fi1q06UL6tVcNK1Nw1ptGrQs0pPoXnJbaeUjZoH3dSiUp9V68RWbzDpZ0FzTpU8eCRXYUPdgg1qNfGxa06dSFiWpeGpam461OjToWakn16UHwLDw43eedoKP6blPbdw7dSLaup+z719DkfdiVR3fvHd7XY9S9PfR78l7fsPoLe5wBzIeHHxt2n3fpR/5h6/0jfxX7yLc991/uVpv946l6Z/8As/6x/pF/uf8A3P5w/wBBrI7UAcyPaK2n/P8ASN8rPcroJz3nJbaeUjZoH3dSiUp9V68RWbzDpZ0FzTpU8eCRXYUPdgg1qNfGxa06dSFiWpeGpam461OjToWakn57Dw43eedoKP6blPbdw7dSLaup+z719DkfdiVR3fvHd7XY9S9PfR78l7fsPoLe5/fpQUxef3W0zpHPQEk6lapUarN4dsqwzS8oLenUp4cFau+oLrA/rT6+Fi1q06UL6tVcNK1Nw1ptGrQs0pPoXnJbaeUjZoH3dSiUp9V68RWbzDpZ0FzTpU8eCRXYUPdgg1qNfGxa06dSFiWpeGpam461OjToWakn16UHwLDw43eedoKP6blPbdw7dSLaup+z719DkfdiVR3fvHd7XY9S9PfR78l7fsPoLe5wB3KHhx1Ywxg4ahR/tq7+f21Z2rHrUi3F0R913RMR79jvN62S3GTVzK6jTo0XdHhV2ah1QanHuCS26Km3I7UAdyv2dY58/wBtP/NMw3oJz3nJbaeUjZoH3dSiUp9V68RWbzDpZ0FzTpU8eCRXYUPdgg1qNfGxa06dSFiWpeGpam461OjToWakn57Dw43eedoKP6blPbdw7dSLaup+z719DkfdiVR3fvHd7XY9S9PfR78l7fsPoLe5/fpQUxef3W0zpHPQEk6lapUarN4dsqwzS8oLenUp4cFau+oLrA/rT6+Fi1q06UL6tVcNK1Nw1ptGrQs0pPoXnJbaeUjZoH3dSiUp9V68RWbzDpZ0FzTpU8eCRXYUPdgg1qNfGxa06dSFiWpeGpam461OjToWakn16UHwLDw43eedoKP6blPbdw7dSLaup+z719DkfdiVR3fvHd7XY9S9PfR78l7fsPoLe5wB3XHhxubUu4ur1ij/AGFDhghmIjVtd1SLcVzGn149yba1Ozpcskt5svN9nRZtqLltlcXd042VVjTabbqjSpsJ8jtQB3YPdZ7lfkBzI+HWRqCc95yW2nlI2aB93UolKfVevEVm8w6WdBc06VPHgkV2FD3YINajXxsWtOnUhYlqXhqWpuOtTo06FmpJ+ew8ON3nnaCj+m5T23cO3Ui2rqfs+9fQ5H3YlUd37x3e12PUvT30e/Je37D6C3uf36UFMXn91tM6Rz0BJOpWqVGqzeHbKsM0vKC3p1KeHBWrvqC6wP60+vhYtatOlC+rVXDStTcNabRq0LNKT6F5yW2nlI2aB93UolKfVevEVm8w6WdBc06VPHgkV2FD3YINajXxsWtOnUhYlqXhqWpuOtTo06FmpJ9elB8Cw8ON3nnaCj+m5T23cO3Ui2rqfs+9fQ5H3YlUd37x3e12PUvT30e/Je37D6C3uf57z+62mdI56AknUrVKjVZvDtlWGaXlBb06lPDgrV31BdYH9afXwsWtWnShfVqrhpWpuGtNo1aFmlJU9KCAO0/7rPbU8gOG/wAOsc1P6oA7T/us9tTyA4b/AA6xzU/qBSlKBSlKBSlKBSlKBSlKBSlKBSlKBSlKBSlKBSlKBSlKBSlKBSlKBSlKBSlKBSlKBSlKBSlKDst/l+z99dlddv8AL9n767KDp1/jcfs/ZwrjXLX+Nx+z9nCuNApSlApSlApSlApSlAqAMje9Mw38gO5X8RW0/U/qgDI3vTMN/IDuV/EVtP0E/qUpQKUpQKgDmR7RW0/5/pG+VnuV1P6oA5ke0VtP+f6RvlZ7ldBP6lKUClKUCoA7lfs6xz5/tp/5pmG9T+qAO5X7Osc+f7af+aZhvQT+pSlApSlAqAO7B7rPcr8gOZHw6yNU/qgDuwe6z3K/IDmR8OsjUE/qUpQKUpQKUpQQB2n/AHWe2p5AcN/h1jmp/VAHaf8AdZ7ankBw3+HWOan9QKUpQKUpQKUpQKUpQKUpQKUpQKUpQKUpQKUpQKUpQKUpQKUpQKUpQKUpQKUpQKUpQKUpQKUpQdlv8v2fvrsrrt/l+z99dlB06/xuP2fs4Vxrlr/G4/Z+zhUfsg5z8FmcDbB8X8QJfm2QNMOwFG9976QZzmU7oIdyffSl0gXmh+RR3H4dGUYSPKMimGpiKCJGCARE3xjH0ty+5x7EJ6F/6VGCOJZn1vFZOfMqMfx+K1Mdj+k2QrscZNNMvRU5FdDcQLHRjEGtJA8MZBvcvjVwYU3neNmbHR2biFuL41TxQcScbPJ0Cxr8AdztxnIgSRZAuFEgBiKKukesguW4ByEhKa7XiO8XxaKOmseZhi0Gno98aTpG5RhBXQcbkvjjLrKQRDEvWUmj72KIAl9Sog+vPAFqLPF5zsT+Nj6mQPC4dDzLDzL4JnWQDvSO9Y32KJ8Zy6C2TIyYO5Bqd9M3Jzi6LC9nbA4JksrcHBMPxdIriLvXtxn8LPFrqiQOWeIHhP4beAOQnrMeKfTvXXhp6oPhb61niB4W/wAt/Rvgz1F6vf8AtC8t8E/4+0EvqtBO41DZrGboEz+pH9MUmxAABhCzlhZfEBU5cSyQhYeDosJbtp5Y0xgPy6bOI5FzzEL3fdBWc24vUwuXihsLHrwHPtQRdJY7MAIxSKJtsgNA+Rcz5e3yjE8pwcdp+UPDgxKuexdNQbH8mi/arWxTfbOpRFo52z3W8iZu/j7u1Oa375YJip6KkoKdDQ+aBJoPvImYhxYzNxGKlgqRtylnIRolHnhMsaH0ffWhYra3lmdEapudG5UpQrk19Nfu2tQa0hfHHg015lwR4BQBib1T+Bd/2LcSXnqTCiSPWC3G5ahj+Ukq8FcaO4+vL056pGdP+yae9I4igIASf7YXfPVkCxRHHg5cydgFTAUAYjj5rIGww2nmIGIbz1XiCSRZkrurHEDy0ZPa25CuL6IokDK+MmUsx3ykjR5xu0DpJAETw8PEssTEPmjlG0OZ/AHE/FmKYsNYMi7GqAI2hOSeo/EWHQGG46DosPusR1GHl3WsfDo43CRV1UJNzeLkfPWhfzwdQI2Rz702JbCXQAcT8WYpiw1gyLsaoAjaE5J6j8RYdAYbjoOiw+6xHUYeXdax8OjjcJFXVQk3N4uR89aF/PB1AjZHPvTYlsJdARBxXieLMeM+cvoMx/jSP4MhNFiBgJLCOHYdDR2MosSSnIUz7j4efSWlj4KbWQSTyAcCUSxULmBlaaNBETDsZR8yPTktbAwcSttUTA9omDdCw0WLrLvfs3cCdyhNp0Mo+/Eirhc15C7Ul3hquIR1tdFtpPw02dfDWrup9CW3c42rOu9pvX7Gi5LaFce4CxrFXAFx0g+IICCXYgVFjoHQrGgXFYq5FS5uamdcSuA8CsrE0LCBY0MTG1qnlQjuOKhuZmpDeU60zcjtWYwSN70zDfyA7lfxFbT9BOe89orDykYtdl31LVqfUps37I+/KWfRb0aVOrjpVkSdtuj6BRx4JLvDSkXOaZVr1a02nRZ1alqPhfpcmlEFChWQjo2feASExUPv5ZIBiZtruJio2Kizc5vBISqSEhb25oVD7G0M7i6Oby3LFjcjbk/BdeU6E19Pdu1/UAd2D3We5X5AcyPh1kagpi9vHbT1hnSPuvcgwo1IlqjUms2LOSUUKXnRc0alOnjqVjqcoukCBPx4pLvHSrXNiZLr0602rRe1aVqPjfkfCWZmJmTLy/MWNmR8L5ErRROzKS+/A0iDMxs4ZbI9JBqHdJmRRy4ko+IKCDgKEfBiSEjm1qnjUzrtLdZU6rXHhxxS1XG3T7fec3k/26Pvo3N6DMzYJW5Rzzs0z/p6e7bv/bihSm7x2Hevp8j7yz2up/pdzu9j01zbvH00vYdp35F3iAOZBK3eNu0+Rd2f+X+v9I3+j9KFPPfdf7laH+i/J+pv/vf9/wDmj/c/9Y/zf/pNZHagDmR7RW0/5/pG+VnuV0E57z2isPKRi12XfUtWp9Smzfsj78pZ9FvRpU6uOlWRJ226PoFHHgku8NKRc5plWvVrTadFnVqWo+F/89glblHPOzTP+np7tu/9uKFKbvHYd6+nyPvLPa6n+l3O72PTXNu8fTS9h2nfkXePv0oKYvFzVYZ0j7rSE+pEtUak1mxZCTNS86LmjUp08dSsdTsF0gQJ+PFJd46Va5sTJdenWm1aL2rStR8b/wBC89orDykYtdl31LVqfUps37I+/KWfRb0aVOrjpVkSdtuj6BRx4JLvDSkXOaZVr1a02nRZ1alqPhf+vSg+BYJW5Rzzs0z/AKenu27/ANuKFKbvHYd6+nyPvLPa6n+l3O72PTXNu8fTS9h2nfkXeIA7lBK3XMYYweNKZ/4JFWf21Z2VnWKFNt009w3RMR1V/vLHcZ9L2j7S02qNKLvbfY5kouIEbd3pW6tdhZkdqAO5X7Osc+f7af8AmmYb0E57z2isPKRi12XfUtWp9Smzfsj78pZ9FvRpU6uOlWRJ226PoFHHgku8NKRc5plWvVrTadFnVqWo+F/89glblHPOzTP+np7tu/8AbihSm7x2Hevp8j7yz2up/pdzu9j01zbvH00vYdp35F3j79KDFWPb0WApcwMZYJv+VBOLE7O2EI0Sj23FuOvTAQsD0isOTM+Mby24nqW52Z3ZuUpl7Y5oFKhEvRKLCpLfu2Ltu5qvfA+43inkjK6WEIvfJotSevByuSG4blHEnLiA7bmEAzwGD5e/tb/PMGxsNOSceepEBm1yToXlQusKiplt9149+tceODTb19gTB3yf40fcuFVLrGT3pkDeQHPb4itsugzr2CVuUc87NM/6enu27/24oUpu8dh3r6fI+8s9rqf6Xc7vY9Nc27x9NL2Had+Rd4gDuuErde2pdxdx0Jn/AIJ3fBDMRtSW7ooU2F1lRdx7k2xpuOjXeZ7bmxt/DWnuarjs9JG9rs2dVhRdWaE6pNdvZHagDuwe6z3K/IDmR8OsjUE57z2isPKRi12XfUtWp9Smzfsj78pZ9FvRpU6uOlWRJ226PoFHHgku8NKRc5plWvVrTadFnVqWo+F/89glblHPOzTP+np7tu/9uKFKbvHYd6+nyPvLPa6n+l3O72PTXNu8fTS9h2nfkXePv0oKYvFzVYZ0j7rSE+pEtUak1mxZCTNS86LmjUp08dSsdTsF0gQJ+PFJd46Va5sTJdenWm1aL2rStR8b/wBC89orDykYtdl31LVqfUps37I+/KWfRb0aVOrjpVkSdtuj6BRx4JLvDSkXOaZVr1a02nRZ1alqPhf+vSg+BYJW5Rzzs0z/AKenu27/ANuKFKbvHYd6+nyPvLPa6n+l3O72PTXNu8fTS9h2nfkXePz3i5qsM6R91pCfUiWqNSazYshJmpedFzRqU6eOpWOp2C6QIE/Hiku8dKtc2JkuvTrTatF7VpWo+N+p6UEAdp/3We2p5AcN/h1jmp/VAHaf91ntqeQHDf4dY5qf1ApSlApSlApSlApSlApSlApSlApSlApSlApSlApSlApSlApSlApSlApSlApSlApSlApSlApSlB2W/wAv2fvrsrrt/l+z99dlB06/xuP2fs4VF7JyFSqUrELyBGrgP2Jjxfl+/PkQMZyqcW+MzoqVQ3MECEkfSS7sDU9FIuPmUUzpIzKxyAMNJG4xXISgJlNfHkzDYW+wlJEodf43H7P2cK40EATASz5mqCpiHjDXAGPEgPfh8jj4OgybpnOOfjoyYpSaYhwoyzVQ1BUgQ96yUf8ABVALIaw7jsrlPEft3fJGPj6W5Acg+PIvhDEO3/kWJ381S07g+IC5TPMQYZxxG0PyFuuZ+ZKX9JVjjMmSUku0nX8zp4xpc8g8cyANuTaHnEBaYQDCJxApkjKzIQkQRkbPfA8a87lKDCGZbfGTkgY9xOzFxbzc6g7L9yyVi6CPX8zSQdLgjtjPJeNDhCX4VRsEEWcz33gnmCRcqPEkiih3eLXUXqR2GG1ArQxSI2ffZsD5QFMaiwZQ4+RAXTHJmT6afXhned0DcUZzSLnFBCI1A9qQhPcwIY6lnMIrl9wA4+awJTeBY0xiFU0BSKS49q7D+NjZiT5C5naUFgMXAGU4wgoGB5nNeu5AZ+prqxw6jIjvpkdeDEgfQGKvFE1RtkgTZ4Jx+5jEOesBJjUzynkB0J40Sgys8gHZG2JL/wBKUClKUCoAyN70zDfyA7lfxFbT9T+qAMje9Mw38gO5X8RW0/QT+qAO7B7rPcr8gOZHw6yNU/qgDuwe6z3K/IDmR8OsjUEDarjbp9vvObyf7dH30bm9UPVcbdPt95zeT/bo++jc3oM3FQBzI9oraf8AP9I3ys9yup/VAHMj2itp/wA/0jfKz3K6Cf1KUoMVY9vRYClzAxlgm/5UE4sTs7YQjRKPbcW469MBCwPSKw5Mz4xvLbiepbnZndm5SmXtjmgUqES9EosKkt+7Yu27mq+8A7iWK+TEp+CsWP0wWJN1x+UyikGpXxUyux75sCBBEBiZc+sDzkDCkYj5D08QScAt7q2Mbq4PCXqduVa2/uXG+ps4LNvX2BMHfJ/jR9y4VUusZPemQN5Ac9viK2y6DPtUAdyv2dY58/20/wDNMw3qf1QB3K/Z1jnz/bT/AM0zDegn9SlKDVP29fYEwd8n+NH3LhVS6xk96ZA3kBz2+IrbLqIu3r7AmDvk/wAaPuXCql1jJ70yBvIDnt8RW2XQZ9qgDuwe6z3K/IDmR8OsjVP6oA7sHus9yvyA5kfDrI1BP6lKUClKUHmE/wDbU90z/kHgD/8AqzIr/wCVNbPfo3+9TlNvA+uV6ywDAAP6vHq8dFeBgtIo1zTxa8cuo+qOvpVk3vvcvDJh5Jynkndu9u/f+Zd4R9w8oqt/j0Gb+tD/AEJ/8W9Bt9bT/us9tTyA4b/DrHNT+qAO0/7rPbU8gOG/w6xzU/qBSlKBSlKBSlKBSlKBSlKBSlKBSlKBSlKBSlKBSlKBSlKBSlKBSlKBSlKBSlKBSlKBSlKBSlKDst/l+z99dlddv8v2fvrsoOnX+Nx+z9nCuNctf43H7P2cK40ClKUClKUCrQTuNQ2axm6BM/qR/TFJsQAAYQs5YWXxAVOXEskIWHg6LCW7aeWNMYD8umziORc8xC933QVnNuL1MLl4obCx68Bz7d+qfLBMVPRUlBToaHzQJNB95EzEOLGZuIxUsFSNuUs5CNEo88JljQ+j760LFbW8szojVNzo3KlKFcmvpr921qDWkLxyU8c2vMuE4YAYA275AkL8C6DI4Yw8WERniyGjuZW43LWKx9kE2P4UFYISAmn+a4/uE8US/wAYzBoalMNjqDMfSqL8v9cgKRzjjncA6FPV3jCa8AlMY4gCQ/wn/ZjlA8UYY4v+p3CkuRZnxuaD+KctQxJuO9yU5yRFvU0ZY1lgTLRO8yKuHZqiKV00QksZtg+FOS+Qc3gDifizFMWGsGRdjVAEbQnJPUfiLDoDDcdB0WH3WI6jDy7rWPh0cbhIq6qEm5vFyPnrQv54OoEbI596bEthLoAOJ+LMUxYawZF2NUARtCck9R+IsOgMNx0HRYfdYjqMPLutY+HRxuEirqoSbm8XI+etC/ng6gRsjn3psS2EugIg4rxPFmPGfOX0GY/xpH8GQmixAwElhHDsOho7GUWJJTkKZ9x8PPpLSx8FNrIJJ5AOBKJYqFzAytNGgiJh2Mo+ZHpyWtgYOJW2qJgclrXuhYaKEI+7kl7XgTuUWdSFlvMNhVat6shdqTXxV3NZE9sCLint6reizr02ll1VxuX7XHQm12eF+7ZltCuPcBY1irgC46QfEEBBLsQKix0DoVjQLisVcipc3NTOuJXAeBWViaFhAsaGJja1TyoR3HFQ3MzUhvKdaZuR2rMYJG96Zhv5Adyv4itp+gnPecltp5SNmgfd1KJSn1XrxFZvMOlnQXNOlTx4JFdhQ92CDWo18bFrTp1IWJal4alqbjrU6NOhZqSQB3T3Jau2vdz5OpH3dnsoMCcx7KVc43mG6lerfq9Sdo722aGh7dFtpPw02bd7jpeUbSq7NWn4cE3G9pVWk2RWoA7sHus9yvyA5kfDrI1BA2oJFe6LA+0zkTljkHkUDTObgZzC22nDbdZhJiASJ/by57Od2w2bbrs3nkkxsm0M6hmASLRxWt7g437K20lsXkdu2q0X9M7a1PfSPfqumr+320t/d3fgoM3H/bU9rP8A5B5/f/qzHX/5U1mGk6fWLIuzscZNAAeb2BOdsp+MyBIiQ2w9uPLIjJ+0huJlo3afE6UxcRBA8W2B8RLnNEnMV1hLx4X0tlYqWW9KfX4wdevpjN7Hnoun6PvyKs5aDPLecltp5SNmgfd1KJSn1XrxFZvMOlnQXNOlTx4JFdhQ92CDWo18bFrTp1IWJal4alqbjrU6NOhZqSfnsPDjd552go/puU9t3Dt1Itq6n7PvX0OR92JVHd+8d3tdj1L099HvyXt+w+gt7n9+lBqn7evsCYO+T/Gj7lwqpZY1XrlrdQx70aEihTpU4E58Wb16zqS6baC3pn/bVUcFavgoU2L2tPrvWLSHTpQ2lqrgqWptetNoRaFixJE3b19gTB3yf40fcuFVLrGT3pkDeQHPb4itsugzr2Hhxu887QUf03Ke27h26kW1dT9n3r6HI+7Eqju/eO72ux6l6e+j35L2/YfQW9zgDuUPDjqxhjBw1Cj/AG1d/P7as7Vj1qRbi6I+67omI9+x3m9bJbjJq5ldRp0aLujwq7NQ6oNTj3BJbdFTbkdqAO5X7Osc+f7af+aZhvQTnvOS208pGzQPu6lEpT6r14is3mHSzoLmnSp48Eiuwoe7BBrUa+Ni1p06kLEtS8NS1Nx1qdGnQs1JPz2Hhxu887QUf03Ke27h26kW1dT9n3r6HI+7Eqju/eO72ux6l6e+j35L2/YfQW9z+/Sg1T9vX2BMHfJ/jR9y4VX45gzbjDbqygEcwZnFZHMIwijAnL+yVtETtgk8m/C2fZkbUkasqttazQzAmVYnskpey6XHTxIrKqwhu31adMq7vrt1+zb19gTB3yf40fcuFVi938PZ1mzyAy780zZKoJ8f9tT2s/8AkHn9/wDqzHX/AOVNXwdt7bGHd12s95f1YIsyPHPALBCbkZ54yDUTCv0k8w465HcgdmPpWZzvmLezeGD51Jbu9zdLPf2Xkra+du4cs8pmtvr0cf3WfpN3kBbvh1z9oPTfvOS208pGzQPu6lEpT6r14is3mHSzoLmnSp48Eiuwoe7BBrUa+Ni1p06kLEtS8NS1Nx1qdGnQs1JPz2Hhxu887QUf03Ke27h26kW1dT9n3r6HI+7Eqju/eO72ux6l6e+j35L2/YfQW9z+/Sgpi8/utpnSOegJJ1K1So1Wbw7ZVhml5QW9OpTw4K1d9QXWB/Wn18LFrVp0oX1aq4aVqbhrTaNWhZpSfQvOS208pGzQPu6lEpT6r14is3mHSzoLmnSp48Eiuwoe7BBrUa+Ni1p06kLEtS8NS1Nx1qdGnQs1JPr0oPAPrfh9CAclrWl3QFCEfdyS9rUYSWdSFlvMNhVat6reXmviruayJ7YEXFPb1W9FnXptLLqrjcv2uOhNrs8L92zoPVv8egzf1of6E/8Ai3oNvraf91ntqeQHDf4dY5qf1QB2n/dZ7ankBw3+HWOan9QKUpQKUpQKUpQKUpQKUpQKUpQKUpQKUpQKUpQKUpQKUpQKUpQKUpQKUpQKUpQKUpQKUpQKUpQdlv8AL9n767K67f5fs/fXZQdOv8bj9n7OFca5a/xuP2fs4VxoFKUoFKUoFKUoFKUoFQBkb3pmG/kB3K/iK2n6n9UAZG96Zhv5Adyv4itp+gn9UAd2D3We5X5AcyPh1kap/VAHdg91nuV+QHMj4dZGoIG1qe+ke/VdNX9vtpb+7u/BW2FWp76R79V01f2+2lv7u78FBpg16+mM3seei6fo+/IqzlryC69fTGb2PPRdP0ffkVZy0GfylKUGqft6+wJg75P8aPuXCql1jJ70yBvIDnt8RW2XURdvX2BMHfJ/jR9y4VUusZPemQN5Ac9viK2y6DPtUAdyv2dY58/20/8ANMw3qf1QB3K/Z1jnz/bT/wA0zDegn9SlKDVP29fYEwd8n+NH3LhVYvd/D2dZs8gMu/NM2SqyhbevsCYO+T/Gj7lwqsXu/h7Os2eQGXfmmbJVBoA1t9ejj+6z9Ju8gLd8OuftagtbfXo4/us/SbvIC3fDrn7QentSlKBSlKDwD63+PQZv60P9Cf8Axb1oD1v8egzf1of6E/8Ai3oNvraf91ntqeQHDf4dY5qf1QB2n/dZ7ankBw3+HWOan9QKUpQKUpQKUpQKUpQKUpQKUpQKUpQKUpQKUpQKUpQKUpQKUpQKUpQKUpQKUpQKUpQKUpQKUpQdlv8AL9n767K67f5fs/fXZQdOv8bj9n7OFca5a/xuP2fs4VxoFKUoFKUoFWgncahs1jN0CZ/Uj+mKTYgAAwhZywsviAqcuJZIQsPB0WEt208saYwH5dNnEci55iF7vugrObcXqYXLxQ2Fj14Dn279U+WCYqeipKCnQ0PmgSaD7yJmIcWMzcRipYKkbcpZyEaJR54TLGh9H31oWK2t5ZnRGqbnRuVKUK5NfTX7trUGCOGWqdcVDHO4KxpwqgCK5sa4AwNNQrB7DwqDnjFlB4rzrl9GpHle2Oh8wbegkZT+tEg1+WS/DbsOQd4iR1idj6AoMwrznIyO3jvEEGJpFtAm4fCpzAmX46PyHu+7YjLMsh5VSNizIaqQEM4vGyfEc64/zOig/ImS0Tt6wUZHJs8v8VRtHFrDdsxxkPjATHajwfQWsdRfZbhXHuAsaxVwBcdIPiCAgl2IFRY6B0KxoFxWKuRUubmpnXErgPArKxNCwgWNDExtap5UI7jiobmZqQ3lOtM3I7VmoHOJ4se2eUR15jSP3cfnHmHjUxOYaOr2eYObgjFFzr4otiptuopA5nGQuNR04dWWHfvoIOsQip7UfaG9vThAHFeJ4sx4z5y+gzH+NI/gyE0WIGAksI4dh0NHYyixJKchTPuPh59JaWPgptZBJPIBwJRLFQuYGVpo0ERMOxlHzI9OS1sDBxK21RMDkta90LDRQhH3ckva8CdyizqQst5hsKrVvVkLtSa+Ku5rIntgRcU9vVb0Wdem0suquNy/a46E2uzwv3bMtoVx7gLGsVcAXHSD4ggIJdiBUWOgdCsaBcVirkVLm5qZ1xK4DwKysTQsIFjQxMbWqeVCO44qG5makN5TrTNyO1ZjBI3vTMN/IDuV/EVtP0E57zkttPKRs0D7upRKU+q9eIrN5h0s6C5p0qePBIrsKHuwQa1GvjYtadOpCxLUvDUtTcdanRp0LNSSAO6e5LV217ufJ1I+7s9lBgTmPZSrnG8w3Ur1b9XqTtHe2zQ0PbottJ+GmzbvcdLyjaVXZq0/Dgm43tKq0myK1AHdg91nuV+QHMj4dZGoIG1qa+kf3rmmOJkT8EijXZum20/e1rtOpLwSp7lhi31tFpJe0a1OhbqULdKm9eTak6O+l0W0CvgsUpL2tDaW7ZVanvpHv1XTV/b7aW/u7vwUGmDXru44uS1NhV6L6vsj7uvVWFECWbTKkvMOhzW27Wx1nOi0K011c9omfQnUptPB2s6VjskVaW/XptqE1h14a2zR5EVevpjN7Hnoun6PvyKs5aDPLecltp5SNmgfd1KJSn1XrxFZvMOlnQXNOlTx4JFdhQ92CDWo18bFrTp1IWJal4alqbjrU6NOhZqSfnsPDjd552go/puU9t3Dt1Itq6n7PvX0OR92JVHd+8d3tdj1L099HvyXt+w+gt7n9+lBqn7evsCYO+T/ABo+5cKqWWNV65a3UMe9GhIoU6VOBOfFm9es6kum2gt6Z/21VHBWr4KFNi9rT671i0h06UNpaq4KlqbXrTaEWhYsSRN29fYEwd8n+NH3LhVS6xk96ZA3kBz2+IrbLoM69h4cbvPO0FH9Nyntu4dupFtXU/Z96+hyPuxKo7v3ju9rsepenvo9+S9v2H0Fvc4A7lDw46sYYwcNQo/21d/P7as7Vj1qRbi6I+67omI9+x3m9bJbjJq5ldRp0aLujwq7NQ6oNTj3BJbdFTbkdqAO5X7Osc+f7af+aZhvQTnvOS208pGzQPu6lEpT6r14is3mHSzoLmnSp48Eiuwoe7BBrUa+Ni1p06kLEtS8NS1Nx1qdGnQs1JPz2Hhxu887QUf03Ke27h26kW1dT9n3r6HI+7Eqju/eO72ux6l6e+j35L2/YfQW9z+/Sg1T9vX2BMHfJ/jR9y4VWLXf2vXLWPUw6NCRQp0qcCZfs3r1nUl020FvTuhbKajgrV8FCmxe1p9d6xaQ6dKG0tVcFS1Nr1ptCLQsWJMpW3r7AmDvk/xo+5cKrF7v4ezrNnkBl35pmyVQaANbdXo6yxQj2s/SYe7tLg696wQZkd/uFxrt8tT38ddwDtXZbzRybe0b0f0dPebbd3901dpo7o2qv4LnZ6itbfXo4/us/SbvIC3fDrn7Qem/ecltp5SNmgfd1KJSn1XrxFZvMOlnQXNOlTx4JFdhQ92CDWo18bFrTp1IWJal4alqbjrU6NOhZqSfnsPDjd552go/puU9t3Dt1Itq6n7PvX0OR92JVHd+8d3tdj1L099HvyXt+w+gt7n9+lBikkDdXbAyY5mhZgwhzOlR7gcwGgE/JQFfhQ3idksKIijKbkTS03JQzOjclcu6gkuBSheu0DNpt0OSxY3JViu63qdemn027uzpSSOmY4wRzejJjkaX4XhVMeFi7Bh3FRkqnmWAyFgRwJUUcZvHpxxH+Jwejqd5VDQaSOLc3X1LjoalNpLd01EZR7be6F5wIl+Wrt+1QORn80QD5/tsT5juK9B5QNb8PoQDkta0u6AoQj7uSXtajCSzqQst5hsKrVvVby818VdzWRPbAi4p7eq3os69NpZdVcbl+1x0Jtdnhfu2dB6t/j0Gb+tD/Qn/AMW9Bt9bT/us9tTyA4b/AA6xzU/qgDtP+6z21PIDhv8ADrHNT+oFKUoFKUoFKUoFKUoFKUoFKUoFKUoFKUoFKUoFKUoFKUoFKUoFKUoFKUoFKUoFKUoFKUoFKUoOy3+X7P312V12/wAv2fvrsoOnX+Nx+z9nCuNctf43H7P2cK40ClKUClKUClKUClKUCoAyN70zDfyA7lfxFbT9T+qAMje9Mw38gO5X8RW0/QT+qAO7B7rPcr8gOZHw6yNU/qgDuwe6z3K/IDmR8OsjUEDa1PfSPfqumr+320t/d3fgrbCrU99I9+q6av7fbS393d+Cg0wa9fTGb2PPRdP0ffkVZy15BdevpjN7Hnoun6PvyKs5aDP5SlKDVP29fYEwd8n+NH3LhVS6xk96ZA3kBz2+IrbLqIu3r7AmDvk/xo+5cKqXWMnvTIG8gOe3xFbZdBn2qAO5X7Osc+f7af8AmmYb1P6oA7lfs6xz5/tp/wCaZhvQT+pSlBqn7evsCYO+T/Gj7lwqsXu/h7Os2eQGXfmmbJVZQtvX2BMHfJ/jR9y4VWL3fw9nWbPIDLvzTNkqg0Aa2+vRx/dZ+k3eQFu+HXP2tQWtvr0cf3WfpN3kBbvh1z9oPT2pSlBrlqPbb3QvOBEvy1dv2qByM/miAfP9tifMdxXqvlHtt7oXnAiX5au37VA5GfzRAPn+2xPmO4r0HlA1v8egzf1of6E/+LetAet/j0Gb+tD/AEJ/8W9Bt9bT/us9tTyA4b/DrHNT+qAO0/7rPbU8gOG/w6xzVQFm5ptugRUSgp1uC4QhZsFkDyJmIcWZXwOOFQmVDjipZyEaJR54PUbuxEDE7o1bW8szojSuLW4pVKFcmsKbF21pCb1KiDF24RgNOJ2xRdCucGIEwSaUcz6ajqLsloYkA7IuSM7gRPPIhETNXcgd+UD7Q6vrny9vUdwZ2xwc1XZIkSm/ar+c8sMWcX+l/WWyVgDHjrjnfRXjnMkdRL1h0zyjqPpfr4jH+oOn+oGHnfKe98q520d/7vzJH2wX/pUAfwsG1n/5leAP/rIx1/8AcapvCZYKnoqNHQKSj5oEmg+zFgcYiby3EYqWCpG3JngeJRohZ1KxofR99aFiR0ZnlrWKm50blSZchU301+1d1BUFKgD+Fg2s/wDzK8Af/WRjr/7jVf8AgzLDFnKDqj1aclYAyH6H5J1r4GTJHUtdH9Tc36c6o6BIyDp/qDp9+5JzbunNeSO/cO8ctWdiF/6UpQKUpQKUpQKUpQKUpQKUpQKUpQKUpQKUpQKUpQKUpQKUpQKUpQKUpQKUpQdlv8v2fvrsrrt/l+z99dlB06/xuP2fs4Vxrlr/ABuP2fs4VxoFKUoFKUoFWgncahs1jN0CZ/Uj+mKTYgAAwhZywsviAqcuJZIQsPB0WEt208saYwH5dNnEci55iF7vugrObcXqYXLxQ2Fj14Dn279U+WCYqeipKCnQ0PmgSaD7yJmIcWMzcRipYKkbcpZyEaJR54TLGh9H31oWK2t5ZnRGqbnRuVKUK5NfTX7trUGAOPofhuMSDOWEMgouiDBaHE8QbcMpHWKOC7hfP8aj1uIcn8pW1IjSsyHHCEHeZZfz/doqb8Lci8ZR7Ed3Kp3hEThWGBSTJlJJca44hlIeN1iKIHlIrFcbB/BvHzJjJ/aIgO9gQOtMNsjBeFV25FGcaZNSDNoVjiSFWN94gzMi6cuGPssx+LEMrt0g4wQ3FTfLshvNw0eIDhDL6zYR4YDkNlmOg9iJjAxY+HpAmLDqCWaAopa4bNCpHfGlSQlLIwQidgJIyBKpCw5QmeXhjWONi+JjV60p03GJr1JUcYR4YQ4KycCxFiJjBFYTNg/pE5mDo4gKKQcVlsV0NxAz6BqTh4YE2toPR/S0FhS16WYqRuzdpbiUgQ8E3BM8uNpSEYcV4nizHjPnL6DMf40j+DITRYgYCSwjh2HQ0djKLEkpyFM+4+Hn0lpY+Cm1kEk8gHAlEsVC5gZWmjQREw7GUfMj05LWwMHErbVEwOS1r3QsNFCEfdyS9rwJ3KLOpCy3mGwqtW9WQu1Jr4q7msie2BFxT29VvRZ16bSy6q43L9rjoTa7PC/dsy2hXHuAsaxVwBcdIPiCAgl2IFRY6B0KxoFxWKuRUubmpnXErgPArKxNCwgWNDExtap5UI7jiobmZqQ3lOtM3I7VmMEje9Mw38gO5X8RW0/QTnvOS208pGzQPu6lEpT6r14is3mHSzoLmnSp48Eiuwoe7BBrUa+Ni1p06kLEtS8NS1Nx1qdGnQs1JIA7p7ktXbXu58nUj7uz2UGBOY9lKucbzDdSvVv1epO0d7bNDQ9ui20n4abNu9x0vKNpVdmrT8OCbje0qrSbIrUAd2D3We5X5AcyPh1kaggbWpr6R/euaY4mRPwSKNdm6bbT97Wu06kvBKnuWGLfW0Wkl7RrU6FupQt0qb15NqTo76XRbQK+CxSkva0NpbtlVqe+ke/VdNX9vtpb+7u/BQaYNeu7ji5LU2FXovq+yPu69VYUQJZtMqS8w6HNbbtbHWc6LQrTXVz2iZ9CdSm08HazpWOyRVpb9em2oTWHXhrbNHkRV6+mM3seei6fo+/IqzloM8t5yW2nlI2aB93UolKfVevEVm8w6WdBc06VPHgkV2FD3YINajXxsWtOnUhYlqXhqWpuOtTo06FmpJ+ew8ON3nnaCj+m5T23cO3Ui2rqfs+9fQ5H3YlUd37x3e12PUvT30e/Je37D6C3uf36UGqft6+wJg75P8aPuXCqrNdlTB2FWbca5J5JlyiPoQj7AnNKydndkbJy+2LWy/LDa0CRtWrGwloIjJ0TuhkRDg3p0jY49qkap7TOLimRj6N4eGyjNvX2BMHfJ/jR9y4VWL3fw9nWbPIDLvzTNkqgzr2PSo9jq7zztMun9Nyntu4dvjfk1q6n7PvX0OR92iJR3fvHd7XY9S9PfR78l7fsPoLe53/yFy7hrNPbsx3ymxqXP8iw9KGf22l0e862FQHui7oTd0xnB3zvLCdXBlzQfwmIU7DqLvdm33hRfQOOrsmG8odkvjV16e20/wD8NBtqef7Df/qDo5oNuO85LbTykbNA+7qUSlPqvXiKzeYdLOguadKnjwSK7Ch7sEGtRr42LWnTqQsS1Lw1LU3HWp0adCzUk/PYeHG7zztBR/Tcp7buHbqRbV1P2fevocj7sSqO7947va7HqXp76Pfkvb9h9Bb3P79KDVP29fYEwd8n+NH3LhVYtd/a9ctY9TDo0JFCnSpwJl+zevWdSXTbQW9O6FspqOCtXwUKbF7Wn13rFpDp0obS1VwVLU2vWm0ItCxYkylbevsCYO+T/Gj7lwqsXu/h7Os2eQGXfmmbJVBoA1t1ejrLFCPaz9Jh7u0uDr3rBBmR3+4XGu3y1Pfx13AO1dlvNHJt7RvR/R095tt3f3TV2mjujaq/gudnqK1t9ejj+6z9Ju8gLd8OuftB6b95yW2nlI2aB93UolKfVevEVm8w6WdBc06VPHgkV2FD3YINajXxsWtOnUhYlqXhqWpuOtTo06FmpJ+ew8ON3nnaCj+m5T23cO3Ui2rqfs+9fQ5H3YlUd37x3e12PUvT30e/Je37D6C3uf36UGt4jWKHDMzc7Vq2lwY1F7MCKe0a3S413lyXs9tvAG1o7e4yuTu2au30aNKi13ZxUfwWb1vTe7FRwu2LVIZGfzRAPn+2xPmO4r1Xyj2290LzgRL8tXb9qgcjP5ogHz/bYnzHcV6Dyga34fQgHJa1pd0BQhH3ckva1GElnUhZbzDYVWreq3l5r4q7msie2BFxT29VvRZ16bSy6q43L9rjoTa7PC/ds6D1b/HoM39aH+hP/i3oNvraf91ntqeQHDf4dY5q1e3x9R8p+f7dY+aDmDV1Np/3We2p5AcN/h1jmrV7fH1Hyn5/t1j5oOYNB+7Jn2nNqXz4SX8rvchqxe4t7feDPk/3F/vo2yKvpkz7Tm1L58JL+V3uQ1YvcW9vvBnyf7i/30bZFBQ9Ty2n/dZ7ankBw3+HWOagbU8tp/3We2p5AcN/h1jmg8Q2t/j0Gb+tD/Qn/wAW9aA9b/HoM39aH+hP/i3oN/ilKUClKUClKUClKUClKUClKUClKUClKUClKUClKUClKUClKUClKUClKUClKUHZb/L9n767K67f5fs/fXZQdOv8bj9n7OFca5a/xuP2fs4VxoFKUoFKUoFKUoFKUoFQBkb3pmG/kB3K/iK2n6n9UAZG96Zhv5Adyv4itp+gn9UAd2D3We5X5AcyPh1kap/VAHdg91nuV+QHMj4dZGoIG1qe+ke/VdNX9vtpb+7u/BW2FWp76R79V01f2+2lv7u78FBpg16+mM3seei6fo+/IqzlryC69fTGb2PPRdP0ffkVZy0GfylKUGqft6+wJg75P8aPuXCqxe7+Hs6zZ5AZd+aZslVlC29fYEwd8n+NH3LhVYvd/D2dZs8gMu/NM2SqDQBr09tp/wD4aDbU8/2G/wD1B0c15hNenttP/wDDQbann+w3/wCoOjmg2+qUpQap+3r7AmDvk/xo+5cKrF7v4ezrNnkBl35pmyVWULb19gTB3yf40fcuFVi938PZ1mzyAy780zZKoNAGtvr0cf3WfpN3kBbvh1z9rUFrb69HH91n6Td5AW74dc/aD09qUpQa5aj2290LzgRL8tXb9qgcjP5ogHz/AG2J8x3Feq+Ue23uhecCJflq7ftUDkZ/NEA+f7bE+Y7ivQeUDW/x6DN/Wh/oT/4t60B63+PQZv60P9Cf/FvQbfW0/wC6z21PIDhv8Osc1avb4+o+U/P9usfNBzBq6m0/7rPbU8gOG/w6xzVq9vj6j5T8/wBusfNBzBoP3ZM+05tS+fCS/ld7kNWL3Fvb7wZ8n+4v99G2RV9Mmfac2pfPhJfyu9yGrF7i3t94M+T/AHF/vo2yKCh6nltP+6z21PIDhv8ADrHNQNqeW0/7rPbU8gOG/wAOsc0HiG1v8egzf1of6E/+LetAet/j0Gb+tD/Qn/xb0G/xSlKBSlKBSlKBSlKBSlKBSlKBSlKBSlKBSlKBSlKBSlKBSlKBSlKBSlKBSlKDst/l+z99dlddv8v2fvrsoOnX+Nx+z9nCuNctf43H7P2cK40ClKUClKUCrQTuNQ2axm6BM/qR/TFJsQAAYQs5YWXxAVOXEskIWHg6LCW7aeWNMYD8umziORc8xC933QVnNuL1MLl4obCx68Bz7d+qfLBMVPRUlBToaHzQJNB95EzEOLGZuIxUsFSNuUs5CNEo88JljQ+j760LFbW8szojVNzo3KlKFcmvpr921qDWkKI48HLmTsAqYCgDEcfNZA2GG08xAxDeeq8QSSLMld1Y4geWjJ7W3IVxfRFEgZXxkylmO+UkaPON2gdJIAieHh4lliYh80co2hy4GRUTxZAMr5TY1QRGkfwpjmZ/9np6wgGJA0djiFCv1ot3iecfsmOpYrDm1mBX31iYFExaEp15owqvFyIhofjY/wCoA1mbmVNm8AcT8WYpiw1gyLsaoAjaE5J6j8RYdAYbjoOiw+6xHUYeXdax8OjjcJFXVQk3N4uR89aF/PB1AjZHPvTYlsJdABxPxZimLDWDIuxqgCNoTknqPxFh0BhuOg6LD7rEdRh5d1rHw6ONwkVdVCTc3i5Hz1oX88HUCNkc+9NiWwl0BEHFeJ4sx4z5y+gzH+NI/gyE0WIGAksI4dh0NHYyixJKchTPuPh59JaWPgptZBJPIBwJRLFQuYGVpo0ERMOxlHzI9OS1sDBxK21RMF5+sboWGmsdbWh0W8cCdyjTdTvT2tYEuhLxyF2pOOu9bWIR8kvXVGm9wsaNCbUhtW9du5du8VdvVZ0Wb8toVx7gLGsVcAXHSD4ggIJdiBUWOgdCsaBcVirkVLm5qZ1xK4DwKysTQsIFjQxMbWqeVCO44qG5makN5TrTNyO1ZjBI3vTMN/IDuV/EVtP0E5715+0vKSwnbWi6P60+rUuc7z2tsPKZVw0qeOiykYtA+pRLU+rVoR8NSm8RILmjTfU6uCTXxSWtK2AO6fefru17ufaHdtaEKK1gTmPpZlDc9rXRUvS+r1J3Djec0akfZ7LSo7HSl18EyVc9W+Ny8otd74aU1u8ryK1AHdg91nuV+QHMj4dZGoIG1qa+kf6lXCOJk0aLKfUi1G20/qUKNSm5oVWlWhi31uCOzZR8EmuzfT37OtdrUqda5PcSXEyS1aSLdK29eQbZVanvpHv1XTV/b7aW/u7vwUGmDXru443n7RhV6L7dQtrQpeNCiBNKNAre1qJsvpdOx1nPbT3lLtZH16pIoutXDQtvJrTKtt2HDVqbNCtSm0cHbX5EVevpjN7Hnoun6PvyKs5aDPLevP2l5SWE7a0XR/Wn1alznee1th5TKuGlTx0WUjFoH1KJan1atCPhqU3iJBc0ab6nVwSa+KS1pW/nsKSnVzzvLOwWu79t012BK4qObfR712HPO0FE3T3afQRdt3DqfsO8Kvod47na799+lBqn7evsCYO+T/Gj7lwqsWu/tqVaceph4J7Ke7Z14Ey/pXa7ym5YuJkvDdC2U9ei8ktaEinStUaluhGn1Jr15Bb0Jb6lZwV67yS0hW5StvX2BMHfJ/jR9y4VWL3fw9nWbPIDLvzTNkqg0Aa9OfawuOlr0ZrbT1NKNvWqOOf2IH0rTi5KGuzw+j6QACXEn0b6Zpd9ert3PQgSKP4U+nuqFSrcbXe1CKy1uHmMV6e20/8A8NBtqef7Df8A6g6OaDbjvXn7S8pLCdtaLo/rT6tS5zvPa2w8plXDSp46LKRi0D6lEtT6tWhHw1KbxEguaNN9Tq4JNfFJa0rfz2FJTq553lnYLXd+26a7AlcVHNvo967DnnaCibp7tPoIu27h1P2HeFX0O8dztd++/Sg1T9vX2BMHfJ/jR9y4VWLXf21KtOPUw8E9lPds68CZf0rtd5TcsXEyXhuhbKevReSWtCRTpWqNS3QjT6k168gt6Et9Ss4K9d5JaQrcpW3r7AmDvk/xo+5cKrF7v4ezrNnkBl35pmyVQaANbdXo61x0t7WfpMPK0bes7TBBmtuPf3JQ291a9WOu4B3tYi7u0uvf3Cx/Bb7s23+Wp1X0tfauyPs9PaaitbfXo4/us/SbvIC3fDrn7Qem/evP2l5SWE7a0XR/Wn1alznee1th5TKuGlTx0WUjFoH1KJan1atCPhqU3iJBc0ab6nVwSa+KS1pW/nsKSnVzzvLOwWu79t012BK4qObfR712HPO0FE3T3afQRdt3DqfsO8Kvod47na799+lBreI7jpezM3O7j0jb29z1ZgRT3lI1uSh3Q2f4NtvAHTZ7BxVtLGoUdon4Wrt3tGtL2N7XcsaO30WtKi9SGRn80QD5/tsT5juK9V8o9tvdC84ES/LV2/aoHIz+aIB8/wBtifMdxXoPKBrfh9CAvP1hLugax1taHRbxUYSabqd6e1rAl0JeNvLzjrvW1iEfJL11RpvcLGjQm1IbVvXbuXbvFXb1WdFm/oPVv8egzf1of6E/+Leg2+tp/wB1ntqeQHDf4dY5q1e3x9R8p+f7dY+aDmDV1Np/3We2p5AcN/h1jmrV7fH1Hyn5/t1j5oOYNB+7Jn2nNqXz4SX8rvchqxe4t7feDPk/3F/vo2yKvpkz7Tm1L58JL+V3uQ1YvcW9vvBnyf7i/wB9G2RQUPU8tp/3We2p5AcN/h1jmoG1PLaf91ntqeQHDf4dY5oPENrf49Bm/rQ/0J/8W9aA9b/HoM39aH+hP/i3oN/ilKUClKUClKUClKUClKUClKUClKUClKUClKUClKUClKUClKUClKUClKUClKUHZb/L9n767K67f5fs/fXZQdOv8bj9n7OFca5a/wAbj9n7OFcaBSlKBSlKBSlKBSlKBUAZG96Zhv5Adyv4itp+p/VAGRvemYb+QHcr+IrafoJ/VAHdg91nuV+QHMj4dZGqf1QB3YPdZ7lfkBzI+HWRqCBtanvpHv1XTV/b7aW/u7vwVthVqe+ke/VdNX9vtpb+7u/BQaYNevpjN7Hnoun6PvyKs5a8guvX0xm9jz0XT9H35FWctBn8pSlBqn7evsCYO+T/ABo+5cKrF7v4ezrNnkBl35pmyVWULb19gTB3yf40fcuFVi938PZ1mzyAy780zZKoNAGvT22n/wDhoNtTz/Yb/wDUHRzXmE16e20//wANBtqef7Df/qDo5oNvqlKUGqft6+wJg75P8aPuXCqxe7+Hs6zZ5AZd+aZslVlC29fYEwd8n+NH3LhVYvd/D2dZs8gMu/NM2SqDQBrb69HH91n6Td5AW74dc/a1Ba2+vRx/dZ+k3eQFu+HXP2g9PalKUGuWo9tvdC84ES/LV2/aoHIz+aIB8/22J8x3Feq+Ue23uhecCJflq7ftUDkZ/NEA+f7bE+Y7ivQeUDW/x6DN/Wh/oT/4t60B63+PQZv60P8AQn/xb0G31tP+6z21PIDhv8Osc1avb4+o+U/P9usfNBzBq6m0/wC6z21PIDhv8Osc1avb4+o+U/P9usfNBzBoP3ZM+05tS+fCS/ld7kNWL3Fvb7wZ8n+4v99G2RV9Mmfac2pfPhJfyu9yGrF7i3t94M+T/cX++jbIoKHqeW0/7rPbU8gOG/w6xzUDanltP+6z21PIDhv8Osc0HiG1v8egzf1of6E/+LetAet/j0Gb+tD/AEJ/8W9Bv8UpSgUpSgUpSgUpSgUpSgUpSgVT5YWCoEKkp0dEo+FhIWPvJYYmJY8tw4KiYqONyl4ISUlIXhSjaGIfYmhGrdHl5dFiVua25KpXLlNhNYu3dOtJMuOiGfMit4wfjzbu8VsrCqfxYBx13GuQ4bt3qdSm+bWeCCKIzXxYkOZhjMaO/V7kd5Qzr1HjrEh8RCPMepYjRlUpaFoynk/kZNGYLMI73k8CuVRADC23+PzUmxtiMUiKDVbdrKm/aYx5yIsvMvGR+AHxIdj4dMcocJJiwaFuEauLSVdZtMulk5RSQhEWxWGdylYonoqm6VJWzyNuGb5BiNHmDMvsUcMTNxBcanrGp1FWXDDGLLl/k7KxZL8aOMxrh+2ST6VDsmaYiybxlbtEIhQ+kFiCMpDtEkwvMQMsMr87kcrbhBDBbTk/oG8GiBANR10E77VgRgu+uLNhhAGWFxTnAZZpSGIZYMw/xMZqc2ecCzHoxisVYsbm8Sux28sMxtJ2arA2HKVEHcIlE7g7AbOCaoufel5Nh/EDJaUY6JeWM7306dx/DBqWCL7yYib3cfd+UEDS3uHLH1qc2df3furm3rUV2+muwByVyBywwK8Z3V7n71nyBTtg7jmcqVmlCK42CYsjaa8JvVlUh4bDA1DrKCya2wAarcjShKTh05zVkPLqUdCYzb2ifExAikEskkM3lK1xJFyWz/x7izM1we3bL8Z6V2wc9clo8Ls+F+0E4ymMTrjcOxjfil2x8jrb7flXWMfoPEkoc8gV85xcbhzMRN2PLE0Pwr1oQjsiZ3IVBJMAhVwRy3OJBPJs/kCopdCFyCI9joVE77q3NVpcARKHArAjd2KIGJ3RuS4Da5ZOpymRrbni41nk7yYpQo3jQF36VhiimAsSJ+C8msjM649iAjnaGsn82Ro2yAmSyyCcyYmw3C8+ygrxkUgMvK74+eYYj4Vh7ZgzImMCyJiOIb+mwfos1Gl5USTNRFNBrQG5Pl5PEV2MqZfxUW5vFlvBGICV5lobi5i23eGGDTMgFDdnKRIJ5H6MnrornETj7pEkhRC+zApw/JNNjXFJM3sEOErVkG1nCVmDO5SsUU4HGSMe5bsr/K8k5PxVie4S/j2DxgT47MeC5DjU6WJOe40jUTjbLlBOASf51J5fmXKoseYgUvmK7EghsYhE5gMkUm0amLTPsjCsQBrK/O4slBTL7W05PpY2S7jxZihdRkrvtWBe3DqhsL3FHnBp4dky0xkNi3L1kvrIxYlz6JtCQkv3z3N6+zMALHhHBJGPRO6BsOUpSgUpSgUpSg7Lf5fs/fXZXXb/AC/Z++uyg6df43H7P2cK41y1/jcfs/ZwrjQKUpQKUpQKjBmQzQ2/48GLZkEWEArDmsgi1YdJBpNfeXGT25rloGdEeO6kFQjRm7zEP5Qu6JvxwLMfh4RJyrIoVlR5gsUYXUkkJrQ3pP1QEoxPFk4gj7F01RpH8wRkUcs6ljqUQ0dkAEIuSPDeRM3PREsbXcfd+UEDQ1PrZzBvUdweGxvc0vZLUSa/aDBFJON1iJsbsgDIMxsH8IIcyLl/bNhUI29WNphscBysqtZ0CoKfuGTbPjaSGmPgeP7gduaBLE/J5VHvrLuLfhLGoYanDVPBItvYYx9aAojjwcuZOwCpgKAMRx81kDYYbTzEDEN56rxBJIsyV3VjiB5aMntbchXF9EUSBlfGTKWY75SRo843aB0kgCJ4eHiWWJiHzRyjaHM7kcYR4YQ4KycCxFiJjBFYTNg/pE5mDo4gKKQcVlsV0NxAz6BqTh4YE2toPR/S0FhS16WYqRuzdpbiUgQ8E3BM8uNpTUADifizFMWGsGRdjVAEbQnJPUfiLDoDDcdB0WH3WI6jDy7rWPh0cbhIq6qEm5vFyPnrQv54OoEbI596bEthLoCIOK8TxZjxnzl9BmP8aR/BkJosQMBJYRw7DoaOxlFiSU5CmfcfDz6S0sfBTayCSeQDgSiWKhcwMrTRoIiYdjKPmR6clrYGDiVtqiYHJa17oWGihCPu5Je14E7lFnUhZbzDYVWrerIXak18VdzWRPbAi4p7eq3os69NpZdVcbl+1x0Jtdnhfu2ZbQrj3AWNYq4AuOkHxBAQS7ECosdA6FY0C4rFXIqXNzUzriVwHgVlYmhYQLGhiY2tU8qEdxxUNzM1IbynWmbkdqzGCRvemYb+QHcr+IrafoJz3nJbaeUjZoH3dSiUp9V68RWbzDpZ0FzTpU8eCRXYUPdgg1qNfGxa06dSFiWpeGpam461OjToWakkAd09yWrtr3c+TqR93Z7KDAnMeylXON5hupXq36vUnaO9tmhoe3RbaT8NNm3e46XlG0quzVp+HBNxvaVVpNkVqAO7B7rPcr8gOZHw6yNQQNrU19I/vXNMcTIn4JFGuzdNtp+9rXadSXglT3LDFvraLSS9o1qdC3UoW6VN68m1J0d9LotoFfBYpSXtaG0t2yq1PfSPfqumr+320t/d3fgoNMGvXdxxclqbCr0X1fZH3deqsKIEs2mVJeYdDmtt2tjrOdFoVprq57RM+hOpTaeDtZ0rHZIq0t+vTbUJrDrw1tmjyIq9fTGb2PPRdP0ffkVZy0E7SvP58QTFOcPxhg3l/kFcx6PBmMpAkCLnzCUdBOJuTwtE092GRitTzmXCx85ctAZpBdbm5XARG0c4VODa2r3Lg3X1HGlCDchLgW4HK5P25s5ozFDGWIWhu2cEJNt5vrAwl0+y6EQdHV18bo6z5ODTUzrZDkMWbXNaxCb5fakS2+6qEfcUSq7a/LjN7Tm6158I0+V3tvV+HcH+o+LPP9tT/NBw+oMUO3r7AmDvk/xo+5cKrFrv7XrlrHqYdGhIoU6VOBMv2b16zqS6baC3p3QtlNRwVq+ChTYva0+u9YtIdOlDaWquCpam1602hFoWLEmUrb19gTB3yf40fcuFVi938PZ1mzyAy780zZKoNAGvTn2sFihF6M1tp3UzS4O+vjn9iB/CnbrjXavaew9IABFdr6Wp2cmtPx72oTWWtP8ARv6vornBJcV91bNC9xReYxXp7bT/APw0G2p5/sN/+oOjmgz+SJuV44RrM57BjgNZWmpZFTsyjcnPcKYO5iz9H4KVkUeCkrM4i8ncJQgfDqkmUx8fAROoamNY73mtAZsXB34oFFxdZQ0s27rGMCt8a2J3CM0wO4SSAAxcHPkqbemccVBBSdyqctEZxsxcJFkOABsBDOsz4kFRRnc5QJANn0u5QzJ3FwQ8LivUj+FjN7Tm6158I0+V3tvV+HcH+o+LPP8AbU/zQcPqDFDt6+wJg75P8aPuXCqxa7+165ax6mHRoSKFOlTgTL9m9es6kum2gt6d0LZTUcFavgoU2L2tPrvWLSHTpQ2lqrgqWptetNoRaFixJlK29fYEwd8n+NH3LhVYvd/D2dZs8gMu/NM2SqDQBrbq9HWWKEe1n6TD3dpcHXvWCDMjv9wuNdvlqe/jruAdq7LeaOTb2jej+jp7zbbu/umrtNHdG1V/Bc7PUVrb69HH91n6Td5AW74dc/aD0AMncpZ6jDICD8dMfcfotl8ul2HcgJrcCGZ8jCfH0OGxyAzXHIFcmZqVA2OOTJETEz255HD67gncBkRZW5rZ1Nyw+vC5Vrb2+jfHXc6/MxwP/WTZBf5VFJ1951hj5D9yb4gtqipcUGtpidPNzKcwyvyauhiiOtWQ0k4mTbwBFL6lKLglblLaa24Tayw6SVGharL+nbrL3oTpHnWzMSpyS6LKxcPsC28oZ0NycjP5ogHz/bYnzHcV6h/tT/Ua8f2B23fkl7W9TAyM/miAfP8AbYnzHcV6Dyga34fQgHJa1pd0BQhH3ckva1GElnUhZbzDYVWreq3l5r4q7msie2BFxT29VvRZ16bSy6q43L9rjoTa7PC/ds6D1b/HoM39aH+hP/i3oNvraf8AdZ7ankBw3+HWOatXt8fUfKfn+3WPmg5g1dTaf91ntqeQHDf4dY5qFmYEB8dvrFXMfKsb3C8v4wjiPPWnyxRQxYcNuwcBF8pzJI0hzyoiIRkWZ8AZaOGrxYneR74LHSckf5EIrLwZDo0zpCZdypnVhI3Jn2nNqXz4SX8rvchqxe4t7feDPk/3F/vo2yKkTFGFqIuOMZ8mnbcJyfy2DYufFs8wcgJdGCnGGy1dJUCShDjLICYlxuw8iInLx9XFc7F7kJ32aR+Au533Rmf7lh5SpUmjXcLLnA4eyzP4dlDVP8/4/nULB8wgLA+QZpgNXz4Tm96hohMmkobJ8gadme92LxBIGsZFzA3jzkh+g7p1KxclcewsBj8qeW0/7rPbU8gOG/w6xzWMXG3GQDyal3NKHwPdLy/dyDDGf2ODCywIlm2AcvDhzeFIvkVSUEQ6zbd1pbH/ACyTSiWoFvsjled/pHeP0ipLjunIGglERHOzj3CorjXAcH46ArgQOoTAUQRpCoc6FipuXFTkKxWFsoKPOBKuZ2piaFhAsaGJIoeVTWxszcocbim8ham5NrtI7IeDdW/x6DN/Wh/oT/4t6uBm16LxswYMREKzBLWT2X46PlM/44wYmvyLlBinFLPo8cZrCY6LCiwREuKChEt8H4yezyeiJkt2bXewSKS5W5O4sPoHkuYNjvam2VsWdn7x59Wk+n849Yfwu618cymOiXlfhL4i9OdL9AxVGXcu++Jr9zvm3O+890aO4ct7us7+GX2lKUClKUClKUClKsBkHkGz4/s4Hq1AcgS1IEtSBpi6Hoei7SCJzuTzuwCHcrvbExPcrncWRKO9OxLFknSO5ucjycDs6tnB3AfH3B7kB7DQ0mC/9KgD+EHDuju08CJ/8f8Ax/8AVc9T36EFeOvjr4Fetf0N1r46+qX7Jf8AtHdTes50d0d/EDqDx/8A5G6fhBw7o7tPAif/AB/8f/Vc9T36EFeOvjr4Fetf0N1r46+qX7Jf+0d1N6znR3R38QOoPH/+Rugn9SoA/hBw7o7tPAif/H/x/wDVc9T36EFeOvjr4Fetf0N1r46+qX7Jf+0d1N6znR3R38QOoPH/APkbq/8Aj5kGz5AM55q0gcgRLIESyBqi6YYelHSCKDuMDu+CAkrsjE+vcUHcpxKRdRRLKcYyO2OccSccM6RnOG8fIHBkkBkMg0ZC77MJio44ljwPDQ+xO56QJiw6dGZmbmtxNCpGKjQKkJSxchTWFJGQJQkLDg5M8vF1Y42BUTGh60p0tDE1o0vwHOJ4se2eUR15jSP3cfnHmHjUxOYaOr2eYObgjFFzr4otiptuopA5nGQuNR04dWWHfvoIOsQip7UfaG9vT1/UYJ8ycsQqVR9GotC8v5GTHJg/IBwMxBCt+G2cq4xnE7jHjBJckuBJkJMEDRSkHw8pmCIhhUx8JGvSE8uMitS8VCX8bHz19EAqA+xPxZlaUwqc5RxqgCSZsjbpzw6mI+huOjGUwHo4iWGAj0VIJEOOJaK9Klri4FA5yJ3QcjIl6x7bO6uaq+q1j7E/FmVpTCpzlHGqAJJmyNunPDqYj6G46MZTAejiJYYCPRUgkQ44lor0qWuLgUDnIndByMiXrHts7q5qr6rXYC7uDhzwOxVriiCJ/nCWpT9YD+DHYB0QUOymCeqVKbLAmVXWpNM86xPAF3wFn8nFYaI+hpuNuuyIiRlsJ+KcSoH+Rmdd3Bw54HYq1xRBE/zhLUp+sB/BjsA6IKHZTBPVKlNlgTKrrUmmedYngC74Cz+TisNEfQ03G3XZERIy2E/FOJUD/IzOF/8ALCDPWgxZyVxp6o6H9YeAJkgzrXknU3R/i1HRGA9UdOc3H+oOn+oObck58yc17p3Dm7b3jvllBmJ+LOL/AFR6tONUAY8dcck618DIbjqJesOmeb9OdUdAjg/1B0/1A/ck5t3vlXO3fuHd+ZLO2tBbzbsEsZgZ7DuMeT89EhgQS0Jv8Txwxw2xlUTlWP0hOUNzyNSdI0xzZFWNKAgjGaWlwi/SzCk8l7jLDi3EB1j8ml2HA03ksav/AARNQrkFGbXJok3kDGmvkB+DkgqWJW5KVAcmRFIRTEUvxsS8WJ1IRZwII1lYGMwJ5fAcoMI9IXEcUv0emxoEuLAUu4W/jjCPDCHBWTgWIsRMYIrCZsH9InMwdHEBRSDistiuhuIGfQNScPDAm1tB6P6WgsKWvSzFSN2btLcSkCHgm4JnlxtKZP0qIMxZaqo7lNVCsYY1z/lRJo/H4fKMiDUGOGOI14YAklkUgicVvpQ85O5C45j714jkEQS83sjZG7qePDD4cO6qQG8MREMfqTEK/PsT8WZWlMKnOUcaoAkmbI26c8OpiPobjoxlMB6OIlhgI9FSCRDjiWivSpa4uBQOcid0HIyJese2zurmqvqtdPzVhHhhkoVN51kXiJjBPps0j6UTazGaoCimVCptFULi6vCEabyE6E313Rj6N3fXx0SsydZbbk7i8uq6ym0KXFZdvWgVbg4cW+H3qvwRP+Z/iBAEO5R8PAzRBUf9JQVkV1h6vpyUet/OuLvaeL3htJ3JBkU6pMRLw/d/FMfj/ngN1aVbg4cW+H3qvwRP+Z/iBAEO5R8PAzRBUf8ASUFZFdYer6clHrfzri72ni94bSdyQZFOqTES8P3fxTH4/wCeA3VoX/8AVPxZ8dfWj9WqAPWZ/OK8G468df6HeHf1udOeIH1f/wARv6Qf0O/iz/Mv+hU9U/Fnx19aP1aoA9Zn84rwbjrx1/od4d/W5054gfV//Eb+kH9Dv4s/zL/oVWgmrcNxgg7DBBnk+lRAVQSVRAlmqLE4OHP7pJkyirpFLrNzK3xtGbskYilYQLIpYn+Q3xKSIxhujSPRg2kqX3WPY2j2QC8Xm9QKUqgJYlEEg6LJLmqUX3peMofj8ylGRSXljw99OgkfjrkWFz7yYdb3cgd+UD7S4OHLGJqc3hf3furY3rVt2wmuhX9KgCl3Bw4S8QfWggif8MPD+AJiyj4+OeiCpA6tgrHXo/1gjkX9UCdcouz8IfEmMedjJX0sYlviA0eFg/IHIznpIl3Bw4S8QfWggif8MPD+AJiyj4+OeiCpA6tgrHXo/wBYI5F/VAnXKLs/CHxJjHnYyV9LGJb4gNHhYPyByM56SCf1KiDDuWqqRJTSwrJ+Nc/4ryaQR+YSjHY1ObhjiS+J4JGhFHwnKj6LvOMWQuRg+y+HBBL8Qt722SQ6gbw/eI7Qqj9vM0Q9ICkOp/D3M57zEFQSSmfD/J+E4clSIBeaoyl+annEjWKm4qcNww/hbe3jcLZVzPKzIQEosT2idKlMY5Gm5tbml1QELqzEnFqYnQJxW/y/Z++uyuu3+X7P312UHTr/ABuP2fs4Vxrlr/G4/Z+zhXGgUpSgUpSgUpSgUpSgVAGRvemYb+QHcr+Irafqf1QBkb3pmG/kB3K/iK2n6Cf1QB3YPdZ7lfkBzI+HWRqn9UAd2D3We5X5AcyPh1kaggbWp76R79V01f2+2lv7u78FbYVanvpHv1XTV/b7aW/u7vwUGmDXr6Yzex56Lp+j78irOWvILr19MZvY89F0/R9+RVnLQS4xm9pzda8+EafK723q/DuD/UfFnn+2p/mg4fV+7Gb2nN1rz4Rp8rvber8O4P8AUfFnn+2p/mg4fUGKHb19gTB3yf40fcuFVi938PZ1mzyAy780zZKrKFt6+wJg75P8aPuXCqxe7+Hs6zZ5AZd+aZslUGgDXp7bT/8Aw0G2p5/sN/8AqDo5rzCa9Pbaf/4aDbU8/wBhv/1B0c0GbbGb2nN1rz4Rp8rvber8O4P9R8Wef7an+aDh9X7sZvac3WvPhGnyu9t6vw7g/wBR8Wef7an+aDh9QYodvX2BMHfJ/jR9y4VWL3fw9nWbPIDLvzTNkqsoW3r7AmDvk/xo+5cKrF7v4ezrNnkBl35pmyVQaANbfXo4/us/SbvIC3fDrn7WoLW316OP7rP0m7yAt3w65+0G+dOvvOsMfIfuTfEFtUVLiojzr7zrDHyH7k3xBbVFS4oNT3an+o14/sDtu/JL2t6mBkZ/NEA+f7bE+Y7ivUP9qf6jXj+wO278kva3qYGRn80QD5/tsT5juK9B5QNb/HoM39aH+hP/AIt60B63+PQZv60P9Cf/ABb0G31tP+6z21PIDhv8Osc1hD9MRyW8H9qlugxqdo/1EGW0/wAbgLyLkS/+E7URZF1xbOZKax0yJn5sW3el5Nj+FRcuI1TQSDrIzyNYZHBG3kBeJu6LN5tP+6z21PIDhv8ADrHNWg3i4Chs5wXzNyCMY9HyWY4C24dxsahc6ebN9c4xq3TZjc5oZQUiaS/f1NDWQFjQBDw8pLLTfxKm8VuEoozvLcNnBs1kIWg9HLyW9aDZuwsInB2j9WWxLH6zGkuYgFf3jo/1eH1xi6Omk1bL78QOY/IBBCQ/F0ikaBzvtvNeuEZcxMLIJEw632czhYWCoEKkp0dEo+FhIWPvJYYmJY8tw4KiYqONyl4ISUlIXhSjaGIfYmhGrdHl5dFiVua25KpXLlNhNYu3dNARRAUNwW4zC6RBHo/HqmfZfe59l20NWb6FuMpkJxUNDimQlLPwv6mhrICxoAhtYWXmJC12CgqtvJ0/2HE2KioheqgliLgScYskuFZRYuqIymCPzKLpFGuZvDJ1ECSAOuQmXMXOR1waCBo5uPuzg38zYnVseEHeO9NjgiW2rCm0Hnz+iX7gJVKm67uFs8n3ogEHfcOHzbKl4a0txxYHF2n0JmB7OrUdwqhITNxUrh+2Ez7Oxi6iKq0bGmgVjlvIdJEkaBAxWPPor1iCxGxVxxX5WZlFngxH7YQYcZ/C9jFxwHGBKKeBzOUbMG3VCpAIgKUZ4NCJoj92jJ36aWR13a6CXeRBTz07wII/BnUdy+0GiP6btkty6LMH8O2h2j9f1jIEh5LSCxd/71KYr4bDtiLodduWJX7RyOPz7xWnNH397GFXVRFG3dxd+QdHGDe47fW37kt64+D2JuUal2j93IJxgCLj488Ll/fwRilN2E2zxaCmLtH4oWtnh/JtosBnMceSB3IhR4HXAZJVl0gaHL+CMG5FAUNpUQllJaj0f1ZBvuT+zzAS6VlNm+sKrENie8BjHIjXHrMoWX76YcH1RsaPBIS2R5K13zRxRiesxvvtsCBbY5P6CIChvGKM2uGYAj0fiqKWIgPyUej8Ts30YqNuMnSEUymYphppu376YcH1RsaEbizCbJoQCoi3LEwwIMzELNLOyoAu/SlKBSqAc5YixkZ5RInmS4/aB+DuYeNT65mQ6gZ4f5QCMUouvii5qnK0ij/lkZFA1Irh1ZfaO5AhExFynsh93b3BRT8wz7DcBCpkYy7IQ+GtAFEErz6SJFN6+6FVuG4LbmR0l+QmYFYrDobFQ/HqYnFrRLeFR56voXEsE2fjY1O5QwIXELv0qnywlbgsVJTF4TECxoEx95JXRIJiZUelSpuYm5S6Lkw0CgrMRmxoQX0yW7aZhMOHn0qI3HUmZx5mdHdYkQ3yYsFVhU8gqQlH1RsOD40WEIcmeW6+VMQqaOJYzhxK8j1pTqd2sfLHcCOmsaeVyOw3PriFliFrUqlI48WkYVBUQc1TLJgRixgS4uRPIEmlpnIDUGnL3E7lj3olOGosWjpU7k0sRoL5RyXEkJnEgWHNkH4+DW05MFo6FkUhNsxE0aTmJRkQQZJEvqoCS5RBIfHW0skV96dH3aQIni5vcOWPDv3g7nGUw2FYuYu6sTe5rbXVEmyAIjXM76a0zsnN+ckTg0D6BzdUQYobETyslB8XprD8Qsn7Uh455vFuRU6R9NUg4YOeYOXDicYS5AYsOcyoDCO8kHHFxcQW3yfQSylEC2Y4HFY0g2EnWLIQjkNjyO8eobffgeB2THW/rn+rdIHM/wAJ966vql9cY9+sx4WfgkfwYfIOa+Nfqp+IHil/LZyr1oenfV7/ANO6q8bP5DqzOFhYKgQqSnR0Sj4WEhY+8lhiYljy3DgqJio43KXghJSUheFKNoYh9iaEat0eXl0WJW5rbkqlcuU2E1i7d0iwsFQIVJTo6JR8LCQsfeSwxMSx5bhwVExUcblLwQkpKQvClG0MQ+xNCNW6PLy6LErc1tyVSuXKbCaxdu6QxBX7GckfA+UMvRTi9L7ObZu5vCRwvAB8tw6fMn8XYCYMJcf8eCeSdLDI2QCTD0yl93PMWlCSMWO3kBJgWEME1xxNEiBMrqY6krFR8m/hUPqmGLH+4+wVP8LHT9IDqQSU85RkuOJjOs9nawdFUzpOpyS4vS3MEZKOdokTYBjI03uQMzxiHR2PxLF0SRhAoFEYmgu/NWQkBY1iredZFzhEEBBLsQJRNrMZqksLisVcipc3OrwhGm8hOnpiaFhAsaGJ8dErMnWXHFQ3MzqusptaZuWXbNQRdLEWTiCMUowrJcfzBGRRzPpqRYuMh2QAQi5I8OA688iLhNydx935QQNDqxOfL3BR3B4bHBsVdktRKbFoK/qAOcxll00+FwVjTE8/kQkY9bOUwzJi45YUKp1i7pPpHXHwaDCWd8lgMJ6PFZzfH5YTSW7Dk2dIh0bEACgidAWzEITdC0/qoCWJRBIOiyS5qlF96XjKH4/MpRkUl5Y8PfToJH465Fhc+8mHW93IHflA+0uDhyxianN4X937q2N61bdsJroYwUQBIsQmOHWSMO4LT/wEougDNeAjDFdLJOLLtlMxmOS064sSylmqQTqQctuMJyf1q54zSCbzFI6rK2Q51N5FmkPMTBmLi0kmJ8A6Ai6DsmMbifHnJO5jdIEyLUX4XTrKAIkOMe081x9+Es3A4szfijqVfMM1xHArp4TAsauUZzr0HORny6XXsfSxL4wRlre5QZM3lWgJchICC4bTZFmM4RAJ4+LB8TLEk7EslhbFDaoVPb7MlBSVNJ7o9JQm+PmikjHk4m82nzU3Ed99ZrLOpWXHRDpvhjhHY2nWLsRbUbGGK8/yy2TfP+Zc5yCC4p5Vh2P+U0LesdmvJuX0Oi6g9S5DY0iXHpsSkNUBZEPcO5fK+UyKzIAWPmjIqEz8wkkRl/glFx3DuM4uEyKxdLEF2QJ+OW8UWubORGIoCStkJKUqRcKy4ZsTgQIpHn8ajIzEWPIqV75xKzxLE6oJDkkimycSApc5eNa/9bDFnwK9aP1lYA9Wb84rxkjrwK/pj4d/W51H4f8A1gfxG/pB/TH+LP8APX+hVUEK5CQFkoKuB1jpOEQT6EtJAqE3QxhWSwuVBVtKkLc1PC4acCEFen1oRkCNofWN0VMyhZbcU7c8tS68m0JnFHdvBd+sYWapNl07SmwRdHkCZfkeM3GP2omOZFwqkbCgKlOUTF+IiodJoEfy7KPImEJAgaP2CP2pE+usjY6t9udS4ik8Vc4jyJxmeoJILE05PaoCS5RBIfHW0skV96dH3aQIni5vcOWPDv3g7nGUw2FYuYu6sTe5rbXVEmyAIjXM76a0zsnN+ckTg0D6BzdUQY4W5llbG2fFU5RVgbL5nFMu4Q4WwEMQBAb7hgGFWLbji8aZaF6+PZBHJKydhmHG8fTjeUAWFx/Zx4kGYhVO4xnIaFTfHRZFHL3IFoMaoOyY29PBnt8bpAy57rtg7ceFRN6q5xj2g6NlPBn1mvEN/fPWzmvFTv8AH8iesQO+EzqI9TkS3o468RRWNuyDusszhYWCoEKkp0dEo+FhIWPvJYYmJY8tw4KiYqONyl4ISUlIXhSjaGIfYmhGrdHl5dFiVua25KpXLlNhNYu3dNATVkJAWNYq3nWRc4RBAQS7ECUTazGapLC4rFXIqXNzq8IRpvITp6YmhYQLGhifHRKzJ1lxxUNzM6rrKbWmbll2yGEKato6bnDbdQRqGZDy+iyjjPZiS7eSSIImXY1PEBSyVDEDurARCo6SZN46v8hxgP5FSHZEhiVTGPZGx6cZBC46hJecK2B8iAJfRTO7FwaRR+CMQiWSxIE4kDRzPmEoyi2xY0HZR394cHNLz1vhWNIfjJPyREtTDrZ01HQ72rO0N9955uQXXV9c7fn2WGLMUxYFTnKOSsARtCck9OeHUxH0yR0HRYfdYjqwwEeipBIiNuEirqoSbnAoHORO6/ng6gWPbZ3psS31Wi4EXSxFk4gjFKMKyXH8wRkUcz6akWLjIdkAEIuSPDgOvPIi4Tcncfd+UEDQ6sTny9wUdweGxwbFXZLUSmxaCv6oCWCI7EIskssi6OvGCTRePzIijqJermeP/FE7ZB1ychGOuvCKwpHwnrYgTN411c+plDON8z5y52LqJFft6q/pQYI1EC5I5WQHm1GUxQPk+OZR5F4Q5IwKD5KZdOWC45AcZX5oC9Q/cgeCY3wzyXyYkOG4ge5DeW89fXIrF5emQzC41CGHIHJeeHyFYCbmyoMlYOyY3C/GfsMbpAxG71tg7jmFQz61Bxj2v6ylPOb1ZfDx/Y/VMmvKvuEfx36u5F4supd0wRIusQXw6FZJ7Ux6Ny+xPKIJOMWRpNUXPvVEZTBH4bKMdEvLHhk6iBJAHW0sEX3kxE3tBA0c3H3ZvcOWPrU2PCDvHdXNvRLbV9Na++NFgqaNyl4DiUfLGhGQFgmrdBp5bn1uSlQEVPIKdDSlc1qVSawQBZsOEIcWM127pcRwqYnkeeEyN3a1yOwGOJk1ZMTZlMIZLWMRZAx+8AcQMuYdGQrKiU8e2jxilPIuRcQj6PErGR4mSpmV0hH436q5E0yyYFzCjIh3rwFXx1H0t/RMUYnb/AeCDuHJTYGaKsecv8P8RgeACGOn6Fcw8smfJ/qQ7byKIEuNN/HBqacy84EUMR/CEZDOQAnIQ6yksEM5J4mQ4mtCMtWQZA4Q5k+c5YixkZ5RInmS4/aB+DuYeNT65mQ6gZ4f5QCMUouvii5qnK0ij/lkZFA1Irh1ZfaO5AhExFynsh93b3BRb+DMsMWcoOqPVpyVgDIfofknWvgZMkdS10f1NzfpzqjoEjIOn+oOn37knNu6c15I79w7xy1Z2ISDt/l+z99dlddv8v2fvrsoOnX+Nx+z9nCuNctf43H7P2cK40ClKUClKUCowZkM0Nv+PBi2ZBFhAKw5rIItWHSQaTX3lxk9ua5aBnRHjupBUI0Zu8xD+ULuib8cCzH4eEScqyKFZUeYLFGF1JJCa0N6T9UBKMTxZOII+xdNUaR/MEZFHLOpY6lENHZABCLkjw3kTNz0RLG13H3flBA0NT62cwb1HcHhsb3NL2S1Emv2gwRSTCUmY/43ZAHuMsVD+2GN5SS/tm4uR5jALDsetliL78h50CsBz9kifjeHMsjceCkv5ER5kfZi90V44zyjmRqhuAYIOmfKqOJjUsQbjP8AAOhT1d4wmvAJTGOIAkP8J/2Y5QPFGGOL/qdwpLkWZ8bmg/inLUMSbjvclOckRb1NGWNZYEy0TvMirh2aoildNEJLGbYPhTkvkHM5HGEeGEOCsnAsRYiYwRWEzYP6ROZg6OICikHFZbFdDcQM+gak4eGBNraD0f0tBYUtelmKkbs3aW4lIEPBNwTPLjaU1AA4n4sxTFhrBkXY1QBG0JyT1H4iw6Aw3HQdFh91iOow8u61j4dHG4SKuqhJubxcj560L+eDqBGyOfemxLYS6AiDivE8WY8Z85fQZj/GkfwZCaLEDASWEcOw6GjsZRYklOQpn3Hw8+ktLHwU2sgknkA4EolioXMDK00aCImHYyj5kenJa2Bg4lbaomByWte6FhooQj7uSXteBO5RZ1IWW8w2FVq3qyF2pNfFXc1kT2wIuKe3qt6LOvTaWXVXG5ftcdCbXZ4X7tmW0K49wFjWKuALjpB8QQEEuxAqLHQOhWNAuKxVyKlzc1M64lcB4FZWJoWECxoYmNrVPKhHccVDczNSG8p1pm5Hasxgkb3pmG/kB3K/iK2n6CimncbKjJcda4q28c3pbDweX5vhXhIwmSbfo+KlZVj7MRzBchOA01ynnhHUg2x+3IMdFCNmVFIOMOLm3JUznyqwnWWPpQl3Nc/nxfgrlxD8n4N5f4+3MhcPc7Yyj+QJRfMJSIE4G4xgZk/Pd9kfbUDZlzSfNvMgGFTrW2OVsEWNHOEre2uS9t4ONhRwl3t8fUfKfn+3WPmg5g1A/f59k8Q//B3EvkY7tFBdKtTX0j+9c0xxMifgkUa7N022n72tdp1JeCVPcsMW+totJL2jWp0LdShbpU3rybUnR30ui2gV8FilJe1obS3bKrU99I9+q6av7fbS393d+Cg0wa9d3HFyWpsKvRfV9kfd16qwogSzaZUl5h0Oa23a2Os50WhWmurntEz6E6lNp4O1nSsdkirS369NtQmsOvDW2aPIir19MZvY89F0/R9+RVnLQS4xm9pzda8+EafK723q+TuJXriaBY1UWUihfesZ7bVt60hSakuhUtuWtz3EHXoSJta5SiRaFCjVp4WbOpYsSJdNzXp4qFNizw13dH1sZvac3WvPhGnyu9t6vw7g/wBR8Wef7an+aDh9QYodvX2BMHfJ/jR9y4VWLXf2vXLWPUw6NCRQp0qcCZfs3r1nUl020FvTuhbKajgrV8FCmxe1p9d6xaQ6dKG0tVcFS1Nr1ptCLQsWJMpW3r7AmDvk/wAaPuXCqxe7+Hs6zZ5AZd+aZslUGgDXpz7WCxQi9Ga207qZpcHfXxz+xA/hTt1xrtXtPYekAAiu19LU7OTWn497UJrLWn+jf1fRXOCS4r7q2aF7ii8xivT22n/+Gg21PP8AYb/9QdHNBm2xm9pzda8+EafK723q+TuJXriaBY1UWUihfesZ7bVt60hSakuhUtuWtz3EHXoSJta5SiRaFCjVp4WbOpYsSJdNzXp4qFNizw13dH1sZvac3WvPhGnyu9t6vw7g/wBR8Wef7an+aDh9QYodvX2BMHfJ/jR9y4VWLXf2vXLWPUw6NCRQp0qcCZfs3r1nUl020FvTuhbKajgrV8FCmxe1p9d6xaQ6dKG0tVcFS1Nr1ptCLQsWJMpW3r7AmDvk/wAaPuXCqxe7+Hs6zZ5AZd+aZslUGgDW3V6OssUI9rP0mHu7S4OvesEGZHf7hca7fLU9/HXcA7V2W80cm3tG9H9HT3m23d/dNXaaO6Nqr+C52eorW316OP7rP0m7yAt3w65+0G+NOd65q3RMN0/FIo0WbWA+47e0LtWpLxSqLl/Ibaz0XUlnRoU61ulQi0prN5TqUI7CXXbXpOCNSrvaF1pFMCojzr7zrDHyH7k3xBbVFS4oNTXaevXL8EvWu6kUItWkJ26LPCyp1JddzXbTbKu18nsq9PFGpV2eCdfZtaFyTTru6FWhKps6FyZEt0qEdiZGRn80QD5/tsT5juK9Q/2p/qNeP7A7bvyS9repgZGfzRAPn+2xPmO4r0HlA1vw+hAOS1rS7oChCPu5Je1qMJLOpCy3mGwqtW9VvLzXxV3NZE9sCLint6reizr02ll1VxuX7XHQm12eF+7Z0Hq3+PQZv60P9Cf/ABb0G31tP+6z21PIDhv8Osc03YPdZ7lfkBzI+HWRqbT/ALrPbU8gOG/w6xzTdg91nuV+QHMj4dZGoJ/UpSggDhv7RW7B5/o5+VntqVP6oA4b+0Vuwef6OflZ7alT+oIwZgwGVZKQjqjUFkEfi02apfxomoONyyP3GVBVtKsZslYkySHm8lAGeQ4ndyUfJHeJ0gw8pWuRhFxTtzypXoXXQpSWrN60HhzumfnkYA/q1Miv82Cp/UoIA+HO6Z+eRgD+rUyK/wA2CrgRcFZ8tB2xOE1ZLYgSBGSfmfUojF2D8zw+du/as7hYZuRSKWbhE4j473AgutTm58wi4o5uzonBiS8kWuaYiaJfUoMIc9RcdueZEoYdsrF28Qbh8gYzZnSUVO7mzuPagmKyEEizPmMnsM4uDSiOYAkuMsfdtnEgpiUosaHgo/CHznIupTN0QRpI0Qx/CCYBqZCnDDckRzwpICEp2ytmLMPbz1ys9llgkKp2mSSopc5EmaWpXUOLyTvi0gl/FzHrbTy5DUqB5cLEbOOYEww9IUjzHKwMT24pz+EubmGAXMibHQxy7xgE8g1hAJiaSCSWfYpYpkVFR7YZlQKNJowdCxKbXyA0TEY8oE2a0x6nEjsPrNeZ0yy26IdV+T9Brx57I5Cw1FcmB6J8iMn3V3krZi3dMijw6kfIGTDkqU5D4zt2JaGJpljFG5P1sJxdIGNTkHLjxqEMQQ7H+JeDiQj9pBHLe0RfEjWByfbI7iIO3qZRkE8kCQAuQJlxAxNsY7ixFk7NYiCTqdxu/bgTXkCIx1BCyVGyJZs8E4lc4lkMujptj8uZ4KeJIsT5bHQuQJlfj8xyfSxKIJB0WSXNUovvS8ZQ/H5lKMikvLHh76dBI/HXIsLn3kw63u5A78oH2lwcOWMTU5vC/u/dWxvWrbthNdr+g1ZNsycJykibsMtRRN8QasgyMfcHncFilt3ScwcvZ9uOKnGqRHSSxOWtswtx+s477aJAL5a6oycjxSwvkOCuOpoN28LwIlU25bZYrPr/APpCjbAXhTi0UTNLWMCV3Gsn8dOAti3mMeBYxBuQ4q45oYfa5dKLqUqtvikPIIiCW7WwyBkO3RlNzdEuH0z5bARPEb20TrxJBLYcqwGSvgV4dDnrFfV/4/4n9P8A9Mfr19aaG/Vc/oN/rr2mfCP/AH3+J3/MP+T/AKmoMIedL3gMRbAc1upxBmIGOUZXYAy6S4oRc/NEMNkKWspm2PskGyPJBwdcHcXBh898aSBGbTRiFMUbA4VIs4xFIDLMbGHi606dmJBf/eMljAacdnnKWUTiS8QJgjIogDJT1UJFKzKGJABCLKZkg6bx2PPV5Lndydx93n9pIGg2Ygzw2cFEioHhsKWxj7JaidrFrM4WFgqBCpKdHRKPhYSFj7yWGJiWPLcOComKjjcpeCElJSF4Uo2hiH2JoRq3R5eXRYlbmtuSqVy5TYTWLt3TQE1ZCQFjWKt51kXOEQQEEuxAlE2sxmqSwuKxVyKlzc6vCEabyE6emJoWECxoYnx0SsydZccVDczOq6ym1pm5ZdshjhzXn3HGRA7CbIiOtwzECBB8Cn8+myE8mZiaks3Ybye8MMFT/iicxQqlIVyCx8jK3IFxFkGXPweK2MgUB2/LokkFYOgxePxjK6gOm9hvNRVkLjwHyqYt4/ad3YglIbSE4YlcUEey+KxxLRzGoLkZFiB0dSRSgiDJ0JER7IeIUFo0kduRRnJwqmZ5VlVotIZGJ6gPssMWYpiwKnOUclYAjaE5J6c8OpiPpkjoOiw+6xHVhgI9FSCREbcJFXVQk3OBQOcid1/PB1Ase2zvTYlvqtF3xMsFT0VGjoFJR80CTQfZiwOMRN5biMVLBUjbkzwPEo0Qs6lY0Po++tCxI6Mzy1rFTc6NypMuQqb6a/au6gqCsIfpDbJFjztZ5GXZRnOP4b5HH8vPcdDkru47ojrISU7GO01oxGDHIKIigO8SZAVd/cJVxyaGJ6vkUd5TRTB+QDYLn3g3fASfN5VgMsPAr1WclfWj9mbwAmT1iv6Y/UV4dEfi59Xn8oH1f9Qf0G/jj/4Z/wBddyoMcOMZJtukuBs0XpKxz24ceML26X7DbL+sHXwOYbZEzlX0IfcRuWo2mZ/iqEYpnUfSlLjHMOPh4TxYJOIxlHERtCiC2+OMSsRO9xhxnzSwejvaC2kpqJ5QgCQDKC4/xYheGlr1kkJxlFkYZw3cACMBLQfICZND4sBYV6CgU5mdwlVqlBqKCxhHb11LGcOSlkY5wjGBjsd1T4mWCp6KjR0Cko+aBJoPsxYHGIm8txGKlgqRtyZ4HiUaIWdSsaH0ffWhYkdGZ5a1ipudG5UmXIVN9NftXdQYIyV7xxkfDeapt0bgeIAwQZBZ/Yw5KyhksAvaXJrBTHPI7F5diIfRnCRqfDEgxQibI/4Rlh3CMVEckzLLMAKpfmGR0ZEJMMQEE9QxjSy5HsEcjirJKPZLeyEviCY2iPJfWRwC5O46tDiw48ZSCumM4vkJXJ0NM66SpvTIR8ENpCMcai/SzznLjcolqBJGWXSAWd1LpFsf3/LMhICAozJZpOpwiALhwLIHkTMZZLJLCxyMxMqHJCUxIQjRKePD0jFmIgYpWRq4yeWZ0dUri1yElUha5NYJLF1t01BF0sRZOIIxSjCslx/MEZFHM+mpFi4yHZABCLkjw4DrzyIuE3J3H3flBA0OrE58vcFHcHhscGxV2S1EpsWgr+teP0hRtgLwpxaKJmlrGBK7jWT+OnAWxbzGPAsYg3IcVcc0MPtculF1KVW3xSHkERBLdrYZAyHboym5uiXD6Z8tgIniN7aJ14kglsOVYDJXwK8Ohz1ivq/8f8T+n/6Y/Xr600N+q5/Qb/XXtM+Ef++/xO/5h/yf9TUGEPOl7wGItgOa3U4gzEDHKMrsAZdJcUIufmiGGyFLWUzbH2SDZHkg4OuDuLgw+e+NJAjNpoxCmKNgcKkWcYikBlmNjDxdadOzEgyOz5mJiQljOPshAXL/AAhi52kAfkAMxyzgmpsZJfxgsNyWQo84zTFiCZBqYoQCVxAdqY9SaEsQteTISVGhBEDqeIRSQGjG8/bRyfxYWCoEKkp0dEo+FhIWPvJYYmJY8tw4KiYqONyl4ISUlIXhSjaGIfYmhGrdHl5dFiVua25KpXLlNhNYu3dNQUGuI3koINYn4WykS5hQBhkWhuf24DlnHGQmU0cPBXiDkO8SVJOecaEBMEvWqcMcRITj/KISy/ecrsMo8U5NGp25QBZbVAmY5TiUYydOCvM5hvNRVkLjwHyqYt4/ad3YglIbSE4YlcUEey+KxxLRzGoLkZFiB0dSRSgiDJ0JER7IeIUFo0kduRRnJwqmZ5VlVotIZGJ6gPssMWYpiwKnOUclYAjaE5J6c8OpiPpkjoOiw+6xHVhgI9FSCREbcJFXVQk3OBQOcid1/PB1Ase2zvTYlvqtF3xMsFT0VGjoFJR80CTQfZiwOMRN5biMVLBUjbkzwPEo0Qs6lY0Po++tCxI6Mzy1rFTc6NypMuQqb6a/au6gqCog56MkWEWJ8rNU1TnH+OUZXehlRLKMvu462Qpa5bJIc5s0fTy3lhQDD57AE0kCNqhed4dcDgK8cYikAzhxKYC606TPqCX1KDWk2IiTDB223VLO7Y54QxqEsWEOMfHMedolXxScwHOAqsgcqSn4vmhJ6mKoqaEGT8YtDTIBjmDjxKdqRm6Dwuc4/IXqXDVNMT3pabv7fskM8i7dE9QxtWy9iAtlqMsv82m8JExCTwRECQvCkm7oWTjyDubQmjaP56ZYn6nxmtEZPiO+kcCSbES54RARGvi6TYlRPg065fcT/Ar1WcavVc9mbwAhv1df6Y/UV4dDnhH9Yf8AKB9X/T/9Of44/wDib/XXfauBfliLEwIXSipkuP08ZR/4i9eSLfMh20CBPg+8EQ7LXVxdcctI+N+FxAIFjFIvOXBF0S8C5E2EvLFrI5WEwa4cLReYskC77OM83gkAYfY5yNIBjFckzXHc9Trls8Q/KeQ221gRHr5KcgJDjGaGCCU4/wCn5Fu5M5O5dTLLIWRIjtwlQsnXVwDWo2ycUZXcEMsSrIoqmoQVzbjBl2ExsPxISD2W+GY44i0Bv5VJDjLTYY453my7P+VDRcl+D2iNAWTDpehm7g43wvJWKU7pFQSmSM5dJ8n4MywxZyg6o9WnJWAMh+h+Sda+BkyR1LXR/U3N+nOqOgSMg6f6g6ffuSc27pzXkjv3DvHLVnY3fGiwVNG5S8BxKPljQjICwTVug08tz63JSoCKnkFOhpSua1KpNYIAs2HCEOLGa7d0uI4VMTyPPCZG7ta5HYCpLf5fs/fXZXXb/L9n767KDp1/jcfs/ZwrjXLX+Nx+z9nCuNApSlApSlApSlApSlAqAMje9Mw38gO5X8RW0/U/qgDI3vTMN/IDuV/EVtP0Fq9vj6j5T8/26x80HMGoH7/PsniH/wCDuJfIx3aKnht8fUfKfn+3WPmg5g1A/f59k8Q//B3EvkY7tFBdKtT30j36rpq/t9tLf3d34K2wq1PfSPfqumr+320t/d3fgoNMGvX0xm9jz0XT9H35FWcteQXXr6Yzex56Lp+j78irOWglxjN7Tm6158I0+V3tvV+HcH+o+LPP9tT/ADQcPq/djN7Tm6158I0+V3tvV+HcH+o+LPP9tT/NBw+oMUO3r7AmDvk/xo+5cKrF7v4ezrNnkBl35pmyVWULb19gTB3yf40fcuFVi938PZ1mzyAy780zZKoNAGvT22n/APhoNtTz/Yb/APUHRzXmE16e20//AMNBtqef7Df/AKg6OaDNtjN7Tm6158I0+V3tvV+HcH+o+LPP9tT/ADQcPq/djN7Tm6158I0+V3tvV+HcH+o+LPP9tT/NBw+oMUO3r7AmDvk/xo+5cKrF7v4ezrNnkBl35pmyVWULb19gTB3yf40fcuFVi938PZ1mzyAy780zZKoNAGtvr0cf3WfpN3kBbvh1z9rUFrb69HH91n6Td5AW74dc/aDfOnX3nWGPkP3JviC2qKlxUR51951hj5D9yb4gtqipcUGp7tT/AFGvH9gdt35Je1vUwMjP5ogHz/bYnzHcV6h/tT/Ua8f2B23fkl7W9TAyM/miAfP9tifMdxXoPKBrf49Bm/rQ/wBCf/FvWgPW/wAegzf1of6E/wDi3oNvraf91ntqeQHDf4dY5puwe6z3K/IDmR8OsjU2n/dZ7ankBw3+HWOabsHus9yvyA5kfDrI1BP6lKUGOG/jBmeBTdlDJWOmUuMAWE5Ny+JTU6BE1YUytNBUJlQ5jVj/AI2rm9AfgueePrQ5j7m0Y+sZOlSqI5SuLW4v7qgvOrqmsI72moPDndM/PIwB/VqZFf5sFT+pQQB8Od0z88jAH9WpkV/mwU8Od0z88jAH9WpkV/mwVP6lBAHw53TPzyMAf1amRX+bBVwIuCs+Wg7YnCaslsQJAjJPzPqURi7B+Z4fO3ftWdwsM3IpFLNwicR8d7gQXWpzc+YRcUc3Z0TgxJeSLXNMRNEvqUGvHJjJPsjEu9xCTXFA+Q4nzFk+GxnkfJoAZGhnluHxnJW11t1g06cYIxObIe1jcqEDNDjsudxYgRz24SEzva10fAXFPKExBhHHLIGMOYWTkklc/wCVy0DyVgARLVfho57YpYV7sOWGPDwZAhpiDAh/E0o487buMEDzHFu6TH7vlYXy1dC3ByYZleMpzttKcQ7jESiUbjAbZ2GyXNzDALmRNjoY5d4wCeQawgExNJBJLPsUsUyKio9sMyoFGk0YOhYlNr5AaJiMeUCbNaY9TiR2H1mvM6ZZbdEOq/J+g1ZN2A6hF4i/edFspcgpfFJwFIglVgwZxyDco8lYmcZMgJRt1xGZWzdkw9gWTBFjydiBBlGSZQcJhnGQ4ilELYBWPpXFZqO2+D8enxmjrabpSgVrx+kKNsBeFOLRRM0tYwJXcayfx04C2LeYx4FjEG5Dirjmhh9rl0oupSq2+KQ8giIJbtbDIGQ7dGU3N0S4fTPlsBE8RvbROvEkEthyrAZK+BXh0OesV9X/AI/4n9P/ANMfr19aaG/Vc/oN/rr2mfCP/ff4nf8AMP8Ak/6moMIedL3gMRbAc1upxBmIGOUZXYAy6S4oRc/NEMNkKWspm2PskGyPJBwdcHcXBh898aSBGbTRiFMUbA4VIs4xFIDLMbGHi606dmJBkdnzMTEhLGcfZCAuX+EMXO0gD8gBmOWcE1NjJL+MFhuSyFHnGaYsQTINTFCASuIDtTHqTQliFryZCSo0IIgdTxCKSA0Y3n7aOT+LCwVAhUlOjolHwsJCx95LDExLHluHBUTFRxuUvBCSkpC8KUbQxD7E0I1bo8vLosStzW3JVK5cpsJrF27pFhYKgQqSnR0Sj4WEhY+8lhiYljy3DgqJio43KXghJSUheFKNoYh9iaEat0eXl0WJW5rbkqlcuU2E1i7d0hrSCEj+DTXhpO/j7AGJvVP4aL/bSy2ZupMKJI9YLcbiWZ/5NhXxqxo7j68vTnrb4Lf7WR70jiKAn43/ALYXfPWbC8vu2P8A/XxFaXv/AH3rOf8ANaR+sEX/AHA6WvE3NfISQfH2I0v+l8tgDIfqXxzx1ZuqJN5JBUhR40eNU59y8YjiT81ZCQFjWKt51kXOEQQEEuxAlE2sxmqSwuKxVyKlzc6vCEabyE6emJoWECxoYnx0SsydZccVDczOq6ym1pm5Zds1+Jlgqeio0dApKPmgSaD7MWBxiJvLcRipYKkbcmeB4lGiFnUrGh9H31oWJHRmeWtYqbnRuVJlyFTfTX7V3UFQVhD9IbZIsedrPIy7KM5x/DfI4/l57jocld3HdEdZCSnYx2mtGIwY5BREUB3iTICrv7hKuOTQxPV8ijvKaKYPyAbBc+8G74CT5vKsBlh4Feqzkr60fszeAEyesV/TH6ivDoj8XPq8/lA+r/qD+g38cf8Awz/rruVBjhxjJNt0lwNmi9JWOe3Djxhe3S/YbZf1g6+BzDbImcq+hD7iNy1G0zP8VQjFM6j6UpcY5hx8PCeLBJxGMo4iNoUQW3xxiViJ3u0GGpXKeSOzBt1COA0nQBJLmJwBiNDWViRHlARQ6RDI6HYpi96VoRHJ6g2LMiy3H6f9JasjUdNdfGOkEphcWER9fjkthObFUWzAEZ/KtAS5CQEFw2myLMZwiATx8WD4mWJJ2JZLC2KG1Qqe32ZKCkqaT3R6ShN8fNFJGPJxN5tPmpuI776zWWdSsuOiHTfDWkhNylOGcT8cHYsDcQMH4yxy3fdw/wAJZyTSWRSfifi7zCSd3yKTz1jItconwpHxmAGAgME2JOM/TWRcUdayTLsEnrz0ItZreKcqZfdscj6/Q5nyp19H83+KOX6Ej9ZWDkfKcZ8j+QYb4fxt19jcw9ay9yOPwjoP1fjhH4/Tz3vISFpreutRHmvgjE0/ouliLJxBGKUYVkuP5gjIo5n01IsXGQ7IAIRckeHAdeeRFwm5O4+78oIGh1YnPl7go7g8Njg2KuyWolNi198TLBU9FRo6BSUfNAk0H2YsDjETeW4jFSwVI25M8DxKNELOpWND6PvrQsSOjM8taxU3OjcqTLkKm+mv2ruoKgrXj9IUbYC8KcWiiZpaxgSu41k/jpwFsW8xjwLGINyHFXHNDD7XLpRdSlVt8Uh5BEQS3a2GQMh26Mpubolw+mfLYCJ4je2ideJIJbDlWAyV8CvDoc9Yr6v/AB/xP6f/AKY/Xr600N+q5/Qb/XXtM+Ef++/xO/5h/wAn/U1BhDzpe8BiLYDmt1OIMxAxyjK7AGXSXFCLn5ohhshS1lM2x9kg2R5IODrg7i4MPnvjSQIzaaMQpijYHCpFnGIpAZZjYw8XWnTsxIJ/ZKqJTzQBISfcM1+IGXWGZn4kqp0H3jKwijgEyB6deGEaCI+ty3DGO+Ww/I0AcCBvlZvyQh2y2B/ig8DQTFx0YEEGrsg4KlvI6WFgqBCpKdHRKPhYSFj7yWGJiWPLcOComKjjcpeCElJSF4Uo2hiH2JoRq3R5eXRYlbmtuSqVy5TYTWLt3TQE1ZCQFjWKt51kXOEQQEEuxAlE2sxmqSwuKxVyKlzc6vCEabyE6emJoWECxoYnx0SsydZccVDczOq6ym1pm5ZdshrSY1SxKcSYs7KkuSjJeIGB/JtsEnieOso8hTIim/Fl3iwrjrbPJhGNJIHyJywG6Fy/nnw6cJDAw1iyKOR0DjrHWdkTY25AdUXzmAc3m2P/APXxFaXv/fes5/zWkfrBF/3A6WvE3NfISQfH2I0v+l8tgDIfqXxzx1ZuqJN5JBUhR40eNU59y8Yji/59lhizFMWBU5yjkrAEbQnJPTnh1MR9MkdB0WH3WI6sMBHoqQSIjbhIq6qEm5wKBzkTuv54OoFj22d6bEt9Vou+Jlgqeio0dApKPmgSaD7MWBxiJvLcRipYKkbcmeB4lGiFnUrGh9H31oWJHRmeWtYqbnRuVJlyFTfTX7V3UFQVEHPRkiwixPlZqmqc4/xyjK70MqJZRl93HWyFLXLZJDnNmj6eW8sKAYfPYAmkgRtULzvDrgcBXjjEUgGcOJTAXWnSZ9QS+pQa0mxESYYO226pZ3bHPCGNQliwhxj45jztEq+KTmA5wFVkDlSU/F80JPUxVFTQgyfjFoaZAMcwceJTtSM3QeFznH5C9S4appie9LTUGLhtg9Muz7nljLF2SEAAsQaZA3UYTJXyDLgnKIdihCmVmcuaATBUrlEbRI8WkUfwA2RkUN8pMhU+rACImiCht3kxzORCIBggOGHN5if4FeqzjV6rnszeAEN+rr/TH6ivDoc8I/rD/lA+r/p/+nP8cf8AxN/rrvtXAvyxFiYELpRUyXH6eMo/8RevJFvmQ7aBAnwfeCIdlrq4uuOWkfG/C4gECxikXnLgi6JeBcibCXli1kcrCYMcONGWIrkUK5aCE/zbhDl3i5G0QCpJIOW8FjjcLYYP4rJDdNbZOWOcothpP+VEeXSCD48jQckybF73N3BuvRTkrHScvioJY0iEuk+n9lqWMWS/F2QIuxgkuACgfh/L/cA7COoFMo6e2eLoskDcRy9IoC7ERj1yUogmPzaMkyF9h/6De2DpICJ0jmF99H7Vm/pn8A5YYsytFhrOcXZKwBJMJxt1H4izEAzJHRjFgD0cOozAu61kEdI3ESFelRJxbygj567oORjq9G9ufdWxVYVa6ghXISAslBVwOsdJwiCfQlpIFQm6GMKyWFyoKtpUhbmp4XDTgQgr0+tCMgRtD6xuipmULLbinbnlqXXk2hM4o7t4Lx2/y/Z++uyuu3+X7P312UHTr/G4/Z+zhXGuWv8AG4/Z+zhXGgUpSgUpSgVGDMhmht/x4MWzIIsIBWHNZBFqw6SDSa+8uMntzXLQM6I8d1IKhGjN3mIfyhd0TfjgWY/DwiTlWRQrKjzBYowupJITWhvSfqgJRieLJxBH2LpqjSP5gjIo5Z1LHUoho7IAIRckeG8iZueiJY2u4+78oIGhqfWzmDeo7g8Nje5peyWok1+0GKGM4gm7GGM8o50w2wUH8flMnD+PoVCm3OLWsahCwJFQfIR0xzHl8fiMWTfH2J7hL5WHSygc3SJhPI9ncZhhvEKCBEpytjs2kayEY144gYmkW0Cbh8KnMCZfjo/Ie77tiMsyyHlVI2LMhqpAQzi8bJ8Rzrj/ADOig/ImS0Tt6wUZHJs8v8VRtHFrDdsxxkPjATHajwfQWsdRfY7gzE/FnF/qj1acaoAx4645J1r4GQ3HUS9YdM836c6o6BHB/qDp/qB+5JzbvfKudu/cO78yWdtcBzieLHtnlEdeY0j93H5x5h41MTmGjq9nmDm4IxRc6+KLYqbbqKQOZxkLjUdOHVlh376CDrEIqe1H2hvb04QBxXieLMeM+cvoMx/jSP4MhNFiBgJLCOHYdDR2MosSSnIUz7j4efSWlj4KbWQSTyAcCUSxULmBlaaNBETDsZR8yPTktbAwcStrKiREsHZ84gzUXR/P5RGTfiBn3FzwSwZjFkdk106dyBM+3AWBLEUM2N8VysQC3VI/FMiuDI5kTU2M6/pF3S2HDUttW012b0K49wFjWKuALjpB8QQEEuxAqLHQOhWNAuKxVyKlzc1M64lcB4FZWJoWECxoYmNrVPKhHccVDczNSG8p1pm5Has3foMAmHWXwJFcVnw2ewnn8wvT3l/uBSi2IvwXG5Y6d5BJuzxyQmeMH3vDNia4pLPU8anwkScsUX7Twy825OQt7S/oHJqRxL3e5yt5RY9jgPBWPGfxyUoEmZ1pW1/gytxUZ7LXLG1LuHY1gGnvphi4Pt1zn81znFgX/DaV6+DV1T1G9cW0TZCJ9aNq+lBrG+sY0f8AIHP79WJuOf8AxXrXt3ropyMy4ApQZce8Ms/pBcyIv28HRmTfg+c2RTviGC2bdoSSnf7Y3gQaTp+llGTUIW+yVXbF5762+mOW3fQNl2pg9ISlB4hv4J/dM/8ALUz+/wDRvkV/7c16O8GZENYdjbsLgJHAGfzcW4XeD3rLNP4MXcbWeG3Su0/lXjS/f6egxYVNhj3CbJJCgr+IKwq71zrqNH3gSbnZ+QbPdKDAdBmYYAHTruBmRHCmfzcNzfloDybF7l+C33LVnU4Qz4GYTQu4vfc0GJipey93kuIpDGuWkKVpd73T3OLCC6wOzG6uX5cxcvgSVIrARsChPP5+emTL/b9lFzRfguNyxr7sCQjnjjfM8nvveHnE1uSXumI1AS0k5Ynv3Xh65Tyceb3Z/XtrUsz90oNP3DeTnaKsQ8VovPsa8/mE6jfG+DgE0Y/waW4U6cmLA+MRceI2nmbLjG4s7jy54bliPvzS4Lm1X2PeEKxUluWr+uBu7ozTBk/DEoicGYj5/HBAR4gSNFzM3/g686xrvh2/Z87W81NLF3owx4H0SfvcZY5zKS8zVKbDPY6O5MpcLJAQirU+b+lKDxDfwT+6Z/5amf3/AKN8iv8A25re529zcng7Y4wfw9lHGPP4XyMh/L/GmUZFjv8ABsbgb306CR/vFhWVJc+9XDuNDuCu/KIFaXA75YxE7m8L+79LtjetMrtgdu7nNKDAdBmYYAHTruBmRHCmfzcNzfloDybF7l+C33LVnU4Qz4GYTQu4vfc0GJipey93kuIpDGuWkKVpd73T3OLCC6wOzG6uX5cxcvgSVIrARsChPP5+emTL/b9lFzRfguNyxr7sCQjnjjfM8nvveHnE1uSXumI1AS0k5Ynv3Xh65Tyceb3Z/XtrUsz90oNP3DeTnaKsQ8VovPsa8/mE6jfG+DgE0Y/waW4U6cmLA+MRceI2nmbLjG4s7jy54bliPvzS4Lm1X2PeEKxUluWr+uBu7ozTBk/DEoicGYj5/HBAR4gSNFzM3/g686xrvh2/Z87W81NLF3owx4H0SfvcZY5zKS8zVKbDPY6O5MpcLJAQirU+b+lKDxDfwT+6Z/5amf3/AKN8iv8A25rY72VYTycxJwG304VyDwqz+j+Tcx8QEcXY3jX4P7NIr8Rju1DGXwncYuchMEEg+IfRIJRBG/mZ46i7Px573rS4cUTY8KW/0t6UGCOWMzI6Js68ZJkZIYz+WxvHuJebsZGBH+C13ME3KDeXph2/iqO2Tk6vEpO/OHULDCMnr+ZNbWtaGnpjur4vbFj0PJ3aRX4QeD/+Vmf36qfdB/8Ah/WVKlBpObfpKaQjFTkNyhi7n8MPSgQwma7SL8G5n89fTXRFtcYE45yHY7yPY2OyTT09MsLSYHdrqv6bLt011Cx3HMVeWB8dZITTMV8tbohsD+OWfzhdF8v8E5RfdH4M7cQSdxBIazVgGW5JffpLcX02lV03HoSTkHLEepQ8PHLOVMLe6Pa1vbVe2nSg8Q38E/umf+Wpn9/6N8iv/bmtvr0UxkmHbY9fP11cR8/oX8aPVd8NP/46865F6k8OvWJ6y+qfHg75PyfrsV/n/lXMOa/6q793Fy7nv8UoIQ7ZYmVAW27t9Ap0NEAWbBeEOKAmYhxYzOI4VCZUOQOBM5CNEo88JkbuxEDE7o1bW8szojSuLW4pVKFcmsKbF21pu/lhBnrQYs5K409UdD+sPAEyQZ1ryTqbo/xajojAeqOnObj/AFB0/wBQc25Jz5k5r3TuHN23vHfLN/6UEAfDndM/PIwB/VqZFf5sFPDndM/PIwB/VqZFf5sFT+pQQB8Od0z88jAH9WpkV/mwU8Od0z88jAH9WpkV/mwVP6lBAHw53TPzyMAf1amRX+bBTw53TPzyMAf1amRX+bBU/qUEAfDndM/PIwB/VqZFf5sFXAi4Kz5aDticJqyWxAkCMk/M+pRGLsH5nh87d+1Z3CwzcikUs3CJxHx3uBBdanNz5hFxRzdnRODEl5Itc0xE0S+pQa8cmMk+yMS73EJNcUD5DifMWT4bGeR8mgBkaGeW4fGclbXW3WDTpxgjE5sh7WNyoQM0OOy53FiBHPbhITO9rXR8BcU8oTEGEccsgaAywySjN617hEi6MzCAeywHh9AWbNkYgGashRq3ZHirvgbAErY1EsEYlR5LwxEm4CPyrnEVzMIizyTw/kE3TuVN7pjg4qTkOA2qMR7ZbpQYI5wlILHty1lFi+fh+dyRdL+PbWF41wfuZz7COVOPrcQtUaN6EWetsCDXZninLOIBkpXPeZOQk7z+WspU0YpSFJaAjADuHMcI+YDyIA1OE5PuYqlhdJviALyjsbjxYG2o/Jd0nMFVkOsxIHM5HkWZ2RNshB2PxZjppHz3b1a0OkTmFWmSsiOJSNm3ITqVwt8sEMxMW03SgVrx+kKNsBeFOLRRM0tYwJXcayfx04C2LeYx4FjEG5Dirjmhh9rl0oupSq2+KQ8giIJbtbDIGQ7dGU3N0S4fTPlsBE8RvbROvEkEthyqAkuLgSYB1tE5FYuoh9pkCJ5Rb2/mbw0d3O4OlMNmqLn3vTE4Ni270vJsfiJLyy+pus73yjkxE3u4+vc2paGAPOl7wGItgOa3U4gzEDHKMrsAZdJcUIufmiGGyFLWUzbH2SDZHkg4OuDuLgw+e+NJAjNpoxCmKNgcKkWcYikBlmNjDxdadOzEgv8A7xksYDTjs85SyicSXiBMEZFEAZKeqhIpWZQxIAIRZTMkHTeOx56vJc7uTuPu8/tJA0GzEGeGzgokVA8NhS2MfZLUTtYtZvKUGILKbcHwejJ4xgyOCJdxAkWWpYj/ACUjrFyYJRzQE4FxPWxEhO4JcMqr77keksSbH63uUgRlBwg2DoJGs0TWtkm03tDAIjEStWSMoxlL/BJkixnxnF1kOznH+SokdyBP0xO83RO7jrxFh3Kc5ZCSlMs5qo01i5QdtjPH7PNp3II4Gh6o+kIiBB1nbQowkE7LWB7LXiX1KBWEP0htkix52s8jLsoznH8N8jj+XnuOhyV3cd0R1kJKdjHaa0YjBjkFERQHeJMgKu/uEq45NDE9XyKO8popg/IBsFz7wbvgJPm8qgJYi4EnGLJLhWUWLqiMpgj8yi6RRrmbwydRAkgDrkJlzFzkdcGggaObj7s4N/M2J1bHhB3jvTY4IltqwptBihxjJNt0lwNmi9JWOe3Djxhe3S/YbZf1g6+BzDbImcq+hD7iNy1G0zP8VQjFM6j6UpcY5hx8PCeLBJxGMo4iNoUQW3xxiViJ3uMOM+aWD0d7QW0lNRPKEASAZQXH+LELw0teskhOMosjDOG7gARgJaD5ATJofFgLCvQUCnMzuEqtUoNRQWMI7eupYzhyUsjHOEYwMdjulBiCht6wGkLFnLCeslMgMAchITyLn8clDL518VYYmTBSM5TZo6xqhyNoY64PbtwSfOgRKKcc7PU8npBgikyYXHxgYYzhdskQFhePbgbMEsRZK21ngT4XSXH8k+G2IGLcTyL0CZDpj0DKYdjrFvV0aGvTrk49KyAK8xb+ow197gRMff0fM21L3qx9PJ7SgVrx+kKNsBeFOLRRM0tYwJXcayfx04C2LeYx4FjEG5Dirjmhh9rl0oupSq2+KQ8giIJbtbDIGQ7dGU3N0S4fTPlsBE8RvbROvEkEthyqAkuLgSYB1tE5FYuoh9pkCJ5Rb2/mbw0d3O4OlMNmqLn3vTE4Ni270vJsfiJLyy+pus73yjkxE3u4+vc2paGAPOl7wGItgOa3U4gzEDHKMrsAZdJcUIufmiGGyFLWUzbH2SDZHkg4OuDuLgw+e+NJAjNpoxCmKNgcKkWcYikBlmNjDxdadOzEgl9lNuD4PRk8YwZHBEu4gSLLUsR/kpHWLkwSjmgJwLietiJCdwS4ZVX33I9JYk2P1vcpAjKDhBsHQSNZomtbJNpvaGARGIlaskZRjLL7SgwBqslMHsKY6xVkkRyFxAnqepr9f99hjImS8tRPF3DcmSz/AJTBeS24I4NsyJ3CcQ0dj9BkZdjoJieLh1jyhyOYFyUNB77m8goxlHkIH5PsEmSLGfGcXWQ7Ocf5KiR3IE/TE7zdE7uOvEWHcpzlkJKUyzmqjTWLlB22M8fs82ncgjgaHqj6QiIEHWdtCjCQTstYHsteJfUoFRBz0ZIsIsT5WapqnOP8coyu9DKiWUZfdx1shS1y2SQ5zZo+nlvLCgGHz2AJpIEbVC87w64HAV44xFIBnDiUwF1p0mfUEvqUGtJsREmGDttuqWd2xzwhjUJYsIcY+OY87RKvik5gOcBVZA5UlPxfNCT1MVRU0IMn4xaGmQDHMHHiU7UjN0Hhc5x+QvUuGqaYnvS01BiRk7tlh22LNClbIkAGMAYnZ/ZBSKkjGBZUjBrZ42VKt5Wa5H28rFnSKyAER/EMfnkgMcNvMPkUnlkbY4qgSykJT4uZ4AQGJAgz+RPFwJB0WRpCsXMXS8ZQ/H4bF0dDXM3h76dBI/HW0TEWLnJE4O5A78oH2lvb+Zvrq5vC/u/enNwWrbt9Tdr+gwBpclMHjKOsqs+slchcQJpWjvqAMR7E2FWWonOMWQkqxpymNJNwOb3+eF7hBdm9IEm5cyk/FDrKM2t2NOOLKO2hWPpJbEEZQtM2QEqy/wAB5PizJKU8g8oGjIzECX5sMI/x+h2QYvwqyUHcoIsgqLIgIshieHUr/JiVhCy0ukCSC2ZZzK3Uwe4xiAd4jtkViwXj51c4gMJnmHJ7Sg7Lf5fs/fXZXXb/AC/Z++uyg6df43H7P2cK41y1/jcfs/ZwrjQKUpQKUpQKUpQKUpQKUpQRBzVZB1zixgdpHnOQIThMSkBqe5qRxO7ymJSnNg65jpUFRxBkaH0BFAlkOJSAW5DlsKvwa0QEvc5TmwiEm3GlmFy1smx5HHPHDYYJa0tWL0Kvpvk+F4uZc7jxaJxYKnE45DimYLXh8ObaeQE7so1JM+ux3YzKjogO8yseX/IZjZiSbUs5CcGmQTjpL6aMmOxIGKoFldyDxjiLKBnA2aWkkgfyYSBplGPSCLprmvH87DzvoQ7jG8+sUjwFIUZSAi77H8mngm5tlsl5O6s5M4JnJvV//Q1WaA9RiALsWeELnfn8kH00geKI6YGWYeXxtOsfneod6OvvsT5MF06PeRkP99DVD6GOTZF0piDO5hxtJYo4N6kflGRW4oDGD30x8WfUd8XJ/wDAD8L76rn8PrFTr46+BX4D78Id0N62/iH62ntafx96m8busejv5CuoPAD+S6rgNrWlRDGZsSSTlDP8f4p4gZ/BISpR2JcyONcjpNiKQNvzFmUhPG8RyaGpKvZwusgGGcOUDGex1bCZFkCa5NVN47hcDs71FsgM0Zop/eoljP4WeEvS8gcs8QPFjxJ8fshPWY8U+nehfEv1vvFL1rPEDwt/kQ6y8ZuovV7/ANnrmXgn/EKqfeduzFZ9j0TjlcwS/YTBcvqZ9Z5EZsqsrRzIdZMiqMyWFLshFmUw9NbXksekGmFix0htNeOpYI7COJUo1GiSxYCQsOYmIGCI1IQ7Hsl339TL9iHCaX1hLiYKZFFkmG+Q4ZjwqjOL2/immUhm55LJw0kB7ODXNk0CAnNhsRy1GcSyhHMXH7NDxIFr8fYim9VoIVg8LgIVcA4FepffWhyIFRKoVzVkJPuShVbcVjc1Nd5M3nWRclyobNI/oTMyO6lE2shRiqFxvOrwhZk7u+vi5xu/QQBzmZI6ueFxRO05z+EQm3dbC9uDMXHfKYVnWdp1JukXuNXcGd8HihjysPPCGLQjIV3JoMA2Q0DiMOKiCc5IZG5sxuayhhiCLR3NZxJOFOI2T8gT+OiRNAG5RkGqDwfJ2XYwmtkZ4sywxFGcKQOY8k8cpUGpSkeQIHxTyaXRRNGnXOcpgktS6kdZKNDvIAtHQeaVGR2fMPoRyUKo+OpK0y+0m0Wj8gCYQYwrkvkrjMVNorKjjHjwfjTgQ42y3E7uSj5K7xPHLoqZidY8tydxEWpcgTJFOi9dvfAIsGIAKgSOgN5vz/r8KerrAPJjfmHl8x5HNzOfPFggNhFzysY50bsmSqPyp6bhpyfY6LJafARxVAMXXFI7r8KY24CoYwYSWmOSZ/jTi/K8uT+piVq/Di/w8QHIqdYXlN99QXc+hnEDFXrXIKGJDj+f5A8P4AkAqFCPrmTiHxiIlyOU5s8RZaYmA5a7vxuKFU4Yaa3k2dM3p1twBk/nvCohDWM+Uzjj9MkoisI7gEzYzwi4GOQiiecZpJkAghOCY4sNriqlHK5ubpbsLTCR5oap1yDSxmUMM3yLBLGciBI6j+2LyAGIoq6u6NNIkn7ISEprteI7xYKZX6lyGh6Ugaej3xpOkbbJ869eSQS+OMuso/L0tdZSaPshWgEWCWM5ECR1H9sXkAMRRV1d0aaRJP2QkJTXa8R3iwUyv1LkND0pA09HvjSdI22T5168kgl8cZdZR+Xpa6yk0fZCtAFP7dhYVGOKzAuMSUgJXdhl/KqOklgzeXEpkIBFYnytmuLgWE5UNnRS7qZGl/H8JDx6DZelG0aSw3ShJkeFcgs86T20EiGaDub1UBF0XAkLgjFG0bMXT4kP8zvpk19zeCB4dXggeHAlLC4uLCVweC07kA7LXh8NpFkU2fCA7kU7ICI5OCIgLSB5eV1f0GMLNUYjq9KbA5zJKGX5v1dH7UMY1Yd4VSZlNC0pvEijJEVKJklB/J8T5niHnkfm/XmNUXOsmZYPoXizicRNIq4Eczxd6yJGsdLPxzEUtT3PmjHTNmbJfJTbHLbh27zgydMYMlMh8ThUpyfmw0zXBcopJ1rsWC7Gx3PR89d8bI9UBbHIDHxYI8bmpdejkJjlScHyN+m/MWDEATjKaqai6/P4vJrhH4fFzwSwZmHl9jL1ECR+RSCWBLEUM2N86RSPlPSxBK0iuDI5kTU5vCDq53S2HDSiu201ofYMQBI/RSl7vz+wkANH45FyU8i/MPL6FpTMwQO75cD2KZ5ah2dAWTZ/6SWvBQ8jDnOZZIjwPkR7JhK0OCMgk+QXIlDGDhqtMdw/wM9aCXJ/cOX7QW1JlHx8DMip1xA5tOuX/re+sEclHqgSHBXWPWPgVGPJBkr5yHRpyV38LB8K61OepIwZU7ieSrntFR2u0v8Ak/G8rSVsxCOYMk5pQ1irNxzYJZkOsZCJ+aY3jmToHhQugnGIgXySNqjrIqYpPdIrsQRDZCIJIJam8plLjkLiBndPsEsZz7orsBeQIh8Po/HInGfVXn7ITDbs4sCO+eHkaPnqmSlC3V0fxdzYi8Jg0u54OxT1gdeHTaM9eGPPLvlkBQ2aQGS4tvEej6PHwsiB5gJ0ikTs3wIVSw2+hamO10ejScFvjikLH7ASqujbNZDlTFfHG7Sm0D19ruI0lywFQRdJY7MAIxSKJtsgNA+Rcz5e3yjE8pwcdp+UPDgxKuexdNQbH8mi/arWxTfbOpRFo52z3W8iZu/j7u1Oa2v6UoKAlgdOy+LJLE4ukXwfk0oj8yHY6lrpFnkDwuO3sdcm0RkXoMivph826JIFLeS9IvqlOzknLOTOd+0iW37mnBEeGb/DcB5zZSbfsp5P6sfId24c0DPTK2S8vZP5Fisp5UiYWOyJinKeJajOgrmFSbxBF4SMy6SFUvRSla8Usjm6c4U1iJXk5cAiS3Aed2WIuBJxiyS4VlFi6ojKYI/MoukUa5m8MnUQJIA65CZcxc5HXBoIGjm4+7ODfzNidWx4Qd4702OCJbasKbVgAHBiAI/61TdvP8oj8jR+RxccgeS2YeX2W0WFAIX9ztkzE7RLlHOkwRko52iRcmXufSel4ujrg/DXMOA+SEDa5hjBzKWmO3h45+q/Lk/t/MNoLdbyj4eOeRU65f8AKZ1xA9UL1fTkX9b+Q516O6O8dZO52MinJg6S+dNHimPmvRQN03L8AjtLjDnzCUKxhIE/vEZTfiBmLKMiDU55O5HZS97O8f5nwOE4rfRd5ydlSXyCOOSj+RkvN722Ru6iTOedQtCqQG8oWgsfqRe/4DgljOA9a9uLyBL3iDH5HE5N61E/ZCZk9pFhv3PxDjRj9bOUpp6Rj+UeUjviyGiPIx2VujwXxFbSboMO5GAcEsZwHrXtxeQJe8QY/I4nJvWon7ITMntIsN+5+IcaMfrZylNPSMfyjykd8WQ0R5GOyt0eC+IraTdBh3IwgDtXsDxEfgrEuUAHn9GWczriA3OZ0pyxzjO8rIsn54i3wOGsqJRiITY83crIgBemJfP4xuJ3ArA4LO1I7LKRtixiWi9mWWYUzeVGCFcPoRgQqcDoM0y+VGy0fVCaQxnzJfJXKcqFhV0cWp4IhqPiHJuW5dd4zHzN3HRJ0kBmj1YMN0huILHi44TECmPQm6wyfoFKUoFKUoFKUoFKUoFKUoFKUoFKUoFKUoFKUoFKUoFKUoFKUoFKUoFKUoFKUoFKUoFKUoFKUoFKUoOy3+X7P312V12/y/Z++uyg/9k=" data-filename="image (1).jpg" style="width: 602px;"><p><br></p>', 4, NULL, NULL);
INSERT INTO `scenario` (`id`, `summary`, `instruction`, `content`, `usage_count`, `insert_time`, `last_updated_time`) VALUES
(4, '', 'Answer following questions.', '<p><span style="color: rgb(0, 0, 0); font-family: verdana, ''Times New Roman'', Times, serif; line-height: normal; text-align: justify;">There are six companies, 1 through 6. All of these companies use six operations, A through F. The following graph shows the distribution of efforts put in by each company in these operations.&nbsp;</span></p><p><img src="http://www.mbarendezvous.com/cat2013img/comquestions.jpg" style="line-height: 1.42857143; width: 568px;"><br></p><p><br></p>', 17, NULL, NULL),
(5, NULL, 'Answer the questions based on the pie charts given below:', '<p style="text-align: center; "><span style="color: rgb(0, 0, 0); font-family: verdana, ''Times New Roman'', Times, serif; line-height: normal; text-align: justify;"><br></span></p><img src="http://www.mbarendezvous.com/cat2013img/piechart.jpg" style="width: 672px;"><p><span style="color: rgb(0, 0, 0); font-family: verdana, ''Times New Roman'', Times, serif; line-height: normal; text-align: justify;"><br></span></p><p><span style="color: rgb(0, 0, 0); font-family: verdana, ''Times New Roman'', Times, serif; line-height: normal; text-align: justify;">Chart-1 shows the distribution by value of top 6 suppliers of MFA Textiles in 1995. Chart-2 shows the distribution by quantity of top 6 suppliers of MFA textiles in 1995. The total value is 5760 million Euros (the European currency). The total quantity is 1.055 million tonnes.&nbsp;</span><br></p>', 17, NULL, NULL),
(6, 'DI barchart question', 'Refer to the following Bar-chart and answer the questions that follow:', '<p><img src="http://cat.wordpandit.com/wp-content/uploads/2013/08/di-set-1-question.png" style="line-height: 1.42857143; width: 732px;"><br></p><p><br></p>', 16, NULL, NULL),
(7, NULL, 'The table below shows the estimated cost (in Rs. Lakh) of a project of laying a railway line between two places.', '<p><br></p><img src="http://cat.wordpandit.com/wp-content/uploads/2013/08/di-set-2-question.png" style="width: 808px;"><p><br></p>', 13, NULL, NULL),
(10, 'abc', 'xyz', 'as,duiyncvdfyv', 1000, '2014-10-05 17:02:09', '2014-10-05 17:02:09');
INSERT INTO `scenario` (`id`, `summary`, `instruction`, `content`, `usage_count`, `insert_time`, `last_updated_time`) VALUES
(11, 'c++ question', 'please answer questions based on following code:', '<div class="line number1 index0 alt2" style="line-height: 14.2560005187988px; font-family: Consolas, ''Bitstream Vera Sans Mono'', ''Courier New'', Courier, monospace; font-size: 13px; color: rgb(0, 0, 0); border-top-left-radius: 0px !important; border-top-right-radius: 0px !important; border-bottom-right-radius: 0px !important; border-bottom-left-radius: 0px !important; border: 0px !important; bottom: auto !important; float: none !important; height: auto !important; left: auto !important; margin: 0px !important; outline: 0px !important; overflow: visible !important; padding: 0px 1em 0px 0em !important; position: static !important; right: auto !important; top: auto !important; vertical-align: baseline !important; width: auto !important; box-sizing: content-box !important; direction: ltr !important; -webkit-box-shadow: none !important; box-shadow: none !important; white-space: pre !important; background-image: none !important; background-attachment: initial !important; background-size: initial !important; background-origin: initial !important; background-clip: initial !important; background-position: initial !important; background-repeat: initial !important;"><code class="cpp preprocessor" style="font-size: 1em !important; border-top-left-radius: 0px !important; border-top-right-radius: 0px !important; border-bottom-right-radius: 0px !important; border-bottom-left-radius: 0px !important; border: 0px !important; bottom: auto !important; float: none !important; height: auto !important; left: auto !important; line-height: 1.1em !important; margin: 0px !important; outline: 0px !important; overflow: visible !important; padding: 0px !important; position: static !important; right: auto !important; top: auto !important; vertical-align: baseline !important; width: auto !important; box-sizing: content-box !important; font-family: Consolas, ''Bitstream Vera Sans Mono'', ''Courier New'', Courier, monospace !important; direction: ltr !important; -webkit-box-shadow: none !important; box-shadow: none !important; display: inline !important; color: gray !important; background: none !important;">#include &lt;iostream&gt;</code></div><div class="line number2 index1 alt1" style="line-height: 14.2560005187988px; font-family: Consolas, ''Bitstream Vera Sans Mono'', ''Courier New'', Courier, monospace; font-size: 13px; color: rgb(0, 0, 0); border-top-left-radius: 0px !important; border-top-right-radius: 0px !important; border-bottom-right-radius: 0px !important; border-bottom-left-radius: 0px !important; border: 0px !important; bottom: auto !important; float: none !important; height: auto !important; left: auto !important; margin: 0px !important; outline: 0px !important; overflow: visible !important; padding: 0px 1em 0px 0em !important; position: static !important; right: auto !important; top: auto !important; vertical-align: baseline !important; width: auto !important; box-sizing: content-box !important; direction: ltr !important; -webkit-box-shadow: none !important; box-shadow: none !important; white-space: pre !important; background-image: none !important; background-attachment: initial !important; background-size: initial !important; background-origin: initial !important; background-clip: initial !important; background-position: initial !important; background-repeat: initial !important;"><code class="cpp keyword bold" style="font-size: 1em !important; border-top-left-radius: 0px !important; border-top-right-radius: 0px !important; border-bottom-right-radius: 0px !important; border-bottom-left-radius: 0px !important; border: 0px !important; bottom: auto !important; float: none !important; height: auto !important; left: auto !important; line-height: 1.1em !important; margin: 0px !important; outline: 0px !important; overflow: visible !important; padding: 0px !important; position: static !important; right: auto !important; top: auto !important; vertical-align: baseline !important; width: auto !important; box-sizing: content-box !important; font-family: Consolas, ''Bitstream Vera Sans Mono'', ''Courier New'', Courier, monospace !important; font-weight: bold !important; direction: ltr !important; -webkit-box-shadow: none !important; box-shadow: none !important; display: inline !important; color: rgb(0, 102, 153) !important; background: none !important;">using</code> <code class="cpp keyword bold" style="font-size: 1em !important; border-top-left-radius: 0px !important; border-top-right-radius: 0px !important; border-bottom-right-radius: 0px !important; border-bottom-left-radius: 0px !important; border: 0px !important; bottom: auto !important; float: none !important; height: auto !important; left: auto !important; line-height: 1.1em !important; margin: 0px !important; outline: 0px !important; overflow: visible !important; padding: 0px !important; position: static !important; right: auto !important; top: auto !important; vertical-align: baseline !important; width: auto !important; box-sizing: content-box !important; font-family: Consolas, ''Bitstream Vera Sans Mono'', ''Courier New'', Courier, monospace !important; font-weight: bold !important; direction: ltr !important; -webkit-box-shadow: none !important; box-shadow: none !important; display: inline !important; color: rgb(0, 102, 153) !important; background: none !important;">namespace</code> <code class="cpp plain" style="font-size: 1em !important; border-top-left-radius: 0px !important; border-top-right-radius: 0px !important; border-bottom-right-radius: 0px !important; border-bottom-left-radius: 0px !important; border: 0px !important; bottom: auto !important; float: none !important; height: auto !important; left: auto !important; line-height: 1.1em !important; margin: 0px !important; outline: 0px !important; overflow: visible !important; padding: 0px !important; position: static !important; right: auto !important; top: auto !important; vertical-align: baseline !important; width: auto !important; box-sizing: content-box !important; font-family: Consolas, ''Bitstream Vera Sans Mono'', ''Courier New'', Courier, monospace !important; direction: ltr !important; -webkit-box-shadow: none !important; box-shadow: none !important; display: inline !important; color: black !important; background: none !important;">std;</code></div><div class="line number3 index2 alt2" style="line-height: 14.2560005187988px; font-family: Consolas, ''Bitstream Vera Sans Mono'', ''Courier New'', Courier, monospace; font-size: 13px; color: rgb(0, 0, 0); border-top-left-radius: 0px !important; border-top-right-radius: 0px !important; border-bottom-right-radius: 0px !important; border-bottom-left-radius: 0px !important; border: 0px !important; bottom: auto !important; float: none !important; height: auto !important; left: auto !important; margin: 0px !important; outline: 0px !important; overflow: visible !important; padding: 0px 1em 0px 0em !important; position: static !important; right: auto !important; top: auto !important; vertical-align: baseline !important; width: auto !important; box-sizing: content-box !important; direction: ltr !important; -webkit-box-shadow: none !important; box-shadow: none !important; white-space: pre !important; background-image: none !important; background-attachment: initial !important; background-size: initial !important; background-origin: initial !important; background-clip: initial !important; background-position: initial !important; background-repeat: initial !important;">&nbsp;</div><div class="line number4 index3 alt1" style="line-height: 14.2560005187988px; font-family: Consolas, ''Bitstream Vera Sans Mono'', ''Courier New'', Courier, monospace; font-size: 13px; color: rgb(0, 0, 0); border-top-left-radius: 0px !important; border-top-right-radius: 0px !important; border-bottom-right-radius: 0px !important; border-bottom-left-radius: 0px !important; border: 0px !important; bottom: auto !important; float: none !important; height: auto !important; left: auto !important; margin: 0px !important; outline: 0px !important; overflow: visible !important; padding: 0px 1em 0px 0em !important; position: static !important; right: auto !important; top: auto !important; vertical-align: baseline !important; width: auto !important; box-sizing: content-box !important; direction: ltr !important; -webkit-box-shadow: none !important; box-shadow: none !important; white-space: pre !important; background-image: none !important; background-attachment: initial !important; background-size: initial !important; background-origin: initial !important; background-clip: initial !important; background-position: initial !important; background-repeat: initial !important;"><code class="cpp keyword bold" style="font-size: 1em !important; border-top-left-radius: 0px !important; border-top-right-radius: 0px !important; border-bottom-right-radius: 0px !important; border-bottom-left-radius: 0px !important; border: 0px !important; bottom: auto !important; float: none !important; height: auto !important; left: auto !important; line-height: 1.1em !important; margin: 0px !important; outline: 0px !important; overflow: visible !important; padding: 0px !important; position: static !important; right: auto !important; top: auto !important; vertical-align: baseline !important; width: auto !important; box-sizing: content-box !important; font-family: Consolas, ''Bitstream Vera Sans Mono'', ''Courier New'', Courier, monospace !important; font-weight: bold !important; direction: ltr !important; -webkit-box-shadow: none !important; box-shadow: none !important; display: inline !important; color: rgb(0, 102, 153) !important; background: none !important;">class</code> <code class="cpp plain" style="font-size: 1em !important; border-top-left-radius: 0px !important; border-top-right-radius: 0px !important; border-bottom-right-radius: 0px !important; border-bottom-left-radius: 0px !important; border: 0px !important; bottom: auto !important; float: none !important; height: auto !important; left: auto !important; line-height: 1.1em !important; margin: 0px !important; outline: 0px !important; overflow: visible !important; padding: 0px !important; position: static !important; right: auto !important; top: auto !important; vertical-align: baseline !important; width: auto !important; box-sizing: content-box !important; font-family: Consolas, ''Bitstream Vera Sans Mono'', ''Courier New'', Courier, monospace !important; direction: ltr !important; -webkit-box-shadow: none !important; box-shadow: none !important; display: inline !important; color: black !important; background: none !important;">Test</code></div><div class="line number5 index4 alt2" style="line-height: 14.2560005187988px; font-family: Consolas, ''Bitstream Vera Sans Mono'', ''Courier New'', Courier, monospace; font-size: 13px; color: rgb(0, 0, 0); border-top-left-radius: 0px !important; border-top-right-radius: 0px !important; border-bottom-right-radius: 0px !important; border-bottom-left-radius: 0px !important; border: 0px !important; bottom: auto !important; float: none !important; height: auto !important; left: auto !important; margin: 0px !important; outline: 0px !important; overflow: visible !important; padding: 0px 1em 0px 0em !important; position: static !important; right: auto !important; top: auto !important; vertical-align: baseline !important; width: auto !important; box-sizing: content-box !important; direction: ltr !important; -webkit-box-shadow: none !important; box-shadow: none !important; white-space: pre !important; background-image: none !important; background-attachment: initial !important; background-size: initial !important; background-origin: initial !important; background-clip: initial !important; background-position: initial !important; background-repeat: initial !important;"><code class="cpp plain" style="font-size: 1em !important; border-top-left-radius: 0px !important; border-top-right-radius: 0px !important; border-bottom-right-radius: 0px !important; border-bottom-left-radius: 0px !important; border: 0px !important; bottom: auto !important; float: none !important; height: auto !important; left: auto !important; line-height: 1.1em !important; margin: 0px !important; outline: 0px !important; overflow: visible !important; padding: 0px !important; position: static !important; right: auto !important; top: auto !important; vertical-align: baseline !important; width: auto !important; box-sizing: content-box !important; font-family: Consolas, ''Bitstream Vera Sans Mono'', ''Courier New'', Courier, monospace !important; direction: ltr !important; -webkit-box-shadow: none !important; box-shadow: none !important; display: inline !important; color: black !important; background: none !important;">{</code></div><div class="line number6 index5 alt1" style="line-height: 14.2560005187988px; font-family: Consolas, ''Bitstream Vera Sans Mono'', ''Courier New'', Courier, monospace; font-size: 13px; color: rgb(0, 0, 0); border-top-left-radius: 0px !important; border-top-right-radius: 0px !important; border-bottom-right-radius: 0px !important; border-bottom-left-radius: 0px !important; border: 0px !important; bottom: auto !important; float: none !important; height: auto !important; left: auto !important; margin: 0px !important; outline: 0px !important; overflow: visible !important; padding: 0px 1em 0px 0em !important; position: static !important; right: auto !important; top: auto !important; vertical-align: baseline !important; width: auto !important; box-sizing: content-box !important; direction: ltr !important; -webkit-box-shadow: none !important; box-shadow: none !important; white-space: pre !important; background-image: none !important; background-attachment: initial !important; background-size: initial !important; background-origin: initial !important; background-clip: initial !important; background-position: initial !important; background-repeat: initial !important;"><code class="cpp keyword bold" style="font-size: 1em !important; border-top-left-radius: 0px !important; border-top-right-radius: 0px !important; border-bottom-right-radius: 0px !important; border-bottom-left-radius: 0px !important; border: 0px !important; bottom: auto !important; float: none !important; height: auto !important; left: auto !important; line-height: 1.1em !important; margin: 0px !important; outline: 0px !important; overflow: visible !important; padding: 0px !important; position: static !important; right: auto !important; top: auto !important; vertical-align: baseline !important; width: auto !important; box-sizing: content-box !important; font-family: Consolas, ''Bitstream Vera Sans Mono'', ''Courier New'', Courier, monospace !important; font-weight: bold !important; direction: ltr !important; -webkit-box-shadow: none !important; box-shadow: none !important; display: inline !important; color: rgb(0, 102, 153) !important; background: none !important;">public</code><code class="cpp plain" style="font-size: 1em !important; border-top-left-radius: 0px !important; border-top-right-radius: 0px !important; border-bottom-right-radius: 0px !important; border-bottom-left-radius: 0px !important; border: 0px !important; bottom: auto !important; float: none !important; height: auto !important; left: auto !important; line-height: 1.1em !important; margin: 0px !important; outline: 0px !important; overflow: visible !important; padding: 0px !important; position: static !important; right: auto !important; top: auto !important; vertical-align: baseline !important; width: auto !important; box-sizing: content-box !important; font-family: Consolas, ''Bitstream Vera Sans Mono'', ''Courier New'', Courier, monospace !important; direction: ltr !important; -webkit-box-shadow: none !important; box-shadow: none !important; display: inline !important; color: black !important; background: none !important;">:</code></div><div class="line number7 index6 alt2" style="line-height: 14.2560005187988px; font-family: Consolas, ''Bitstream Vera Sans Mono'', ''Courier New'', Courier, monospace; font-size: 13px; color: rgb(0, 0, 0); border-top-left-radius: 0px !important; border-top-right-radius: 0px !important; border-bottom-right-radius: 0px !important; border-bottom-left-radius: 0px !important; border: 0px !important; bottom: auto !important; float: none !important; height: auto !important; left: auto !important; margin: 0px !important; outline: 0px !important; overflow: visible !important; padding: 0px 1em 0px 0em !important; position: static !important; right: auto !important; top: auto !important; vertical-align: baseline !important; width: auto !important; box-sizing: content-box !important; direction: ltr !important; -webkit-box-shadow: none !important; box-shadow: none !important; white-space: pre !important; background-image: none !important; background-attachment: initial !important; background-size: initial !important; background-origin: initial !important; background-clip: initial !important; background-position: initial !important; background-repeat: initial !important;"><code class="cpp spaces" style="font-size: 1em !important; border-top-left-radius: 0px !important; border-top-right-radius: 0px !important; border-bottom-right-radius: 0px !important; border-bottom-left-radius: 0px !important; border: 0px !important; bottom: auto !important; float: none !important; height: auto !important; left: auto !important; line-height: 1.1em !important; margin: 0px !important; outline: 0px !important; overflow: visible !important; padding: 0px !important; position: static !important; right: auto !important; top: auto !important; vertical-align: baseline !important; width: auto !important; box-sizing: content-box !important; font-family: Consolas, ''Bitstream Vera Sans Mono'', ''Courier New'', Courier, monospace !important; direction: ltr !important; -webkit-box-shadow: none !important; box-shadow: none !important; display: inline !important; background: none !important;">&nbsp;&nbsp;&nbsp;&nbsp;</code><code class="cpp plain" style="font-size: 1em !important; border-top-left-radius: 0px !important; border-top-right-radius: 0px !important; border-bottom-right-radius: 0px !important; border-bottom-left-radius: 0px !important; border: 0px !important; bottom: auto !important; float: none !important; height: auto !important; left: auto !important; line-height: 1.1em !important; margin: 0px !important; outline: 0px !important; overflow: visible !important; padding: 0px !important; position: static !important; right: auto !important; top: auto !important; vertical-align: baseline !important; width: auto !important; box-sizing: content-box !important; font-family: Consolas, ''Bitstream Vera Sans Mono'', ''Courier New'', Courier, monospace !important; direction: ltr !important; -webkit-box-shadow: none !important; box-shadow: none !important; display: inline !important; color: black !important; background: none !important;">Test()&nbsp; { cout &lt;&lt; </code><code class="cpp string" style="font-size: 1em !important; border-top-left-radius: 0px !important; border-top-right-radius: 0px !important; border-bottom-right-radius: 0px !important; border-bottom-left-radius: 0px !important; border: 0px !important; bottom: auto !important; float: none !important; height: auto !important; left: auto !important; line-height: 1.1em !important; margin: 0px !important; outline: 0px !important; overflow: visible !important; padding: 0px !important; position: static !important; right: auto !important; top: auto !important; vertical-align: baseline !important; width: auto !important; box-sizing: content-box !important; font-family: Consolas, ''Bitstream Vera Sans Mono'', ''Courier New'', Courier, monospace !important; direction: ltr !important; -webkit-box-shadow: none !important; box-shadow: none !important; display: inline !important; color: blue !important; background: none !important;">"Constructor is executed\\n"</code><code class="cpp plain" style="font-size: 1em !important; border-top-left-radius: 0px !important; border-top-right-radius: 0px !important; border-bottom-right-radius: 0px !important; border-bottom-left-radius: 0px !important; border: 0px !important; bottom: auto !important; float: none !important; height: auto !important; left: auto !important; line-height: 1.1em !important; margin: 0px !important; outline: 0px !important; overflow: visible !important; padding: 0px !important; position: static !important; right: auto !important; top: auto !important; vertical-align: baseline !important; width: auto !important; box-sizing: content-box !important; font-family: Consolas, ''Bitstream Vera Sans Mono'', ''Courier New'', Courier, monospace !important; direction: ltr !important; -webkit-box-shadow: none !important; box-shadow: none !important; display: inline !important; color: black !important; background: none !important;">; }</code></div><div class="line number8 index7 alt1" style="line-height: 14.2560005187988px; font-family: Consolas, ''Bitstream Vera Sans Mono'', ''Courier New'', Courier, monospace; font-size: 13px; color: rgb(0, 0, 0); border-top-left-radius: 0px !important; border-top-right-radius: 0px !important; border-bottom-right-radius: 0px !important; border-bottom-left-radius: 0px !important; border: 0px !important; bottom: auto !important; float: none !important; height: auto !important; left: auto !important; margin: 0px !important; outline: 0px !important; overflow: visible !important; padding: 0px 1em 0px 0em !important; position: static !important; right: auto !important; top: auto !important; vertical-align: baseline !important; width: auto !important; box-sizing: content-box !important; direction: ltr !important; -webkit-box-shadow: none !important; box-shadow: none !important; white-space: pre !important; background-image: none !important; background-attachment: initial !important; background-size: initial !important; background-origin: initial !important; background-clip: initial !important; background-position: initial !important; background-repeat: initial !important;"><code class="cpp spaces" style="font-size: 1em !important; border-top-left-radius: 0px !important; border-top-right-radius: 0px !important; border-bottom-right-radius: 0px !important; border-bottom-left-radius: 0px !important; border: 0px !important; bottom: auto !important; float: none !important; height: auto !important; left: auto !important; line-height: 1.1em !important; margin: 0px !important; outline: 0px !important; overflow: visible !important; padding: 0px !important; position: static !important; right: auto !important; top: auto !important; vertical-align: baseline !important; width: auto !important; box-sizing: content-box !important; font-family: Consolas, ''Bitstream Vera Sans Mono'', ''Courier New'', Courier, monospace !important; direction: ltr !important; -webkit-box-shadow: none !important; box-shadow: none !important; display: inline !important; background: none !important;">&nbsp;&nbsp;&nbsp;&nbsp;</code><code class="cpp plain" style="font-size: 1em !important; border-top-left-radius: 0px !important; border-top-right-radius: 0px !important; border-bottom-right-radius: 0px !important; border-bottom-left-radius: 0px !important; border: 0px !important; bottom: auto !important; float: none !important; height: auto !important; left: auto !important; line-height: 1.1em !important; margin: 0px !important; outline: 0px !important; overflow: visible !important; padding: 0px !important; position: static !important; right: auto !important; top: auto !important; vertical-align: baseline !important; width: auto !important; box-sizing: content-box !important; font-family: Consolas, ''Bitstream Vera Sans Mono'', ''Courier New'', Courier, monospace !important; direction: ltr !important; -webkit-box-shadow: none !important; box-shadow: none !important; display: inline !important; color: black !important; background: none !important;">~Test() { cout &lt;&lt; </code><code class="cpp string" style="font-size: 1em !important; border-top-left-radius: 0px !important; border-top-right-radius: 0px !important; border-bottom-right-radius: 0px !important; border-bottom-left-radius: 0px !important; border: 0px !important; bottom: auto !important; float: none !important; height: auto !important; left: auto !important; line-height: 1.1em !important; margin: 0px !important; outline: 0px !important; overflow: visible !important; padding: 0px !important; position: static !important; right: auto !important; top: auto !important; vertical-align: baseline !important; width: auto !important; box-sizing: content-box !important; font-family: Consolas, ''Bitstream Vera Sans Mono'', ''Courier New'', Courier, monospace !important; direction: ltr !important; -webkit-box-shadow: none !important; box-shadow: none !important; display: inline !important; color: blue !important; background: none !important;">"Destructor is executed\\n"</code><code class="cpp plain" style="font-size: 1em !important; border-top-left-radius: 0px !important; border-top-right-radius: 0px !important; border-bottom-right-radius: 0px !important; border-bottom-left-radius: 0px !important; border: 0px !important; bottom: auto !important; float: none !important; height: auto !important; left: auto !important; line-height: 1.1em !important; margin: 0px !important; outline: 0px !important; overflow: visible !important; padding: 0px !important; position: static !important; right: auto !important; top: auto !important; vertical-align: baseline !important; width: auto !important; box-sizing: content-box !important; font-family: Consolas, ''Bitstream Vera Sans Mono'', ''Courier New'', Courier, monospace !important; direction: ltr !important; -webkit-box-shadow: none !important; box-shadow: none !important; display: inline !important; color: black !important; background: none !important;">;&nbsp; }</code></div><div class="line number9 index8 alt2" style="line-height: 14.2560005187988px; font-family: Consolas, ''Bitstream Vera Sans Mono'', ''Courier New'', Courier, monospace; font-size: 13px; color: rgb(0, 0, 0); border-top-left-radius: 0px !important; border-top-right-radius: 0px !important; border-bottom-right-radius: 0px !important; border-bottom-left-radius: 0px !important; border: 0px !important; bottom: auto !important; float: none !important; height: auto !important; left: auto !important; margin: 0px !important; outline: 0px !important; overflow: visible !important; padding: 0px 1em 0px 0em !important; position: static !important; right: auto !important; top: auto !important; vertical-align: baseline !important; width: auto !important; box-sizing: content-box !important; direction: ltr !important; -webkit-box-shadow: none !important; box-shadow: none !important; white-space: pre !important; background-image: none !important; background-attachment: initial !important; background-size: initial !important; background-origin: initial !important; background-clip: initial !important; background-position: initial !important; background-repeat: initial !important;"><code class="cpp spaces" style="font-size: 1em !important; border-top-left-radius: 0px !important; border-top-right-radius: 0px !important; border-bottom-right-radius: 0px !important; border-bottom-left-radius: 0px !important; border: 0px !important; bottom: auto !important; float: none !important; height: auto !important; left: auto !important; line-height: 1.1em !important; margin: 0px !important; outline: 0px !important; overflow: visible !important; padding: 0px !important; position: static !important; right: auto !important; top: auto !important; vertical-align: baseline !important; width: auto !important; box-sizing: content-box !important; font-family: Consolas, ''Bitstream Vera Sans Mono'', ''Courier New'', Courier, monospace !important; direction: ltr !important; -webkit-box-shadow: none !important; box-shadow: none !important; display: inline !important; background: none !important;">&nbsp;&nbsp;&nbsp;&nbsp;</code><code class="cpp keyword bold" style="font-size: 1em !important; border-top-left-radius: 0px !important; border-top-right-radius: 0px !important; border-bottom-right-radius: 0px !important; border-bottom-left-radius: 0px !important; border: 0px !important; bottom: auto !important; float: none !important; height: auto !important; left: auto !important; line-height: 1.1em !important; margin: 0px !important; outline: 0px !important; overflow: visible !important; padding: 0px !important; position: static !important; right: auto !important; top: auto !important; vertical-align: baseline !important; width: auto !important; box-sizing: content-box !important; font-family: Consolas, ''Bitstream Vera Sans Mono'', ''Courier New'', Courier, monospace !important; font-weight: bold !important; direction: ltr !important; -webkit-box-shadow: none !important; box-shadow: none !important; display: inline !important; color: rgb(0, 102, 153) !important; background: none !important;">void</code> <code class="cpp plain" style="font-size: 1em !important; border-top-left-radius: 0px !important; border-top-right-radius: 0px !important; border-bottom-right-radius: 0px !important; border-bottom-left-radius: 0px !important; border: 0px !important; bottom: auto !important; float: none !important; height: auto !important; left: auto !important; line-height: 1.1em !important; margin: 0px !important; outline: 0px !important; overflow: visible !important; padding: 0px !important; position: static !important; right: auto !important; top: auto !important; vertical-align: baseline !important; width: auto !important; box-sizing: content-box !important; font-family: Consolas, ''Bitstream Vera Sans Mono'', ''Courier New'', Courier, monospace !important; direction: ltr !important; -webkit-box-shadow: none !important; box-shadow: none !important; display: inline !important; color: black !important; background: none !important;">show()&nbsp; {&nbsp; Test();&nbsp; </code><code class="cpp keyword bold" style="font-size: 1em !important; border-top-left-radius: 0px !important; border-top-right-radius: 0px !important; border-bottom-right-radius: 0px !important; border-bottom-left-radius: 0px !important; border: 0px !important; bottom: auto !important; float: none !important; height: auto !important; left: auto !important; line-height: 1.1em !important; margin: 0px !important; outline: 0px !important; overflow: visible !important; padding: 0px !important; position: static !important; right: auto !important; top: auto !important; vertical-align: baseline !important; width: auto !important; box-sizing: content-box !important; font-family: Consolas, ''Bitstream Vera Sans Mono'', ''Courier New'', Courier, monospace !important; font-weight: bold !important; direction: ltr !important; -webkit-box-shadow: none !important; box-shadow: none !important; display: inline !important; color: rgb(0, 102, 153) !important; background: none !important;">this</code><code class="cpp plain" style="font-size: 1em !important; border-top-left-radius: 0px !important; border-top-right-radius: 0px !important; border-bottom-right-radius: 0px !important; border-bottom-left-radius: 0px !important; border: 0px !important; bottom: auto !important; float: none !important; height: auto !important; left: auto !important; line-height: 1.1em !important; margin: 0px !important; outline: 0px !important; overflow: visible !important; padding: 0px !important; position: static !important; right: auto !important; top: auto !important; vertical-align: baseline !important; width: auto !important; box-sizing: content-box !important; font-family: Consolas, ''Bitstream Vera Sans Mono'', ''Courier New'', Courier, monospace !important; direction: ltr !important; -webkit-box-shadow: none !important; box-shadow: none !important; display: inline !important; color: black !important; background: none !important;">-&gt;Test::~Test();&nbsp; }</code></div><div class="line number10 index9 alt1" style="line-height: 14.2560005187988px; font-family: Consolas, ''Bitstream Vera Sans Mono'', ''Courier New'', Courier, monospace; font-size: 13px; color: rgb(0, 0, 0); border-top-left-radius: 0px !important; border-top-right-radius: 0px !important; border-bottom-right-radius: 0px !important; border-bottom-left-radius: 0px !important; border: 0px !important; bottom: auto !important; float: none !important; height: auto !important; left: auto !important; margin: 0px !important; outline: 0px !important; overflow: visible !important; padding: 0px 1em 0px 0em !important; position: static !important; right: auto !important; top: auto !important; vertical-align: baseline !important; width: auto !important; box-sizing: content-box !important; direction: ltr !important; -webkit-box-shadow: none !important; box-shadow: none !important; white-space: pre !important; background-image: none !important; background-attachment: initial !important; background-size: initial !important; background-origin: initial !important; background-clip: initial !important; background-position: initial !important; background-repeat: initial !important;"><code class="cpp plain" style="font-size: 1em !important; border-top-left-radius: 0px !important; border-top-right-radius: 0px !important; border-bottom-right-radius: 0px !important; border-bottom-left-radius: 0px !important; border: 0px !important; bottom: auto !important; float: none !important; height: auto !important; left: auto !important; line-height: 1.1em !important; margin: 0px !important; outline: 0px !important; overflow: visible !important; padding: 0px !important; position: static !important; right: auto !important; top: auto !important; vertical-align: baseline !important; width: auto !important; box-sizing: content-box !important; font-family: Consolas, ''Bitstream Vera Sans Mono'', ''Courier New'', Courier, monospace !important; direction: ltr !important; -webkit-box-shadow: none !important; box-shadow: none !important; display: inline !important; color: black !important; background: none !important;">};</code></div><div class="line number11 index10 alt2" style="line-height: 14.2560005187988px; font-family: Consolas, ''Bitstream Vera Sans Mono'', ''Courier New'', Courier, monospace; font-size: 13px; color: rgb(0, 0, 0); border-top-left-radius: 0px !important; border-top-right-radius: 0px !important; border-bottom-right-radius: 0px !important; border-bottom-left-radius: 0px !important; border: 0px !important; bottom: auto !important; float: none !important; height: auto !important; left: auto !important; margin: 0px !important; outline: 0px !important; overflow: visible !important; padding: 0px 1em 0px 0em !important; position: static !important; right: auto !important; top: auto !important; vertical-align: baseline !important; width: auto !important; box-sizing: content-box !important; direction: ltr !important; -webkit-box-shadow: none !important; box-shadow: none !important; white-space: pre !important; background-image: none !important; background-attachment: initial !important; background-size: initial !important; background-origin: initial !important; background-clip: initial !important; background-position: initial !important; background-repeat: initial !important;">&nbsp;</div><div class="line number12 index11 alt1" style="line-height: 14.2560005187988px; font-family: Consolas, ''Bitstream Vera Sans Mono'', ''Courier New'', Courier, monospace; font-size: 13px; color: rgb(0, 0, 0); border-top-left-radius: 0px !important; border-top-right-radius: 0px !important; border-bottom-right-radius: 0px !important; border-bottom-left-radius: 0px !important; border: 0px !important; bottom: auto !important; float: none !important; height: auto !important; left: auto !important; margin: 0px !important; outline: 0px !important; overflow: visible !important; padding: 0px 1em 0px 0em !important; position: static !important; right: auto !important; top: auto !important; vertical-align: baseline !important; width: auto !important; box-sizing: content-box !important; direction: ltr !important; -webkit-box-shadow: none !important; box-shadow: none !important; white-space: pre !important; background-image: none !important; background-attachment: initial !important; background-size: initial !important; background-origin: initial !important; background-clip: initial !important; background-position: initial !important; background-repeat: initial !important;"><code class="cpp color1 bold" style="font-size: 1em !important; border-top-left-radius: 0px !important; border-top-right-radius: 0px !important; border-bottom-right-radius: 0px !important; border-bottom-left-radius: 0px !important; border: 0px !important; bottom: auto !important; float: none !important; height: auto !important; left: auto !important; line-height: 1.1em !important; margin: 0px !important; outline: 0px !important; overflow: visible !important; padding: 0px !important; position: static !important; right: auto !important; top: auto !important; vertical-align: baseline !important; width: auto !important; box-sizing: content-box !important; font-family: Consolas, ''Bitstream Vera Sans Mono'', ''Courier New'', Courier, monospace !important; font-weight: bold !important; direction: ltr !important; -webkit-box-shadow: none !important; box-shadow: none !important; display: inline !important; color: gray !important; background: none !important;">int</code> <code class="cpp plain" style="font-size: 1em !important; border-top-left-radius: 0px !important; border-top-right-radius: 0px !important; border-bottom-right-radius: 0px !important; border-bottom-left-radius: 0px !important; border: 0px !important; bottom: auto !important; float: none !important; height: auto !important; left: auto !important; line-height: 1.1em !important; margin: 0px !important; outline: 0px !important; overflow: visible !important; padding: 0px !important; position: static !important; right: auto !important; top: auto !important; vertical-align: baseline !important; width: auto !important; box-sizing: content-box !important; font-family: Consolas, ''Bitstream Vera Sans Mono'', ''Courier New'', Courier, monospace !important; direction: ltr !important; -webkit-box-shadow: none !important; box-shadow: none !important; display: inline !important; color: black !important; background: none !important;">main()</code></div><div class="line number13 index12 alt2" style="line-height: 14.2560005187988px; font-family: Consolas, ''Bitstream Vera Sans Mono'', ''Courier New'', Courier, monospace; font-size: 13px; color: rgb(0, 0, 0); border-top-left-radius: 0px !important; border-top-right-radius: 0px !important; border-bottom-right-radius: 0px !important; border-bottom-left-radius: 0px !important; border: 0px !important; bottom: auto !important; float: none !important; height: auto !important; left: auto !important; margin: 0px !important; outline: 0px !important; overflow: visible !important; padding: 0px 1em 0px 0em !important; position: static !important; right: auto !important; top: auto !important; vertical-align: baseline !important; width: auto !important; box-sizing: content-box !important; direction: ltr !important; -webkit-box-shadow: none !important; box-shadow: none !important; white-space: pre !important; background-image: none !important; background-attachment: initial !important; background-size: initial !important; background-origin: initial !important; background-clip: initial !important; background-position: initial !important; background-repeat: initial !important;"><code class="cpp plain" style="font-size: 1em !important; border-top-left-radius: 0px !important; border-top-right-radius: 0px !important; border-bottom-right-radius: 0px !important; border-bottom-left-radius: 0px !important; border: 0px !important; bottom: auto !important; float: none !important; height: auto !important; left: auto !important; line-height: 1.1em !important; margin: 0px !important; outline: 0px !important; overflow: visible !important; padding: 0px !important; position: static !important; right: auto !important; top: auto !important; vertical-align: baseline !important; width: auto !important; box-sizing: content-box !important; font-family: Consolas, ''Bitstream Vera Sans Mono'', ''Courier New'', Courier, monospace !important; direction: ltr !important; -webkit-box-shadow: none !important; box-shadow: none !important; display: inline !important; color: black !important; background: none !important;">{</code></div><div class="line number14 index13 alt1" style="line-height: 14.2560005187988px; font-family: Consolas, ''Bitstream Vera Sans Mono'', ''Courier New'', Courier, monospace; font-size: 13px; color: rgb(0, 0, 0); border-top-left-radius: 0px !important; border-top-right-radius: 0px !important; border-bottom-right-radius: 0px !important; border-bottom-left-radius: 0px !important; border: 0px !important; bottom: auto !important; float: none !important; height: auto !important; left: auto !important; margin: 0px !important; outline: 0px !important; overflow: visible !important; padding: 0px 1em 0px 0em !important; position: static !important; right: auto !important; top: auto !important; vertical-align: baseline !important; width: auto !important; box-sizing: content-box !important; direction: ltr !important; -webkit-box-shadow: none !important; box-shadow: none !important; white-space: pre !important; background-image: none !important; background-attachment: initial !important; background-size: initial !important; background-origin: initial !important; background-clip: initial !important; background-position: initial !important; background-repeat: initial !important;"><code class="cpp spaces" style="font-size: 1em !important; border-top-left-radius: 0px !important; border-top-right-radius: 0px !important; border-bottom-right-radius: 0px !important; border-bottom-left-radius: 0px !important; border: 0px !important; bottom: auto !important; float: none !important; height: auto !important; left: auto !important; line-height: 1.1em !important; margin: 0px !important; outline: 0px !important; overflow: visible !important; padding: 0px !important; position: static !important; right: auto !important; top: auto !important; vertical-align: baseline !important; width: auto !important; box-sizing: content-box !important; font-family: Consolas, ''Bitstream Vera Sans Mono'', ''Courier New'', Courier, monospace !important; direction: ltr !important; -webkit-box-shadow: none !important; box-shadow: none !important; display: inline !important; background: none !important;">&nbsp;&nbsp;&nbsp;&nbsp;</code><code class="cpp plain" style="font-size: 1em !important; border-top-left-radius: 0px !important; border-top-right-radius: 0px !important; border-bottom-right-radius: 0px !important; border-bottom-left-radius: 0px !important; border: 0px !important; bottom: auto !important; float: none !important; height: auto !important; left: auto !important; line-height: 1.1em !important; margin: 0px !important; outline: 0px !important; overflow: visible !important; padding: 0px !important; position: static !important; right: auto !important; top: auto !important; vertical-align: baseline !important; width: auto !important; box-sizing: content-box !important; font-family: Consolas, ''Bitstream Vera Sans Mono'', ''Courier New'', Courier, monospace !important; direction: ltr !important; -webkit-box-shadow: none !important; box-shadow: none !important; display: inline !important; color: black !important; background: none !important;">Test t;</code></div><div class="line number15 index14 alt2" style="line-height: 14.2560005187988px; font-family: Consolas, ''Bitstream Vera Sans Mono'', ''Courier New'', Courier, monospace; font-size: 13px; color: rgb(0, 0, 0); border-top-left-radius: 0px !important; border-top-right-radius: 0px !important; border-bottom-right-radius: 0px !important; border-bottom-left-radius: 0px !important; border: 0px !important; bottom: auto !important; float: none !important; height: auto !important; left: auto !important; margin: 0px !important; outline: 0px !important; overflow: visible !important; padding: 0px 1em 0px 0em !important; position: static !important; right: auto !important; top: auto !important; vertical-align: baseline !important; width: auto !important; box-sizing: content-box !important; direction: ltr !important; -webkit-box-shadow: none !important; box-shadow: none !important; white-space: pre !important; background-image: none !important; background-attachment: initial !important; background-size: initial !important; background-origin: initial !important; background-clip: initial !important; background-position: initial !important; background-repeat: initial !important;"><code class="cpp spaces" style="font-size: 1em !important; border-top-left-radius: 0px !important; border-top-right-radius: 0px !important; border-bottom-right-radius: 0px !important; border-bottom-left-radius: 0px !important; border: 0px !important; bottom: auto !important; float: none !important; height: auto !important; left: auto !important; line-height: 1.1em !important; margin: 0px !important; outline: 0px !important; overflow: visible !important; padding: 0px !important; position: static !important; right: auto !important; top: auto !important; vertical-align: baseline !important; width: auto !important; box-sizing: content-box !important; font-family: Consolas, ''Bitstream Vera Sans Mono'', ''Courier New'', Courier, monospace !important; direction: ltr !important; -webkit-box-shadow: none !important; box-shadow: none !important; display: inline !important; background: none !important;">&nbsp;&nbsp;&nbsp;&nbsp;</code><code class="cpp plain" style="font-size: 1em !important; border-top-left-radius: 0px !important; border-top-right-radius: 0px !important; border-bottom-right-radius: 0px !important; border-bottom-left-radius: 0px !important; border: 0px !important; bottom: auto !important; float: none !important; height: auto !important; left: auto !important; line-height: 1.1em !important; margin: 0px !important; outline: 0px !important; overflow: visible !important; padding: 0px !important; position: static !important; right: auto !important; top: auto !important; vertical-align: baseline !important; width: auto !important; box-sizing: content-box !important; font-family: Consolas, ''Bitstream Vera Sans Mono'', ''Courier New'', Courier, monospace !important; direction: ltr !important; -webkit-box-shadow: none !important; box-shadow: none !important; display: inline !important; color: black !important; background: none !important;">t.show();</code></div><div class="line number16 index15 alt1" style="line-height: 14.2560005187988px; font-family: Consolas, ''Bitstream Vera Sans Mono'', ''Courier New'', Courier, monospace; font-size: 13px; color: rgb(0, 0, 0); border-top-left-radius: 0px !important; border-top-right-radius: 0px !important; border-bottom-right-radius: 0px !important; border-bottom-left-radius: 0px !important; border: 0px !important; bottom: auto !important; float: none !important; height: auto !important; left: auto !important; margin: 0px !important; outline: 0px !important; overflow: visible !important; padding: 0px 1em 0px 0em !important; position: static !important; right: auto !important; top: auto !important; vertical-align: baseline !important; width: auto !important; box-sizing: content-box !important; direction: ltr !important; -webkit-box-shadow: none !important; box-shadow: none !important; white-space: pre !important; background-image: none !important; background-attachment: initial !important; background-size: initial !important; background-origin: initial !important; background-clip: initial !important; background-position: initial !important; background-repeat: initial !important;"><code class="cpp spaces" style="font-size: 1em !important; border-top-left-radius: 0px !important; border-top-right-radius: 0px !important; border-bottom-right-radius: 0px !important; border-bottom-left-radius: 0px !important; border: 0px !important; bottom: auto !important; float: none !important; height: auto !important; left: auto !important; line-height: 1.1em !important; margin: 0px !important; outline: 0px !important; overflow: visible !important; padding: 0px !important; position: static !important; right: auto !important; top: auto !important; vertical-align: baseline !important; width: auto !important; box-sizing: content-box !important; font-family: Consolas, ''Bitstream Vera Sans Mono'', ''Courier New'', Courier, monospace !important; direction: ltr !important; -webkit-box-shadow: none !important; box-shadow: none !important; display: inline !important; background: none !important;">&nbsp;&nbsp;&nbsp;&nbsp;</code><code class="cpp keyword bold" style="font-size: 1em !important; border-top-left-radius: 0px !important; border-top-right-radius: 0px !important; border-bottom-right-radius: 0px !important; border-bottom-left-radius: 0px !important; border: 0px !important; bottom: auto !important; float: none !important; height: auto !important; left: auto !important; line-height: 1.1em !important; margin: 0px !important; outline: 0px !important; overflow: visible !important; padding: 0px !important; position: static !important; right: auto !important; top: auto !important; vertical-align: baseline !important; width: auto !important; box-sizing: content-box !important; font-family: Consolas, ''Bitstream Vera Sans Mono'', ''Courier New'', Courier, monospace !important; font-weight: bold !important; direction: ltr !important; -webkit-box-shadow: none !important; box-shadow: none !important; display: inline !important; color: rgb(0, 102, 153) !important; background: none !important;">return</code> <code class="cpp plain" style="font-size: 1em !important; border-top-left-radius: 0px !important; border-top-right-radius: 0px !important; border-bottom-right-radius: 0px !important; border-bottom-left-radius: 0px !important; border: 0px !important; bottom: auto !important; float: none !important; height: auto !important; left: auto !important; line-height: 1.1em !important; margin: 0px !important; outline: 0px !important; overflow: visible !important; padding: 0px !important; position: static !important; right: auto !important; top: auto !important; vertical-align: baseline !important; width: auto !important; box-sizing: content-box !important; font-family: Consolas, ''Bitstream Vera Sans Mono'', ''Courier New'', Courier, monospace !important; direction: ltr !important; -webkit-box-shadow: none !important; box-shadow: none !important; display: inline !important; color: black !important; background: none !important;">0;</code></div><div class="line number17 index16 alt2" style="line-height: 14.2560005187988px; font-family: Consolas, ''Bitstream Vera Sans Mono'', ''Courier New'', Courier, monospace; font-size: 13px; color: rgb(0, 0, 0); border-top-left-radius: 0px !important; border-top-right-radius: 0px !important; border-bottom-right-radius: 0px !important; border-bottom-left-radius: 0px !important; border: 0px !important; bottom: auto !important; float: none !important; height: auto !important; left: auto !important; margin: 0px !important; outline: 0px !important; overflow: visible !important; padding: 0px 1em 0px 0em !important; position: static !important; right: auto !important; top: auto !important; vertical-align: baseline !important; width: auto !important; box-sizing: content-box !important; direction: ltr !important; -webkit-box-shadow: none !important; box-shadow: none !important; white-space: pre !important; background-image: none !important; background-attachment: initial !important; background-size: initial !important; background-origin: initial !important; background-clip: initial !important; background-position: initial !important; background-repeat: initial !important;"><code class="cpp plain" style="font-size: 1em !important; border-top-left-radius: 0px !important; border-top-right-radius: 0px !important; border-bottom-right-radius: 0px !important; border-bottom-left-radius: 0px !important; border: 0px !important; bottom: auto !important; float: none !important; height: auto !important; left: auto !important; line-height: 1.1em !important; margin: 0px !important; outline: 0px !important; overflow: visible !important; padding: 0px !important; position: static !important; right: auto !important; top: auto !important; vertical-align: baseline !important; width: auto !important; box-sizing: content-box !important; font-family: Consolas, ''Bitstream Vera Sans Mono'', ''Courier New'', Courier, monospace !important; direction: ltr !important; -webkit-box-shadow: none !important; box-shadow: none !important; display: inline !important; color: black !important; background: none !important;">}</code></div>', 4, '2014-10-06 00:20:53', '2014-10-06 00:20:53');
INSERT INTO `scenario` (`id`, `summary`, `instruction`, `content`, `usage_count`, `insert_time`, `last_updated_time`) VALUES
(12, 'c++ friend class question', 'please answer question based on following code', '<div class="line number1 index0 alt2" style="line-height: 14.2560005187988px; font-family: Consolas, ''Bitstream Vera Sans Mono'', ''Courier New'', Courier, monospace; font-size: 13px; color: rgb(0, 0, 0); border-top-left-radius: 0px !important; border-top-right-radius: 0px !important; border-bottom-right-radius: 0px !important; border-bottom-left-radius: 0px !important; border: 0px !important; bottom: auto !important; float: none !important; height: auto !important; left: auto !important; margin: 0px !important; outline: 0px !important; overflow: visible !important; padding: 0px 1em 0px 0em !important; position: static !important; right: auto !important; top: auto !important; vertical-align: baseline !important; width: auto !important; box-sizing: content-box !important; direction: ltr !important; -webkit-box-shadow: none !important; box-shadow: none !important; white-space: pre !important; background-image: none !important; background-attachment: initial !important; background-size: initial !important; background-origin: initial !important; background-clip: initial !important; background-position: initial !important; background-repeat: initial !important;"><code class="cpp preprocessor" style="font-size: 1em !important; border-top-left-radius: 0px !important; border-top-right-radius: 0px !important; border-bottom-right-radius: 0px !important; border-bottom-left-radius: 0px !important; border: 0px !important; bottom: auto !important; float: none !important; height: auto !important; left: auto !important; line-height: 1.1em !important; margin: 0px !important; outline: 0px !important; overflow: visible !important; padding: 0px !important; position: static !important; right: auto !important; top: auto !important; vertical-align: baseline !important; width: auto !important; box-sizing: content-box !important; font-family: Consolas, ''Bitstream Vera Sans Mono'', ''Courier New'', Courier, monospace !important; direction: ltr !important; -webkit-box-shadow: none !important; box-shadow: none !important; display: inline !important; color: gray !important; background: none !important;">#include &lt;iostream&gt;</code></div><div class="line number2 index1 alt1" style="line-height: 14.2560005187988px; font-family: Consolas, ''Bitstream Vera Sans Mono'', ''Courier New'', Courier, monospace; font-size: 13px; color: rgb(0, 0, 0); border-top-left-radius: 0px !important; border-top-right-radius: 0px !important; border-bottom-right-radius: 0px !important; border-bottom-left-radius: 0px !important; border: 0px !important; bottom: auto !important; float: none !important; height: auto !important; left: auto !important; margin: 0px !important; outline: 0px !important; overflow: visible !important; padding: 0px 1em 0px 0em !important; position: static !important; right: auto !important; top: auto !important; vertical-align: baseline !important; width: auto !important; box-sizing: content-box !important; direction: ltr !important; -webkit-box-shadow: none !important; box-shadow: none !important; white-space: pre !important; background-image: none !important; background-attachment: initial !important; background-size: initial !important; background-origin: initial !important; background-clip: initial !important; background-position: initial !important; background-repeat: initial !important;"><code class="cpp keyword bold" style="font-size: 1em !important; border-top-left-radius: 0px !important; border-top-right-radius: 0px !important; border-bottom-right-radius: 0px !important; border-bottom-left-radius: 0px !important; border: 0px !important; bottom: auto !important; float: none !important; height: auto !important; left: auto !important; line-height: 1.1em !important; margin: 0px !important; outline: 0px !important; overflow: visible !important; padding: 0px !important; position: static !important; right: auto !important; top: auto !important; vertical-align: baseline !important; width: auto !important; box-sizing: content-box !important; font-family: Consolas, ''Bitstream Vera Sans Mono'', ''Courier New'', Courier, monospace !important; font-weight: bold !important; direction: ltr !important; -webkit-box-shadow: none !important; box-shadow: none !important; display: inline !important; color: rgb(0, 102, 153) !important; background: none !important;">class</code> <code class="cpp plain" style="font-size: 1em !important; border-top-left-radius: 0px !important; border-top-right-radius: 0px !important; border-bottom-right-radius: 0px !important; border-bottom-left-radius: 0px !important; border: 0px !important; bottom: auto !important; float: none !important; height: auto !important; left: auto !important; line-height: 1.1em !important; margin: 0px !important; outline: 0px !important; overflow: visible !important; padding: 0px !important; position: static !important; right: auto !important; top: auto !important; vertical-align: baseline !important; width: auto !important; box-sizing: content-box !important; font-family: Consolas, ''Bitstream Vera Sans Mono'', ''Courier New'', Courier, monospace !important; direction: ltr !important; -webkit-box-shadow: none !important; box-shadow: none !important; display: inline !important; color: black !important; background: none !important;">A {</code></div><div class="line number3 index2 alt2" style="line-height: 14.2560005187988px; font-family: Consolas, ''Bitstream Vera Sans Mono'', ''Courier New'', Courier, monospace; font-size: 13px; color: rgb(0, 0, 0); border-top-left-radius: 0px !important; border-top-right-radius: 0px !important; border-bottom-right-radius: 0px !important; border-bottom-left-radius: 0px !important; border: 0px !important; bottom: auto !important; float: none !important; height: auto !important; left: auto !important; margin: 0px !important; outline: 0px !important; overflow: visible !important; padding: 0px 1em 0px 0em !important; position: static !important; right: auto !important; top: auto !important; vertical-align: baseline !important; width: auto !important; box-sizing: content-box !important; direction: ltr !important; -webkit-box-shadow: none !important; box-shadow: none !important; white-space: pre !important; background-image: none !important; background-attachment: initial !important; background-size: initial !important; background-origin: initial !important; background-clip: initial !important; background-position: initial !important; background-repeat: initial !important;"><code class="cpp keyword bold" style="font-size: 1em !important; border-top-left-radius: 0px !important; border-top-right-radius: 0px !important; border-bottom-right-radius: 0px !important; border-bottom-left-radius: 0px !important; border: 0px !important; bottom: auto !important; float: none !important; height: auto !important; left: auto !important; line-height: 1.1em !important; margin: 0px !important; outline: 0px !important; overflow: visible !important; padding: 0px !important; position: static !important; right: auto !important; top: auto !important; vertical-align: baseline !important; width: auto !important; box-sizing: content-box !important; font-family: Consolas, ''Bitstream Vera Sans Mono'', ''Courier New'', Courier, monospace !important; font-weight: bold !important; direction: ltr !important; -webkit-box-shadow: none !important; box-shadow: none !important; display: inline !important; color: rgb(0, 102, 153) !important; background: none !important;">private</code><code class="cpp plain" style="font-size: 1em !important; border-top-left-radius: 0px !important; border-top-right-radius: 0px !important; border-bottom-right-radius: 0px !important; border-bottom-left-radius: 0px !important; border: 0px !important; bottom: auto !important; float: none !important; height: auto !important; left: auto !important; line-height: 1.1em !important; margin: 0px !important; outline: 0px !important; overflow: visible !important; padding: 0px !important; position: static !important; right: auto !important; top: auto !important; vertical-align: baseline !important; width: auto !important; box-sizing: content-box !important; font-family: Consolas, ''Bitstream Vera Sans Mono'', ''Courier New'', Courier, monospace !important; direction: ltr !important; -webkit-box-shadow: none !important; box-shadow: none !important; display: inline !important; color: black !important; background: none !important;">:</code></div><div class="line number4 index3 alt1" style="line-height: 14.2560005187988px; font-family: Consolas, ''Bitstream Vera Sans Mono'', ''Courier New'', Courier, monospace; font-size: 13px; color: rgb(0, 0, 0); border-top-left-radius: 0px !important; border-top-right-radius: 0px !important; border-bottom-right-radius: 0px !important; border-bottom-left-radius: 0px !important; border: 0px !important; bottom: auto !important; float: none !important; height: auto !important; left: auto !important; margin: 0px !important; outline: 0px !important; overflow: visible !important; padding: 0px 1em 0px 0em !important; position: static !important; right: auto !important; top: auto !important; vertical-align: baseline !important; width: auto !important; box-sizing: content-box !important; direction: ltr !important; -webkit-box-shadow: none !important; box-shadow: none !important; white-space: pre !important; background-image: none !important; background-attachment: initial !important; background-size: initial !important; background-origin: initial !important; background-clip: initial !important; background-position: initial !important; background-repeat: initial !important;"><code class="cpp spaces" style="font-size: 1em !important; border-top-left-radius: 0px !important; border-top-right-radius: 0px !important; border-bottom-right-radius: 0px !important; border-bottom-left-radius: 0px !important; border: 0px !important; bottom: auto !important; float: none !important; height: auto !important; left: auto !important; line-height: 1.1em !important; margin: 0px !important; outline: 0px !important; overflow: visible !important; padding: 0px !important; position: static !important; right: auto !important; top: auto !important; vertical-align: baseline !important; width: auto !important; box-sizing: content-box !important; font-family: Consolas, ''Bitstream Vera Sans Mono'', ''Courier New'', Courier, monospace !important; direction: ltr !important; -webkit-box-shadow: none !important; box-shadow: none !important; display: inline !important; background: none !important;">&nbsp;&nbsp;&nbsp;&nbsp;</code><code class="cpp color1 bold" style="font-size: 1em !important; border-top-left-radius: 0px !important; border-top-right-radius: 0px !important; border-bottom-right-radius: 0px !important; border-bottom-left-radius: 0px !important; border: 0px !important; bottom: auto !important; float: none !important; height: auto !important; left: auto !important; line-height: 1.1em !important; margin: 0px !important; outline: 0px !important; overflow: visible !important; padding: 0px !important; position: static !important; right: auto !important; top: auto !important; vertical-align: baseline !important; width: auto !important; box-sizing: content-box !important; font-family: Consolas, ''Bitstream Vera Sans Mono'', ''Courier New'', Courier, monospace !important; font-weight: bold !important; direction: ltr !important; -webkit-box-shadow: none !important; box-shadow: none !important; display: inline !important; color: gray !important; background: none !important;">int</code> <code class="cpp plain" style="font-size: 1em !important; border-top-left-radius: 0px !important; border-top-right-radius: 0px !important; border-bottom-right-radius: 0px !important; border-bottom-left-radius: 0px !important; border: 0px !important; bottom: auto !important; float: none !important; height: auto !important; left: auto !important; line-height: 1.1em !important; margin: 0px !important; outline: 0px !important; overflow: visible !important; padding: 0px !important; position: static !important; right: auto !important; top: auto !important; vertical-align: baseline !important; width: auto !important; box-sizing: content-box !important; font-family: Consolas, ''Bitstream Vera Sans Mono'', ''Courier New'', Courier, monospace !important; direction: ltr !important; -webkit-box-shadow: none !important; box-shadow: none !important; display: inline !important; color: black !important; background: none !important;">a;</code></div><div class="line number5 index4 alt2" style="line-height: 14.2560005187988px; font-family: Consolas, ''Bitstream Vera Sans Mono'', ''Courier New'', Courier, monospace; font-size: 13px; color: rgb(0, 0, 0); border-top-left-radius: 0px !important; border-top-right-radius: 0px !important; border-bottom-right-radius: 0px !important; border-bottom-left-radius: 0px !important; border: 0px !important; bottom: auto !important; float: none !important; height: auto !important; left: auto !important; margin: 0px !important; outline: 0px !important; overflow: visible !important; padding: 0px 1em 0px 0em !important; position: static !important; right: auto !important; top: auto !important; vertical-align: baseline !important; width: auto !important; box-sizing: content-box !important; direction: ltr !important; -webkit-box-shadow: none !important; box-shadow: none !important; white-space: pre !important; background-image: none !important; background-attachment: initial !important; background-size: initial !important; background-origin: initial !important; background-clip: initial !important; background-position: initial !important; background-repeat: initial !important;"><code class="cpp keyword bold" style="font-size: 1em !important; border-top-left-radius: 0px !important; border-top-right-radius: 0px !important; border-bottom-right-radius: 0px !important; border-bottom-left-radius: 0px !important; border: 0px !important; bottom: auto !important; float: none !important; height: auto !important; left: auto !important; line-height: 1.1em !important; margin: 0px !important; outline: 0px !important; overflow: visible !important; padding: 0px !important; position: static !important; right: auto !important; top: auto !important; vertical-align: baseline !important; width: auto !important; box-sizing: content-box !important; font-family: Consolas, ''Bitstream Vera Sans Mono'', ''Courier New'', Courier, monospace !important; font-weight: bold !important; direction: ltr !important; -webkit-box-shadow: none !important; box-shadow: none !important; display: inline !important; color: rgb(0, 102, 153) !important; background: none !important;">public</code><code class="cpp plain" style="font-size: 1em !important; border-top-left-radius: 0px !important; border-top-right-radius: 0px !important; border-bottom-right-radius: 0px !important; border-bottom-left-radius: 0px !important; border: 0px !important; bottom: auto !important; float: none !important; height: auto !important; left: auto !important; line-height: 1.1em !important; margin: 0px !important; outline: 0px !important; overflow: visible !important; padding: 0px !important; position: static !important; right: auto !important; top: auto !important; vertical-align: baseline !important; width: auto !important; box-sizing: content-box !important; font-family: Consolas, ''Bitstream Vera Sans Mono'', ''Courier New'', Courier, monospace !important; direction: ltr !important; -webkit-box-shadow: none !important; box-shadow: none !important; display: inline !important; color: black !important; background: none !important;">:</code></div><div class="line number6 index5 alt1" style="line-height: 14.2560005187988px; font-family: Consolas, ''Bitstream Vera Sans Mono'', ''Courier New'', Courier, monospace; font-size: 13px; color: rgb(0, 0, 0); border-top-left-radius: 0px !important; border-top-right-radius: 0px !important; border-bottom-right-radius: 0px !important; border-bottom-left-radius: 0px !important; border: 0px !important; bottom: auto !important; float: none !important; height: auto !important; left: auto !important; margin: 0px !important; outline: 0px !important; overflow: visible !important; padding: 0px 1em 0px 0em !important; position: static !important; right: auto !important; top: auto !important; vertical-align: baseline !important; width: auto !important; box-sizing: content-box !important; direction: ltr !important; -webkit-box-shadow: none !important; box-shadow: none !important; white-space: pre !important; background-image: none !important; background-attachment: initial !important; background-size: initial !important; background-origin: initial !important; background-clip: initial !important; background-position: initial !important; background-repeat: initial !important;"><code class="cpp spaces" style="font-size: 1em !important; border-top-left-radius: 0px !important; border-top-right-radius: 0px !important; border-bottom-right-radius: 0px !important; border-bottom-left-radius: 0px !important; border: 0px !important; bottom: auto !important; float: none !important; height: auto !important; left: auto !important; line-height: 1.1em !important; margin: 0px !important; outline: 0px !important; overflow: visible !important; padding: 0px !important; position: static !important; right: auto !important; top: auto !important; vertical-align: baseline !important; width: auto !important; box-sizing: content-box !important; font-family: Consolas, ''Bitstream Vera Sans Mono'', ''Courier New'', Courier, monospace !important; direction: ltr !important; -webkit-box-shadow: none !important; box-shadow: none !important; display: inline !important; background: none !important;">&nbsp;&nbsp;&nbsp;&nbsp;</code><code class="cpp plain" style="font-size: 1em !important; border-top-left-radius: 0px !important; border-top-right-radius: 0px !important; border-bottom-right-radius: 0px !important; border-bottom-left-radius: 0px !important; border: 0px !important; bottom: auto !important; float: none !important; height: auto !important; left: auto !important; line-height: 1.1em !important; margin: 0px !important; outline: 0px !important; overflow: visible !important; padding: 0px !important; position: static !important; right: auto !important; top: auto !important; vertical-align: baseline !important; width: auto !important; box-sizing: content-box !important; font-family: Consolas, ''Bitstream Vera Sans Mono'', ''Courier New'', Courier, monospace !important; direction: ltr !important; -webkit-box-shadow: none !important; box-shadow: none !important; display: inline !important; color: black !important; background: none !important;">A() { a=0; }</code></div><div class="line number7 index6 alt2 highlighted" style="line-height: 14.2560005187988px; font-family: Consolas, ''Bitstream Vera Sans Mono'', ''Courier New'', Courier, monospace; font-size: 13px; color: rgb(0, 0, 0); border-top-left-radius: 0px !important; border-top-right-radius: 0px !important; border-bottom-right-radius: 0px !important; border-bottom-left-radius: 0px !important; border: 0px !important; bottom: auto !important; float: none !important; height: auto !important; left: auto !important; margin: 0px !important; outline: 0px !important; overflow: visible !important; padding: 0px 1em 0px 0em !important; position: static !important; right: auto !important; top: auto !important; vertical-align: baseline !important; width: auto !important; box-sizing: content-box !important; direction: ltr !important; -webkit-box-shadow: none !important; box-shadow: none !important; white-space: pre !important; background: none rgb(224, 224, 224) !important;"><code class="cpp spaces" style="font-size: 1em !important; border-top-left-radius: 0px !important; border-top-right-radius: 0px !important; border-bottom-right-radius: 0px !important; border-bottom-left-radius: 0px !important; border: 0px !important; bottom: auto !important; float: none !important; height: auto !important; left: auto !important; line-height: 1.1em !important; margin: 0px !important; outline: 0px !important; overflow: visible !important; padding: 0px !important; position: static !important; right: auto !important; top: auto !important; vertical-align: baseline !important; width: auto !important; box-sizing: content-box !important; font-family: Consolas, ''Bitstream Vera Sans Mono'', ''Courier New'', Courier, monospace !important; direction: ltr !important; -webkit-box-shadow: none !important; box-shadow: none !important; display: inline !important; background: none !important;">&nbsp;&nbsp;&nbsp;&nbsp;</code><code class="cpp keyword bold" style="font-size: 1em !important; border-top-left-radius: 0px !important; border-top-right-radius: 0px !important; border-bottom-right-radius: 0px !important; border-bottom-left-radius: 0px !important; border: 0px !important; bottom: auto !important; float: none !important; height: auto !important; left: auto !important; line-height: 1.1em !important; margin: 0px !important; outline: 0px !important; overflow: visible !important; padding: 0px !important; position: static !important; right: auto !important; top: auto !important; vertical-align: baseline !important; width: auto !important; box-sizing: content-box !important; font-family: Consolas, ''Bitstream Vera Sans Mono'', ''Courier New'', Courier, monospace !important; font-weight: bold !important; direction: ltr !important; -webkit-box-shadow: none !important; box-shadow: none !important; display: inline !important; color: rgb(0, 102, 153) !important; background: none !important;">friend</code> <code class="cpp keyword bold" style="font-size: 1em !important; border-top-left-radius: 0px !important; border-top-right-radius: 0px !important; border-bottom-right-radius: 0px !important; border-bottom-left-radius: 0px !important; border: 0px !important; bottom: auto !important; float: none !important; height: auto !important; left: auto !important; line-height: 1.1em !important; margin: 0px !important; outline: 0px !important; overflow: visible !important; padding: 0px !important; position: static !important; right: auto !important; top: auto !important; vertical-align: baseline !important; width: auto !important; box-sizing: content-box !important; font-family: Consolas, ''Bitstream Vera Sans Mono'', ''Courier New'', Courier, monospace !important; font-weight: bold !important; direction: ltr !important; -webkit-box-shadow: none !important; box-shadow: none !important; display: inline !important; color: rgb(0, 102, 153) !important; background: none !important;">class</code> <code class="cpp plain" style="font-size: 1em !important; border-top-left-radius: 0px !important; border-top-right-radius: 0px !important; border-bottom-right-radius: 0px !important; border-bottom-left-radius: 0px !important; border: 0px !important; bottom: auto !important; float: none !important; height: auto !important; left: auto !important; line-height: 1.1em !important; margin: 0px !important; outline: 0px !important; overflow: visible !important; padding: 0px !important; position: static !important; right: auto !important; top: auto !important; vertical-align: baseline !important; width: auto !important; box-sizing: content-box !important; font-family: Consolas, ''Bitstream Vera Sans Mono'', ''Courier New'', Courier, monospace !important; direction: ltr !important; -webkit-box-shadow: none !important; box-shadow: none !important; display: inline !important; color: black !important; background: none !important;">B;&nbsp;&nbsp;&nbsp;&nbsp; </code><code class="cpp comments" style="font-size: 1em !important; border-top-left-radius: 0px !important; border-top-right-radius: 0px !important; border-bottom-right-radius: 0px !important; border-bottom-left-radius: 0px !important; border: 0px !important; bottom: auto !important; float: none !important; height: auto !important; left: auto !important; line-height: 1.1em !important; margin: 0px !important; outline: 0px !important; overflow: visible !important; padding: 0px !important; position: static !important; right: auto !important; top: auto !important; vertical-align: baseline !important; width: auto !important; box-sizing: content-box !important; font-family: Consolas, ''Bitstream Vera Sans Mono'', ''Courier New'', Courier, monospace !important; direction: ltr !important; -webkit-box-shadow: none !important; box-shadow: none !important; display: inline !important; color: rgb(0, 130, 0) !important; background: none !important;">// Friend Class</code></div><div class="line number8 index7 alt1" style="line-height: 14.2560005187988px; font-family: Consolas, ''Bitstream Vera Sans Mono'', ''Courier New'', Courier, monospace; font-size: 13px; color: rgb(0, 0, 0); border-top-left-radius: 0px !important; border-top-right-radius: 0px !important; border-bottom-right-radius: 0px !important; border-bottom-left-radius: 0px !important; border: 0px !important; bottom: auto !important; float: none !important; height: auto !important; left: auto !important; margin: 0px !important; outline: 0px !important; overflow: visible !important; padding: 0px 1em 0px 0em !important; position: static !important; right: auto !important; top: auto !important; vertical-align: baseline !important; width: auto !important; box-sizing: content-box !important; direction: ltr !important; -webkit-box-shadow: none !important; box-shadow: none !important; white-space: pre !important; background-image: none !important; background-attachment: initial !important; background-size: initial !important; background-origin: initial !important; background-clip: initial !important; background-position: initial !important; background-repeat: initial !important;"><code class="cpp plain" style="font-size: 1em !important; border-top-left-radius: 0px !important; border-top-right-radius: 0px !important; border-bottom-right-radius: 0px !important; border-bottom-left-radius: 0px !important; border: 0px !important; bottom: auto !important; float: none !important; height: auto !important; left: auto !important; line-height: 1.1em !important; margin: 0px !important; outline: 0px !important; overflow: visible !important; padding: 0px !important; position: static !important; right: auto !important; top: auto !important; vertical-align: baseline !important; width: auto !important; box-sizing: content-box !important; font-family: Consolas, ''Bitstream Vera Sans Mono'', ''Courier New'', Courier, monospace !important; direction: ltr !important; -webkit-box-shadow: none !important; box-shadow: none !important; display: inline !important; color: black !important; background: none !important;">};</code></div><div class="line number9 index8 alt2" style="line-height: 14.2560005187988px; font-family: Consolas, ''Bitstream Vera Sans Mono'', ''Courier New'', Courier, monospace; font-size: 13px; color: rgb(0, 0, 0); border-top-left-radius: 0px !important; border-top-right-radius: 0px !important; border-bottom-right-radius: 0px !important; border-bottom-left-radius: 0px !important; border: 0px !important; bottom: auto !important; float: none !important; height: auto !important; left: auto !important; margin: 0px !important; outline: 0px !important; overflow: visible !important; padding: 0px 1em 0px 0em !important; position: static !important; right: auto !important; top: auto !important; vertical-align: baseline !important; width: auto !important; box-sizing: content-box !important; direction: ltr !important; -webkit-box-shadow: none !important; box-shadow: none !important; white-space: pre !important; background-image: none !important; background-attachment: initial !important; background-size: initial !important; background-origin: initial !important; background-clip: initial !important; background-position: initial !important; background-repeat: initial !important;">&nbsp;</div><div class="line number10 index9 alt1" style="line-height: 14.2560005187988px; font-family: Consolas, ''Bitstream Vera Sans Mono'', ''Courier New'', Courier, monospace; font-size: 13px; color: rgb(0, 0, 0); border-top-left-radius: 0px !important; border-top-right-radius: 0px !important; border-bottom-right-radius: 0px !important; border-bottom-left-radius: 0px !important; border: 0px !important; bottom: auto !important; float: none !important; height: auto !important; left: auto !important; margin: 0px !important; outline: 0px !important; overflow: visible !important; padding: 0px 1em 0px 0em !important; position: static !important; right: auto !important; top: auto !important; vertical-align: baseline !important; width: auto !important; box-sizing: content-box !important; direction: ltr !important; -webkit-box-shadow: none !important; box-shadow: none !important; white-space: pre !important; background-image: none !important; background-attachment: initial !important; background-size: initial !important; background-origin: initial !important; background-clip: initial !important; background-position: initial !important; background-repeat: initial !important;"><code class="cpp keyword bold" style="font-size: 1em !important; border-top-left-radius: 0px !important; border-top-right-radius: 0px !important; border-bottom-right-radius: 0px !important; border-bottom-left-radius: 0px !important; border: 0px !important; bottom: auto !important; float: none !important; height: auto !important; left: auto !important; line-height: 1.1em !important; margin: 0px !important; outline: 0px !important; overflow: visible !important; padding: 0px !important; position: static !important; right: auto !important; top: auto !important; vertical-align: baseline !important; width: auto !important; box-sizing: content-box !important; font-family: Consolas, ''Bitstream Vera Sans Mono'', ''Courier New'', Courier, monospace !important; font-weight: bold !important; direction: ltr !important; -webkit-box-shadow: none !important; box-shadow: none !important; display: inline !important; color: rgb(0, 102, 153) !important; background: none !important;">class</code> <code class="cpp plain" style="font-size: 1em !important; border-top-left-radius: 0px !important; border-top-right-radius: 0px !important; border-bottom-right-radius: 0px !important; border-bottom-left-radius: 0px !important; border: 0px !important; bottom: auto !important; float: none !important; height: auto !important; left: auto !important; line-height: 1.1em !important; margin: 0px !important; outline: 0px !important; overflow: visible !important; padding: 0px !important; position: static !important; right: auto !important; top: auto !important; vertical-align: baseline !important; width: auto !important; box-sizing: content-box !important; font-family: Consolas, ''Bitstream Vera Sans Mono'', ''Courier New'', Courier, monospace !important; direction: ltr !important; -webkit-box-shadow: none !important; box-shadow: none !important; display: inline !important; color: black !important; background: none !important;">B {</code></div><div class="line number11 index10 alt2" style="line-height: 14.2560005187988px; font-family: Consolas, ''Bitstream Vera Sans Mono'', ''Courier New'', Courier, monospace; font-size: 13px; color: rgb(0, 0, 0); border-top-left-radius: 0px !important; border-top-right-radius: 0px !important; border-bottom-right-radius: 0px !important; border-bottom-left-radius: 0px !important; border: 0px !important; bottom: auto !important; float: none !important; height: auto !important; left: auto !important; margin: 0px !important; outline: 0px !important; overflow: visible !important; padding: 0px 1em 0px 0em !important; position: static !important; right: auto !important; top: auto !important; vertical-align: baseline !important; width: auto !important; box-sizing: content-box !important; direction: ltr !important; -webkit-box-shadow: none !important; box-shadow: none !important; white-space: pre !important; background-image: none !important; background-attachment: initial !important; background-size: initial !important; background-origin: initial !important; background-clip: initial !important; background-position: initial !important; background-repeat: initial !important;"><code class="cpp keyword bold" style="font-size: 1em !important; border-top-left-radius: 0px !important; border-top-right-radius: 0px !important; border-bottom-right-radius: 0px !important; border-bottom-left-radius: 0px !important; border: 0px !important; bottom: auto !important; float: none !important; height: auto !important; left: auto !important; line-height: 1.1em !important; margin: 0px !important; outline: 0px !important; overflow: visible !important; padding: 0px !important; position: static !important; right: auto !important; top: auto !important; vertical-align: baseline !important; width: auto !important; box-sizing: content-box !important; font-family: Consolas, ''Bitstream Vera Sans Mono'', ''Courier New'', Courier, monospace !important; font-weight: bold !important; direction: ltr !important; -webkit-box-shadow: none !important; box-shadow: none !important; display: inline !important; color: rgb(0, 102, 153) !important; background: none !important;">private</code><code class="cpp plain" style="font-size: 1em !important; border-top-left-radius: 0px !important; border-top-right-radius: 0px !important; border-bottom-right-radius: 0px !important; border-bottom-left-radius: 0px !important; border: 0px !important; bottom: auto !important; float: none !important; height: auto !important; left: auto !important; line-height: 1.1em !important; margin: 0px !important; outline: 0px !important; overflow: visible !important; padding: 0px !important; position: static !important; right: auto !important; top: auto !important; vertical-align: baseline !important; width: auto !important; box-sizing: content-box !important; font-family: Consolas, ''Bitstream Vera Sans Mono'', ''Courier New'', Courier, monospace !important; direction: ltr !important; -webkit-box-shadow: none !important; box-shadow: none !important; display: inline !important; color: black !important; background: none !important;">:</code></div><div class="line number12 index11 alt1" style="line-height: 14.2560005187988px; font-family: Consolas, ''Bitstream Vera Sans Mono'', ''Courier New'', Courier, monospace; font-size: 13px; color: rgb(0, 0, 0); border-top-left-radius: 0px !important; border-top-right-radius: 0px !important; border-bottom-right-radius: 0px !important; border-bottom-left-radius: 0px !important; border: 0px !important; bottom: auto !important; float: none !important; height: auto !important; left: auto !important; margin: 0px !important; outline: 0px !important; overflow: visible !important; padding: 0px 1em 0px 0em !important; position: static !important; right: auto !important; top: auto !important; vertical-align: baseline !important; width: auto !important; box-sizing: content-box !important; direction: ltr !important; -webkit-box-shadow: none !important; box-shadow: none !important; white-space: pre !important; background-image: none !important; background-attachment: initial !important; background-size: initial !important; background-origin: initial !important; background-clip: initial !important; background-position: initial !important; background-repeat: initial !important;"><code class="cpp spaces" style="font-size: 1em !important; border-top-left-radius: 0px !important; border-top-right-radius: 0px !important; border-bottom-right-radius: 0px !important; border-bottom-left-radius: 0px !important; border: 0px !important; bottom: auto !important; float: none !important; height: auto !important; left: auto !important; line-height: 1.1em !important; margin: 0px !important; outline: 0px !important; overflow: visible !important; padding: 0px !important; position: static !important; right: auto !important; top: auto !important; vertical-align: baseline !important; width: auto !important; box-sizing: content-box !important; font-family: Consolas, ''Bitstream Vera Sans Mono'', ''Courier New'', Courier, monospace !important; direction: ltr !important; -webkit-box-shadow: none !important; box-shadow: none !important; display: inline !important; background: none !important;">&nbsp;&nbsp;&nbsp;&nbsp;</code><code class="cpp color1 bold" style="font-size: 1em !important; border-top-left-radius: 0px !important; border-top-right-radius: 0px !important; border-bottom-right-radius: 0px !important; border-bottom-left-radius: 0px !important; border: 0px !important; bottom: auto !important; float: none !important; height: auto !important; left: auto !important; line-height: 1.1em !important; margin: 0px !important; outline: 0px !important; overflow: visible !important; padding: 0px !important; position: static !important; right: auto !important; top: auto !important; vertical-align: baseline !important; width: auto !important; box-sizing: content-box !important; font-family: Consolas, ''Bitstream Vera Sans Mono'', ''Courier New'', Courier, monospace !important; font-weight: bold !important; direction: ltr !important; -webkit-box-shadow: none !important; box-shadow: none !important; display: inline !important; color: gray !important; background: none !important;">int</code> <code class="cpp plain" style="font-size: 1em !important; border-top-left-radius: 0px !important; border-top-right-radius: 0px !important; border-bottom-right-radius: 0px !important; border-bottom-left-radius: 0px !important; border: 0px !important; bottom: auto !important; float: none !important; height: auto !important; left: auto !important; line-height: 1.1em !important; margin: 0px !important; outline: 0px !important; overflow: visible !important; padding: 0px !important; position: static !important; right: auto !important; top: auto !important; vertical-align: baseline !important; width: auto !important; box-sizing: content-box !important; font-family: Consolas, ''Bitstream Vera Sans Mono'', ''Courier New'', Courier, monospace !important; direction: ltr !important; -webkit-box-shadow: none !important; box-shadow: none !important; display: inline !important; color: black !important; background: none !important;">b;</code></div><div class="line number13 index12 alt2" style="line-height: 14.2560005187988px; font-family: Consolas, ''Bitstream Vera Sans Mono'', ''Courier New'', Courier, monospace; font-size: 13px; color: rgb(0, 0, 0); border-top-left-radius: 0px !important; border-top-right-radius: 0px !important; border-bottom-right-radius: 0px !important; border-bottom-left-radius: 0px !important; border: 0px !important; bottom: auto !important; float: none !important; height: auto !important; left: auto !important; margin: 0px !important; outline: 0px !important; overflow: visible !important; padding: 0px 1em 0px 0em !important; position: static !important; right: auto !important; top: auto !important; vertical-align: baseline !important; width: auto !important; box-sizing: content-box !important; direction: ltr !important; -webkit-box-shadow: none !important; box-shadow: none !important; white-space: pre !important; background-image: none !important; background-attachment: initial !important; background-size: initial !important; background-origin: initial !important; background-clip: initial !important; background-position: initial !important; background-repeat: initial !important;"><code class="cpp keyword bold" style="font-size: 1em !important; border-top-left-radius: 0px !important; border-top-right-radius: 0px !important; border-bottom-right-radius: 0px !important; border-bottom-left-radius: 0px !important; border: 0px !important; bottom: auto !important; float: none !important; height: auto !important; left: auto !important; line-height: 1.1em !important; margin: 0px !important; outline: 0px !important; overflow: visible !important; padding: 0px !important; position: static !important; right: auto !important; top: auto !important; vertical-align: baseline !important; width: auto !important; box-sizing: content-box !important; font-family: Consolas, ''Bitstream Vera Sans Mono'', ''Courier New'', Courier, monospace !important; font-weight: bold !important; direction: ltr !important; -webkit-box-shadow: none !important; box-shadow: none !important; display: inline !important; color: rgb(0, 102, 153) !important; background: none !important;">public</code><code class="cpp plain" style="font-size: 1em !important; border-top-left-radius: 0px !important; border-top-right-radius: 0px !important; border-bottom-right-radius: 0px !important; border-bottom-left-radius: 0px !important; border: 0px !important; bottom: auto !important; float: none !important; height: auto !important; left: auto !important; line-height: 1.1em !important; margin: 0px !important; outline: 0px !important; overflow: visible !important; padding: 0px !important; position: static !important; right: auto !important; top: auto !important; vertical-align: baseline !important; width: auto !important; box-sizing: content-box !important; font-family: Consolas, ''Bitstream Vera Sans Mono'', ''Courier New'', Courier, monospace !important; direction: ltr !important; -webkit-box-shadow: none !important; box-shadow: none !important; display: inline !important; color: black !important; background: none !important;">:</code></div><div class="line number14 index13 alt1" style="line-height: 14.2560005187988px; font-family: Consolas, ''Bitstream Vera Sans Mono'', ''Courier New'', Courier, monospace; font-size: 13px; color: rgb(0, 0, 0); border-top-left-radius: 0px !important; border-top-right-radius: 0px !important; border-bottom-right-radius: 0px !important; border-bottom-left-radius: 0px !important; border: 0px !important; bottom: auto !important; float: none !important; height: auto !important; left: auto !important; margin: 0px !important; outline: 0px !important; overflow: visible !important; padding: 0px 1em 0px 0em !important; position: static !important; right: auto !important; top: auto !important; vertical-align: baseline !important; width: auto !important; box-sizing: content-box !important; direction: ltr !important; -webkit-box-shadow: none !important; box-shadow: none !important; white-space: pre !important; background-image: none !important; background-attachment: initial !important; background-size: initial !important; background-origin: initial !important; background-clip: initial !important; background-position: initial !important; background-repeat: initial !important;"><code class="cpp spaces" style="font-size: 1em !important; border-top-left-radius: 0px !important; border-top-right-radius: 0px !important; border-bottom-right-radius: 0px !important; border-bottom-left-radius: 0px !important; border: 0px !important; bottom: auto !important; float: none !important; height: auto !important; left: auto !important; line-height: 1.1em !important; margin: 0px !important; outline: 0px !important; overflow: visible !important; padding: 0px !important; position: static !important; right: auto !important; top: auto !important; vertical-align: baseline !important; width: auto !important; box-sizing: content-box !important; font-family: Consolas, ''Bitstream Vera Sans Mono'', ''Courier New'', Courier, monospace !important; direction: ltr !important; -webkit-box-shadow: none !important; box-shadow: none !important; display: inline !important; background: none !important;">&nbsp;&nbsp;&nbsp;&nbsp;</code><code class="cpp keyword bold" style="font-size: 1em !important; border-top-left-radius: 0px !important; border-top-right-radius: 0px !important; border-bottom-right-radius: 0px !important; border-bottom-left-radius: 0px !important; border: 0px !important; bottom: auto !important; float: none !important; height: auto !important; left: auto !important; line-height: 1.1em !important; margin: 0px !important; outline: 0px !important; overflow: visible !important; padding: 0px !important; position: static !important; right: auto !important; top: auto !important; vertical-align: baseline !important; width: auto !important; box-sizing: content-box !important; font-family: Consolas, ''Bitstream Vera Sans Mono'', ''Courier New'', Courier, monospace !important; font-weight: bold !important; direction: ltr !important; -webkit-box-shadow: none !important; box-shadow: none !important; display: inline !important; color: rgb(0, 102, 153) !important; background: none !important;">void</code> <code class="cpp plain" style="font-size: 1em !important; border-top-left-radius: 0px !important; border-top-right-radius: 0px !important; border-bottom-right-radius: 0px !important; border-bottom-left-radius: 0px !important; border: 0px !important; bottom: auto !important; float: none !important; height: auto !important; left: auto !important; line-height: 1.1em !important; margin: 0px !important; outline: 0px !important; overflow: visible !important; padding: 0px !important; position: static !important; right: auto !important; top: auto !important; vertical-align: baseline !important; width: auto !important; box-sizing: content-box !important; font-family: Consolas, ''Bitstream Vera Sans Mono'', ''Courier New'', Courier, monospace !important; direction: ltr !important; -webkit-box-shadow: none !important; box-shadow: none !important; display: inline !important; color: black !important; background: none !important;">showA(A&amp; x) {</code></div><div class="line number15 index14 alt2 highlighted" style="line-height: 14.2560005187988px; font-family: Consolas, ''Bitstream Vera Sans Mono'', ''Courier New'', Courier, monospace; font-size: 13px; color: rgb(0, 0, 0); border-top-left-radius: 0px !important; border-top-right-radius: 0px !important; border-bottom-right-radius: 0px !important; border-bottom-left-radius: 0px !important; border: 0px !important; bottom: auto !important; float: none !important; height: auto !important; left: auto !important; margin: 0px !important; outline: 0px !important; overflow: visible !important; padding: 0px 1em 0px 0em !important; position: static !important; right: auto !important; top: auto !important; vertical-align: baseline !important; width: auto !important; box-sizing: content-box !important; direction: ltr !important; -webkit-box-shadow: none !important; box-shadow: none !important; white-space: pre !important; background: none rgb(224, 224, 224) !important;"><code class="cpp spaces" style="font-size: 1em !important; border-top-left-radius: 0px !important; border-top-right-radius: 0px !important; border-bottom-right-radius: 0px !important; border-bottom-left-radius: 0px !important; border: 0px !important; bottom: auto !important; float: none !important; height: auto !important; left: auto !important; line-height: 1.1em !important; margin: 0px !important; outline: 0px !important; overflow: visible !important; padding: 0px !important; position: static !important; right: auto !important; top: auto !important; vertical-align: baseline !important; width: auto !important; box-sizing: content-box !important; font-family: Consolas, ''Bitstream Vera Sans Mono'', ''Courier New'', Courier, monospace !important; direction: ltr !important; -webkit-box-shadow: none !important; box-shadow: none !important; display: inline !important; background: none !important;">&nbsp;&nbsp;&nbsp;&nbsp;&nbsp;&nbsp;&nbsp;&nbsp;</code><code class="cpp comments" style="font-size: 1em !important; border-top-left-radius: 0px !important; border-top-right-radius: 0px !important; border-bottom-right-radius: 0px !important; border-bottom-left-radius: 0px !important; border: 0px !important; bottom: auto !important; float: none !important; height: auto !important; left: auto !important; line-height: 1.1em !important; margin: 0px !important; outline: 0px !important; overflow: visible !important; padding: 0px !important; position: static !important; right: auto !important; top: auto !important; vertical-align: baseline !important; width: auto !important; box-sizing: content-box !important; font-family: Consolas, ''Bitstream Vera Sans Mono'', ''Courier New'', Courier, monospace !important; direction: ltr !important; -webkit-box-shadow: none !important; box-shadow: none !important; display: inline !important; color: rgb(0, 130, 0) !important; background: none !important;">// Since B is friend of A, it can access</code></div><div class="line number16 index15 alt1 highlighted" style="line-height: 14.2560005187988px; font-family: Consolas, ''Bitstream Vera Sans Mono'', ''Courier New'', Courier, monospace; font-size: 13px; color: rgb(0, 0, 0); border-top-left-radius: 0px !important; border-top-right-radius: 0px !important; border-bottom-right-radius: 0px !important; border-bottom-left-radius: 0px !important; border: 0px !important; bottom: auto !important; float: none !important; height: auto !important; left: auto !important; margin: 0px !important; outline: 0px !important; overflow: visible !important; padding: 0px 1em 0px 0em !important; position: static !important; right: auto !important; top: auto !important; vertical-align: baseline !important; width: auto !important; box-sizing: content-box !important; direction: ltr !important; -webkit-box-shadow: none !important; box-shadow: none !important; white-space: pre !important; background: none rgb(224, 224, 224) !important;"><code class="cpp spaces" style="font-size: 1em !important; border-top-left-radius: 0px !important; border-top-right-radius: 0px !important; border-bottom-right-radius: 0px !important; border-bottom-left-radius: 0px !important; border: 0px !important; bottom: auto !important; float: none !important; height: auto !important; left: auto !important; line-height: 1.1em !important; margin: 0px !important; outline: 0px !important; overflow: visible !important; padding: 0px !important; position: static !important; right: auto !important; top: auto !important; vertical-align: baseline !important; width: auto !important; box-sizing: content-box !important; font-family: Consolas, ''Bitstream Vera Sans Mono'', ''Courier New'', Courier, monospace !important; direction: ltr !important; -webkit-box-shadow: none !important; box-shadow: none !important; display: inline !important; background: none !important;">&nbsp;&nbsp;&nbsp;&nbsp;&nbsp;&nbsp;&nbsp;&nbsp;</code><code class="cpp comments" style="font-size: 1em !important; border-top-left-radius: 0px !important; border-top-right-radius: 0px !important; border-bottom-right-radius: 0px !important; border-bottom-left-radius: 0px !important; border: 0px !important; bottom: auto !important; float: none !important; height: auto !important; left: auto !important; line-height: 1.1em !important; margin: 0px !important; outline: 0px !important; overflow: visible !important; padding: 0px !important; position: static !important; right: auto !important; top: auto !important; vertical-align: baseline !important; width: auto !important; box-sizing: content-box !important; font-family: Consolas, ''Bitstream Vera Sans Mono'', ''Courier New'', Courier, monospace !important; direction: ltr !important; -webkit-box-shadow: none !important; box-shadow: none !important; display: inline !important; color: rgb(0, 130, 0) !important; background: none !important;">// private members of A</code></div><div class="line number17 index16 alt2 highlighted" style="line-height: 14.2560005187988px; font-family: Consolas, ''Bitstream Vera Sans Mono'', ''Courier New'', Courier, monospace; font-size: 13px; color: rgb(0, 0, 0); border-top-left-radius: 0px !important; border-top-right-radius: 0px !important; border-bottom-right-radius: 0px !important; border-bottom-left-radius: 0px !important; border: 0px !important; bottom: auto !important; float: none !important; height: auto !important; left: auto !important; margin: 0px !important; outline: 0px !important; overflow: visible !important; padding: 0px 1em 0px 0em !important; position: static !important; right: auto !important; top: auto !important; vertical-align: baseline !important; width: auto !important; box-sizing: content-box !important; direction: ltr !important; -webkit-box-shadow: none !important; box-shadow: none !important; white-space: pre !important; background: none rgb(224, 224, 224) !important;"><code class="cpp spaces" style="font-size: 1em !important; border-top-left-radius: 0px !important; border-top-right-radius: 0px !important; border-bottom-right-radius: 0px !important; border-bottom-left-radius: 0px !important; border: 0px !important; bottom: auto !important; float: none !important; height: auto !important; left: auto !important; line-height: 1.1em !important; margin: 0px !important; outline: 0px !important; overflow: visible !important; padding: 0px !important; position: static !important; right: auto !important; top: auto !important; vertical-align: baseline !important; width: auto !important; box-sizing: content-box !important; font-family: Consolas, ''Bitstream Vera Sans Mono'', ''Courier New'', Courier, monospace !important; direction: ltr !important; -webkit-box-shadow: none !important; box-shadow: none !important; display: inline !important; background: none !important;">&nbsp;&nbsp;&nbsp;&nbsp;&nbsp;&nbsp;&nbsp;&nbsp;</code><code class="cpp plain" style="font-size: 1em !important; border-top-left-radius: 0px !important; border-top-right-radius: 0px !important; border-bottom-right-radius: 0px !important; border-bottom-left-radius: 0px !important; border: 0px !important; bottom: auto !important; float: none !important; height: auto !important; left: auto !important; line-height: 1.1em !important; margin: 0px !important; outline: 0px !important; overflow: visible !important; padding: 0px !important; position: static !important; right: auto !important; top: auto !important; vertical-align: baseline !important; width: auto !important; box-sizing: content-box !important; font-family: Consolas, ''Bitstream Vera Sans Mono'', ''Courier New'', Courier, monospace !important; direction: ltr !important; -webkit-box-shadow: none !important; box-shadow: none !important; display: inline !important; color: black !important; background: none !important;">std::cout &lt;&lt; </code><code class="cpp string" style="font-size: 1em !important; border-top-left-radius: 0px !important; border-top-right-radius: 0px !important; border-bottom-right-radius: 0px !important; border-bottom-left-radius: 0px !important; border: 0px !important; bottom: auto !important; float: none !important; height: auto !important; left: auto !important; line-height: 1.1em !important; margin: 0px !important; outline: 0px !important; overflow: visible !important; padding: 0px !important; position: static !important; right: auto !important; top: auto !important; vertical-align: baseline !important; width: auto !important; box-sizing: content-box !important; font-family: Consolas, ''Bitstream Vera Sans Mono'', ''Courier New'', Courier, monospace !important; direction: ltr !important; -webkit-box-shadow: none !important; box-shadow: none !important; display: inline !important; color: blue !important; background: none !important;">"A::a="</code> <code class="cpp plain" style="font-size: 1em !important; border-top-left-radius: 0px !important; border-top-right-radius: 0px !important; border-bottom-right-radius: 0px !important; border-bottom-left-radius: 0px !important; border: 0px !important; bottom: auto !important; float: none !important; height: auto !important; left: auto !important; line-height: 1.1em !important; margin: 0px !important; outline: 0px !important; overflow: visible !important; padding: 0px !important; position: static !important; right: auto !important; top: auto !important; vertical-align: baseline !important; width: auto !important; box-sizing: content-box !important; font-family: Consolas, ''Bitstream Vera Sans Mono'', ''Courier New'', Courier, monospace !important; direction: ltr !important; -webkit-box-shadow: none !important; box-shadow: none !important; display: inline !important; color: black !important; background: none !important;">&lt;&lt; x.a;</code></div><div class="line number18 index17 alt1" style="line-height: 14.2560005187988px; font-family: Consolas, ''Bitstream Vera Sans Mono'', ''Courier New'', Courier, monospace; font-size: 13px; color: rgb(0, 0, 0); border-top-left-radius: 0px !important; border-top-right-radius: 0px !important; border-bottom-right-radius: 0px !important; border-bottom-left-radius: 0px !important; border: 0px !important; bottom: auto !important; float: none !important; height: auto !important; left: auto !important; margin: 0px !important; outline: 0px !important; overflow: visible !important; padding: 0px 1em 0px 0em !important; position: static !important; right: auto !important; top: auto !important; vertical-align: baseline !important; width: auto !important; box-sizing: content-box !important; direction: ltr !important; -webkit-box-shadow: none !important; box-shadow: none !important; white-space: pre !important; background-image: none !important; background-attachment: initial !important; background-size: initial !important; background-origin: initial !important; background-clip: initial !important; background-position: initial !important; background-repeat: initial !important;"><code class="cpp spaces" style="font-size: 1em !important; border-top-left-radius: 0px !important; border-top-right-radius: 0px !important; border-bottom-right-radius: 0px !important; border-bottom-left-radius: 0px !important; border: 0px !important; bottom: auto !important; float: none !important; height: auto !important; left: auto !important; line-height: 1.1em !important; margin: 0px !important; outline: 0px !important; overflow: visible !important; padding: 0px !important; position: static !important; right: auto !important; top: auto !important; vertical-align: baseline !important; width: auto !important; box-sizing: content-box !important; font-family: Consolas, ''Bitstream Vera Sans Mono'', ''Courier New'', Courier, monospace !important; direction: ltr !important; -webkit-box-shadow: none !important; box-shadow: none !important; display: inline !important; background: none !important;">&nbsp;&nbsp;&nbsp;&nbsp;</code><code class="cpp plain" style="font-size: 1em !important; border-top-left-radius: 0px !important; border-top-right-radius: 0px !important; border-bottom-right-radius: 0px !important; border-bottom-left-radius: 0px !important; border: 0px !important; bottom: auto !important; float: none !important; height: auto !important; left: auto !important; line-height: 1.1em !important; margin: 0px !important; outline: 0px !important; overflow: visible !important; padding: 0px !important; position: static !important; right: auto !important; top: auto !important; vertical-align: baseline !important; width: auto !important; box-sizing: content-box !important; font-family: Consolas, ''Bitstream Vera Sans Mono'', ''Courier New'', Courier, monospace !important; direction: ltr !important; -webkit-box-shadow: none !important; box-shadow: none !important; display: inline !important; color: black !important; background: none !important;">}</code></div><div class="line number19 index18 alt2" style="line-height: 14.2560005187988px; font-family: Consolas, ''Bitstream Vera Sans Mono'', ''Courier New'', Courier, monospace; font-size: 13px; color: rgb(0, 0, 0); border-top-left-radius: 0px !important; border-top-right-radius: 0px !important; border-bottom-right-radius: 0px !important; border-bottom-left-radius: 0px !important; border: 0px !important; bottom: auto !important; float: none !important; height: auto !important; left: auto !important; margin: 0px !important; outline: 0px !important; overflow: visible !important; padding: 0px 1em 0px 0em !important; position: static !important; right: auto !important; top: auto !important; vertical-align: baseline !important; width: auto !important; box-sizing: content-box !important; direction: ltr !important; -webkit-box-shadow: none !important; box-shadow: none !important; white-space: pre !important; background-image: none !important; background-attachment: initial !important; background-size: initial !important; background-origin: initial !important; background-clip: initial !important; background-position: initial !important; background-repeat: initial !important;"><code class="cpp plain" style="font-size: 1em !important; border-top-left-radius: 0px !important; border-top-right-radius: 0px !important; border-bottom-right-radius: 0px !important; border-bottom-left-radius: 0px !important; border: 0px !important; bottom: auto !important; float: none !important; height: auto !important; left: auto !important; line-height: 1.1em !important; margin: 0px !important; outline: 0px !important; overflow: visible !important; padding: 0px !important; position: static !important; right: auto !important; top: auto !important; vertical-align: baseline !important; width: auto !important; box-sizing: content-box !important; font-family: Consolas, ''Bitstream Vera Sans Mono'', ''Courier New'', Courier, monospace !important; direction: ltr !important; -webkit-box-shadow: none !important; box-shadow: none !important; display: inline !important; color: black !important; background: none !important;">};</code></div><div class="line number20 index19 alt1" style="line-height: 14.2560005187988px; font-family: Consolas, ''Bitstream Vera Sans Mono'', ''Courier New'', Courier, monospace; font-size: 13px; color: rgb(0, 0, 0); border-top-left-radius: 0px !important; border-top-right-radius: 0px !important; border-bottom-right-radius: 0px !important; border-bottom-left-radius: 0px !important; border: 0px !important; bottom: auto !important; float: none !important; height: auto !important; left: auto !important; margin: 0px !important; outline: 0px !important; overflow: visible !important; padding: 0px 1em 0px 0em !important; position: static !important; right: auto !important; top: auto !important; vertical-align: baseline !important; width: auto !important; box-sizing: content-box !important; direction: ltr !important; -webkit-box-shadow: none !important; box-shadow: none !important; white-space: pre !important; background-image: none !important; background-attachment: initial !important; background-size: initial !important; background-origin: initial !important; background-clip: initial !important; background-position: initial !important; background-repeat: initial !important;">&nbsp;</div><div class="line number21 index20 alt2" style="line-height: 14.2560005187988px; font-family: Consolas, ''Bitstream Vera Sans Mono'', ''Courier New'', Courier, monospace; font-size: 13px; color: rgb(0, 0, 0); border-top-left-radius: 0px !important; border-top-right-radius: 0px !important; border-bottom-right-radius: 0px !important; border-bottom-left-radius: 0px !important; border: 0px !important; bottom: auto !important; float: none !important; height: auto !important; left: auto !important; margin: 0px !important; outline: 0px !important; overflow: visible !important; padding: 0px 1em 0px 0em !important; position: static !important; right: auto !important; top: auto !important; vertical-align: baseline !important; width: auto !important; box-sizing: content-box !important; direction: ltr !important; -webkit-box-shadow: none !important; box-shadow: none !important; white-space: pre !important; background-image: none !important; background-attachment: initial !important; background-size: initial !important; background-origin: initial !important; background-clip: initial !important; background-position: initial !important; background-repeat: initial !important;"><code class="cpp color1 bold" style="font-size: 1em !important; border-top-left-radius: 0px !important; border-top-right-radius: 0px !important; border-bottom-right-radius: 0px !important; border-bottom-left-radius: 0px !important; border: 0px !important; bottom: auto !important; float: none !important; height: auto !important; left: auto !important; line-height: 1.1em !important; margin: 0px !important; outline: 0px !important; overflow: visible !important; padding: 0px !important; position: static !important; right: auto !important; top: auto !important; vertical-align: baseline !important; width: auto !important; box-sizing: content-box !important; font-family: Consolas, ''Bitstream Vera Sans Mono'', ''Courier New'', Courier, monospace !important; font-weight: bold !important; direction: ltr !important; -webkit-box-shadow: none !important; box-shadow: none !important; display: inline !important; color: gray !important; background: none !important;">int</code> <code class="cpp plain" style="font-size: 1em !important; border-top-left-radius: 0px !important; border-top-right-radius: 0px !important; border-bottom-right-radius: 0px !important; border-bottom-left-radius: 0px !important; border: 0px !important; bottom: auto !important; float: none !important; height: auto !important; left: auto !important; line-height: 1.1em !important; margin: 0px !important; outline: 0px !important; overflow: visible !important; padding: 0px !important; position: static !important; right: auto !important; top: auto !important; vertical-align: baseline !important; width: auto !important; box-sizing: content-box !important; font-family: Consolas, ''Bitstream Vera Sans Mono'', ''Courier New'', Courier, monospace !important; direction: ltr !important; -webkit-box-shadow: none !important; box-shadow: none !important; display: inline !important; color: black !important; background: none !important;">main() {</code></div><div class="line number22 index21 alt1" style="line-height: 14.2560005187988px; font-family: Consolas, ''Bitstream Vera Sans Mono'', ''Courier New'', Courier, monospace; font-size: 13px; color: rgb(0, 0, 0); border-top-left-radius: 0px !important; border-top-right-radius: 0px !important; border-bottom-right-radius: 0px !important; border-bottom-left-radius: 0px !important; border: 0px !important; bottom: auto !important; float: none !important; height: auto !important; left: auto !important; margin: 0px !important; outline: 0px !important; overflow: visible !important; padding: 0px 1em 0px 0em !important; position: static !important; right: auto !important; top: auto !important; vertical-align: baseline !important; width: auto !important; box-sizing: content-box !important; direction: ltr !important; -webkit-box-shadow: none !important; box-shadow: none !important; white-space: pre !important; background-image: none !important; background-attachment: initial !important; background-size: initial !important; background-origin: initial !important; background-clip: initial !important; background-position: initial !important; background-repeat: initial !important;"><code class="cpp spaces" style="font-size: 1em !important; border-top-left-radius: 0px !important; border-top-right-radius: 0px !important; border-bottom-right-radius: 0px !important; border-bottom-left-radius: 0px !important; border: 0px !important; bottom: auto !important; float: none !important; height: auto !important; left: auto !important; line-height: 1.1em !important; margin: 0px !important; outline: 0px !important; overflow: visible !important; padding: 0px !important; position: static !important; right: auto !important; top: auto !important; vertical-align: baseline !important; width: auto !important; box-sizing: content-box !important; font-family: Consolas, ''Bitstream Vera Sans Mono'', ''Courier New'', Courier, monospace !important; direction: ltr !important; -webkit-box-shadow: none !important; box-shadow: none !important; display: inline !important; background: none !important;">&nbsp;&nbsp;&nbsp;</code><code class="cpp plain" style="font-size: 1em !important; border-top-left-radius: 0px !important; border-top-right-radius: 0px !important; border-bottom-right-radius: 0px !important; border-bottom-left-radius: 0px !important; border: 0px !important; bottom: auto !important; float: none !important; height: auto !important; left: auto !important; line-height: 1.1em !important; margin: 0px !important; outline: 0px !important; overflow: visible !important; padding: 0px !important; position: static !important; right: auto !important; top: auto !important; vertical-align: baseline !important; width: auto !important; box-sizing: content-box !important; font-family: Consolas, ''Bitstream Vera Sans Mono'', ''Courier New'', Courier, monospace !important; direction: ltr !important; -webkit-box-shadow: none !important; box-shadow: none !important; display: inline !important; color: black !important; background: none !important;">A a;</code></div><div class="line number23 index22 alt2" style="line-height: 14.2560005187988px; font-family: Consolas, ''Bitstream Vera Sans Mono'', ''Courier New'', Courier, monospace; font-size: 13px; color: rgb(0, 0, 0); border-top-left-radius: 0px !important; border-top-right-radius: 0px !important; border-bottom-right-radius: 0px !important; border-bottom-left-radius: 0px !important; border: 0px !important; bottom: auto !important; float: none !important; height: auto !important; left: auto !important; margin: 0px !important; outline: 0px !important; overflow: visible !important; padding: 0px 1em 0px 0em !important; position: static !important; right: auto !important; top: auto !important; vertical-align: baseline !important; width: auto !important; box-sizing: content-box !important; direction: ltr !important; -webkit-box-shadow: none !important; box-shadow: none !important; white-space: pre !important; background-image: none !important; background-attachment: initial !important; background-size: initial !important; background-origin: initial !important; background-clip: initial !important; background-position: initial !important; background-repeat: initial !important;"><code class="cpp spaces" style="font-size: 1em !important; border-top-left-radius: 0px !important; border-top-right-radius: 0px !important; border-bottom-right-radius: 0px !important; border-bottom-left-radius: 0px !important; border: 0px !important; bottom: auto !important; float: none !important; height: auto !important; left: auto !important; line-height: 1.1em !important; margin: 0px !important; outline: 0px !important; overflow: visible !important; padding: 0px !important; position: static !important; right: auto !important; top: auto !important; vertical-align: baseline !important; width: auto !important; box-sizing: content-box !important; font-family: Consolas, ''Bitstream Vera Sans Mono'', ''Courier New'', Courier, monospace !important; direction: ltr !important; -webkit-box-shadow: none !important; box-shadow: none !important; display: inline !important; background: none !important;">&nbsp;&nbsp;&nbsp;</code><code class="cpp plain" style="font-size: 1em !important; border-top-left-radius: 0px !important; border-top-right-radius: 0px !important; border-bottom-right-radius: 0px !important; border-bottom-left-radius: 0px !important; border: 0px !important; bottom: auto !important; float: none !important; height: auto !important; left: auto !important; line-height: 1.1em !important; margin: 0px !important; outline: 0px !important; overflow: visible !important; padding: 0px !important; position: static !important; right: auto !important; top: auto !important; vertical-align: baseline !important; width: auto !important; box-sizing: content-box !important; font-family: Consolas, ''Bitstream Vera Sans Mono'', ''Courier New'', Courier, monospace !important; direction: ltr !important; -webkit-box-shadow: none !important; box-shadow: none !important; display: inline !important; color: black !important; background: none !important;">B b;</code></div><div class="line number24 index23 alt1" style="line-height: 14.2560005187988px; font-family: Consolas, ''Bitstream Vera Sans Mono'', ''Courier New'', Courier, monospace; font-size: 13px; color: rgb(0, 0, 0); border-top-left-radius: 0px !important; border-top-right-radius: 0px !important; border-bottom-right-radius: 0px !important; border-bottom-left-radius: 0px !important; border: 0px !important; bottom: auto !important; float: none !important; height: auto !important; left: auto !important; margin: 0px !important; outline: 0px !important; overflow: visible !important; padding: 0px 1em 0px 0em !important; position: static !important; right: auto !important; top: auto !important; vertical-align: baseline !important; width: auto !important; box-sizing: content-box !important; direction: ltr !important; -webkit-box-shadow: none !important; box-shadow: none !important; white-space: pre !important; background-image: none !important; background-attachment: initial !important; background-size: initial !important; background-origin: initial !important; background-clip: initial !important; background-position: initial !important; background-repeat: initial !important;"><code class="cpp spaces" style="font-size: 1em !important; border-top-left-radius: 0px !important; border-top-right-radius: 0px !important; border-bottom-right-radius: 0px !important; border-bottom-left-radius: 0px !important; border: 0px !important; bottom: auto !important; float: none !important; height: auto !important; left: auto !important; line-height: 1.1em !important; margin: 0px !important; outline: 0px !important; overflow: visible !important; padding: 0px !important; position: static !important; right: auto !important; top: auto !important; vertical-align: baseline !important; width: auto !important; box-sizing: content-box !important; font-family: Consolas, ''Bitstream Vera Sans Mono'', ''Courier New'', Courier, monospace !important; direction: ltr !important; -webkit-box-shadow: none !important; box-shadow: none !important; display: inline !important; background: none !important;">&nbsp;&nbsp;&nbsp;</code><code class="cpp plain" style="font-size: 1em !important; border-top-left-radius: 0px !important; border-top-right-radius: 0px !important; border-bottom-right-radius: 0px !important; border-bottom-left-radius: 0px !important; border: 0px !important; bottom: auto !important; float: none !important; height: auto !important; left: auto !important; line-height: 1.1em !important; margin: 0px !important; outline: 0px !important; overflow: visible !important; padding: 0px !important; position: static !important; right: auto !important; top: auto !important; vertical-align: baseline !important; width: auto !important; box-sizing: content-box !important; font-family: Consolas, ''Bitstream Vera Sans Mono'', ''Courier New'', Courier, monospace !important; direction: ltr !important; -webkit-box-shadow: none !important; box-shadow: none !important; display: inline !important; color: black !important; background: none !important;">b.showA(a);</code></div><div class="line number25 index24 alt2" style="line-height: 14.2560005187988px; font-family: Consolas, ''Bitstream Vera Sans Mono'', ''Courier New'', Courier, monospace; font-size: 13px; color: rgb(0, 0, 0); border-top-left-radius: 0px !important; border-top-right-radius: 0px !important; border-bottom-right-radius: 0px !important; border-bottom-left-radius: 0px !important; border: 0px !important; bottom: auto !important; float: none !important; height: auto !important; left: auto !important; margin: 0px !important; outline: 0px !important; overflow: visible !important; padding: 0px 1em 0px 0em !important; position: static !important; right: auto !important; top: auto !important; vertical-align: baseline !important; width: auto !important; box-sizing: content-box !important; direction: ltr !important; -webkit-box-shadow: none !important; box-shadow: none !important; white-space: pre !important; background-image: none !important; background-attachment: initial !important; background-size: initial !important; background-origin: initial !important; background-clip: initial !important; background-position: initial !important; background-repeat: initial !important;"><code class="cpp spaces" style="font-size: 1em !important; border-top-left-radius: 0px !important; border-top-right-radius: 0px !important; border-bottom-right-radius: 0px !important; border-bottom-left-radius: 0px !important; border: 0px !important; bottom: auto !important; float: none !important; height: auto !important; left: auto !important; line-height: 1.1em !important; margin: 0px !important; outline: 0px !important; overflow: visible !important; padding: 0px !important; position: static !important; right: auto !important; top: auto !important; vertical-align: baseline !important; width: auto !important; box-sizing: content-box !important; font-family: Consolas, ''Bitstream Vera Sans Mono'', ''Courier New'', Courier, monospace !important; direction: ltr !important; -webkit-box-shadow: none !important; box-shadow: none !important; display: inline !important; background: none !important;">&nbsp;&nbsp;&nbsp;</code><code class="cpp keyword bold" style="font-size: 1em !important; border-top-left-radius: 0px !important; border-top-right-radius: 0px !important; border-bottom-right-radius: 0px !important; border-bottom-left-radius: 0px !important; border: 0px !important; bottom: auto !important; float: none !important; height: auto !important; left: auto !important; line-height: 1.1em !important; margin: 0px !important; outline: 0px !important; overflow: visible !important; padding: 0px !important; position: static !important; right: auto !important; top: auto !important; vertical-align: baseline !important; width: auto !important; box-sizing: content-box !important; font-family: Consolas, ''Bitstream Vera Sans Mono'', ''Courier New'', Courier, monospace !important; font-weight: bold !important; direction: ltr !important; -webkit-box-shadow: none !important; box-shadow: none !important; display: inline !important; color: rgb(0, 102, 153) !important; background: none !important;">return</code> <code class="cpp plain" style="font-size: 1em !important; border-top-left-radius: 0px !important; border-top-right-radius: 0px !important; border-bottom-right-radius: 0px !important; border-bottom-left-radius: 0px !important; border: 0px !important; bottom: auto !important; float: none !important; height: auto !important; left: auto !important; line-height: 1.1em !important; margin: 0px !important; outline: 0px !important; overflow: visible !important; padding: 0px !important; position: static !important; right: auto !important; top: auto !important; vertical-align: baseline !important; width: auto !important; box-sizing: content-box !important; font-family: Consolas, ''Bitstream Vera Sans Mono'', ''Courier New'', Courier, monospace !important; direction: ltr !important; -webkit-box-shadow: none !important; box-shadow: none !important; display: inline !important; color: black !important; background: none !important;">0;</code></div><div class="line number26 index25 alt1" style="line-height: 14.2560005187988px; font-family: Consolas, ''Bitstream Vera Sans Mono'', ''Courier New'', Courier, monospace; font-size: 13px; color: rgb(0, 0, 0); border-top-left-radius: 0px !important; border-top-right-radius: 0px !important; border-bottom-right-radius: 0px !important; border-bottom-left-radius: 0px !important; border: 0px !important; bottom: auto !important; float: none !important; height: auto !important; left: auto !important; margin: 0px !important; outline: 0px !important; overflow: visible !important; padding: 0px 1em 0px 0em !important; position: static !important; right: auto !important; top: auto !important; vertical-align: baseline !important; width: auto !important; box-sizing: content-box !important; direction: ltr !important; -webkit-box-shadow: none !important; box-shadow: none !important; white-space: pre !important; background-image: none !important; background-attachment: initial !important; background-size: initial !important; background-origin: initial !important; background-clip: initial !important; background-position: initial !important; background-repeat: initial !important;"><code class="cpp plain" style="font-size: 1em !important; border-top-left-radius: 0px !important; border-top-right-radius: 0px !important; border-bottom-right-radius: 0px !important; border-bottom-left-radius: 0px !important; border: 0px !important; bottom: auto !important; float: none !important; height: auto !important; left: auto !important; line-height: 1.1em !important; margin: 0px !important; outline: 0px !important; overflow: visible !important; padding: 0px !important; position: static !important; right: auto !important; top: auto !important; vertical-align: baseline !important; width: auto !important; box-sizing: content-box !important; font-family: Consolas, ''Bitstream Vera Sans Mono'', ''Courier New'', Courier, monospace !important; direction: ltr !important; -webkit-box-shadow: none !important; box-shadow: none !important; display: inline !important; color: black !important; background: none !important;">}</code></div>', 4, '2014-10-06 00:24:47', '2014-10-06 00:24:47');
INSERT INTO `scenario` (`id`, `summary`, `instruction`, `content`, `usage_count`, `insert_time`, `last_updated_time`) VALUES
(13, 'c# delegates', 'answer based on following code', '<p>class Sample</p><p>{</p><p>&nbsp; &nbsp; public int MyFun(int i)</p><p>&nbsp; &nbsp; {</p><p>&nbsp; &nbsp; &nbsp; &nbsp; Console.WriteLine("Welcome to IndiaBIX.com !" );</p><p>&nbsp; &nbsp; &nbsp; &nbsp; return 0;</p><p>&nbsp; &nbsp; }</p><p>}</p>', 4, '2014-10-06 00:31:15', '2014-10-06 00:31:15'),
(14, 'c# collection', 'please follow instruction to answer questions', '<p>Stack st = new Stack();</p><p>st.Push("hello");</p><p>st.Push(8.2);</p><p>st.Push(5);</p><p>st.Push(''b'');</p><p>st.Push(true);</p>', 4, '2014-10-06 00:35:28', '2014-10-06 00:35:28'),
(15, 'java java.lang', 'answer questions', '<p>public class Myfile&nbsp;</p><p>{&nbsp;</p><p>&nbsp; &nbsp; public static void main (String[] args)&nbsp;</p><p>&nbsp; &nbsp; {</p><p>&nbsp; &nbsp; &nbsp; &nbsp; String biz = args[1];&nbsp;</p><p>&nbsp; &nbsp; &nbsp; &nbsp; String baz = args[2];&nbsp;</p><p>&nbsp; &nbsp; &nbsp; &nbsp; String rip = args[3];&nbsp;</p><p>&nbsp; &nbsp; &nbsp; &nbsp; System.out.println("Arg is " + rip);&nbsp;</p><p>&nbsp; &nbsp; }&nbsp;</p><p>}</p>', 0, '2014-10-06 00:41:13', '2014-10-06 00:41:13'),
(16, 'java garbage collection', 'answer the questions', '<p>void start() { &nbsp;</p><p>&nbsp; &nbsp; A a = new A();&nbsp;</p><p>&nbsp; &nbsp; B b = new B();&nbsp;</p><p>&nbsp; &nbsp; a.s(b); &nbsp;</p><p>&nbsp; &nbsp; b = null; /* Line 5 */</p><p>&nbsp; &nbsp; a = null; &nbsp;/* Line 6 */</p><p>&nbsp; &nbsp; System.out.println("start completed"); /* Line 7 */</p><p>}&nbsp;</p>', 0, '2014-10-06 00:46:18', '2014-10-06 00:46:18');

-- --------------------------------------------------------

--
-- Table structure for table `topic`
--
-- Creation: Oct 03, 2014 at 05:38 PM
--

CREATE TABLE IF NOT EXISTS `topic` (
  `id` int(11) unsigned NOT NULL AUTO_INCREMENT,
  `text` varchar(255) COLLATE utf8mb4_unicode_ci DEFAULT NULL,
  `insert_time` datetime DEFAULT NULL,
  `last_updated_time` datetime DEFAULT NULL,
  `parent_topic_id` int(11) unsigned DEFAULT NULL,
  PRIMARY KEY (`id`),
  KEY `index_foreignkey_topic_topic` (`parent_topic_id`)
) ENGINE=InnoDB  DEFAULT CHARSET=utf8mb4 COLLATE=utf8mb4_unicode_ci AUTO_INCREMENT=13 ;

--
-- RELATIONS FOR TABLE `topic`:
--   `parent_topic_id`
--       `topic` -> `id`
--

--
-- Dumping data for table `topic`
--

INSERT INTO `topic` (`id`, `text`, `insert_time`, `last_updated_time`, `parent_topic_id`) VALUES
(1, 'C++', NULL, NULL, NULL),
(2, 'Aptitude', NULL, NULL, NULL),
(3, 'Data Interpretation', NULL, NULL, NULL),
(4, 'Quantitative Aptitude', NULL, NULL, NULL),
(5, 'C#', NULL, NULL, NULL),
(10, 'c++', '2014-10-05 17:02:09', '2014-10-05 17:02:09', NULL),
(11, 'inheritence', '2014-10-05 17:02:09', '2014-10-05 17:02:09', 10),
(12, 'java', '2014-10-06 00:36:04', '2014-10-06 00:36:04', NULL);

--
-- Constraints for dumped tables
--

--
-- Constraints for table `answer`
--
ALTER TABLE `answer`
  ADD CONSTRAINT `c_fk_answer_question_id` FOREIGN KEY (`question_id`) REFERENCES `question` (`id`) ON DELETE SET NULL ON UPDATE SET NULL;

--
-- Constraints for table `exam`
--
ALTER TABLE `exam`
  ADD CONSTRAINT `c_fk_exam_examiner_id` FOREIGN KEY (`examiner_id`) REFERENCES `examiner` (`id`) ON DELETE SET NULL ON UPDATE SET NULL;

--
-- Constraints for table `examparameter`
--
ALTER TABLE `examparameter`
  ADD CONSTRAINT `c_fk_examparameter_exam_id` FOREIGN KEY (`exam_id`) REFERENCES `exam` (`id`) ON DELETE SET NULL ON UPDATE SET NULL,
  ADD CONSTRAINT `c_fk_examparameter_level_id` FOREIGN KEY (`level_id`) REFERENCES `level` (`id`) ON DELETE SET NULL ON UPDATE SET NULL,
  ADD CONSTRAINT `c_fk_examparameter_topic_id` FOREIGN KEY (`topic_id`) REFERENCES `topic` (`id`) ON DELETE SET NULL ON UPDATE SET NULL;

--
-- Constraints for table `question`
--
ALTER TABLE `question`
  ADD CONSTRAINT `c_fk_question_level_id` FOREIGN KEY (`level_id`) REFERENCES `level` (`id`) ON DELETE SET NULL ON UPDATE SET NULL,
  ADD CONSTRAINT `c_fk_question_question_type_id` FOREIGN KEY (`question_type_id`) REFERENCES `questiontype` (`id`) ON DELETE SET NULL ON UPDATE SET NULL,
  ADD CONSTRAINT `c_fk_question_scenario_id` FOREIGN KEY (`scenario_id`) REFERENCES `scenario` (`id`) ON DELETE SET NULL ON UPDATE SET NULL;

--
-- Constraints for table `questionpaper`
--
ALTER TABLE `questionpaper`
  ADD CONSTRAINT `c_fk_questionpaper_candidate_id` FOREIGN KEY (`candidate_id`) REFERENCES `candidate` (`id`) ON DELETE SET NULL ON UPDATE SET NULL,
  ADD CONSTRAINT `c_fk_questionpaper_exam_id` FOREIGN KEY (`exam_id`) REFERENCES `exam` (`id`) ON DELETE SET NULL ON UPDATE SET NULL,
  ADD CONSTRAINT `c_fk_questionpaper_status_id` FOREIGN KEY (`status_id`) REFERENCES `questionpaperstatus` (`id`) ON DELETE SET NULL ON UPDATE SET NULL;

--
-- Constraints for table `questionpaperdetail`
--
ALTER TABLE `questionpaperdetail`
  ADD CONSTRAINT `c_fk_questionpaperdetail_question_id` FOREIGN KEY (`question_id`) REFERENCES `question` (`id`) ON DELETE SET NULL ON UPDATE SET NULL,
  ADD CONSTRAINT `c_fk_questionpaperdetail_question_paper_id` FOREIGN KEY (`question_paper_id`) REFERENCES `questionpaper` (`id`) ON DELETE SET NULL ON UPDATE SET NULL;

--
-- Constraints for table `questiontopicrelation`
--
ALTER TABLE `questiontopicrelation`
  ADD CONSTRAINT `c_fk_questiontopicrelation_question_id` FOREIGN KEY (`question_id`) REFERENCES `question` (`id`) ON DELETE SET NULL ON UPDATE SET NULL,
  ADD CONSTRAINT `c_fk_questiontopicrelation_topic_id` FOREIGN KEY (`topic_id`) REFERENCES `topic` (`id`) ON DELETE SET NULL ON UPDATE SET NULL;

--
-- Constraints for table `result`
--
ALTER TABLE `result`
  ADD CONSTRAINT `c_fk_result_candidate_id` FOREIGN KEY (`candidate_id`) REFERENCES `candidate` (`id`) ON DELETE SET NULL ON UPDATE SET NULL,
  ADD CONSTRAINT `c_fk_result_question_paper_id` FOREIGN KEY (`question_paper_id`) REFERENCES `questionpaper` (`id`) ON DELETE SET NULL ON UPDATE SET NULL;

--
-- Constraints for table `resultdetail`
--
ALTER TABLE `resultdetail`
  ADD CONSTRAINT `c_fk_resultdetail_question_id` FOREIGN KEY (`question_id`) REFERENCES `question` (`id`) ON DELETE SET NULL ON UPDATE SET NULL,
  ADD CONSTRAINT `c_fk_resultdetail_result_id` FOREIGN KEY (`result_id`) REFERENCES `result` (`id`) ON DELETE SET NULL ON UPDATE SET NULL;

--
-- Constraints for table `topic`
--
ALTER TABLE `topic`
  ADD CONSTRAINT `c_fk_topic_parent_topic_id` FOREIGN KEY (`parent_topic_id`) REFERENCES `topic` (`id`) ON DELETE SET NULL ON UPDATE SET NULL;
SET FOREIGN_KEY_CHECKS=1;
COMMIT;
